Date,Returns,ReturnVelocity,ReturnAcceleration,SmaDiffWeekMonth,VolumeVelocity,IsBiggestVolume,WeekMomentum,MonthMomentum,SeasonVolatility
2018-02-15 00:00:00-05:00,0.3140442067021312,-0.21393412195119887,-0.926634189233774,-2.322638905129336,-0.8247334292022104,0,0.7374100102705107,-1.0423461981471858,0.4538726537462082
2018-02-16 00:00:00-05:00,0.9175671387436093,0.6035229320414781,0.817457053992677,-2.031521121166328,1.2002266373858892,0,0.5057509022866135,-1.1352469636578137,0.41345736159778257
2018-02-20 00:00:00-05:00,-0.13903570729140405,-1.0566028460350134,-1.6601257780764915,-1.775225599956806,0.3205102671651775,0,0.4692781222198586,-1.3980127493441175,0.3866679404301829
2018-02-21 00:00:00-05:00,-1.9549291953353385,-1.8158934880439344,-0.7592906420089209,-1.4931609214488712,-0.5820118243503428,0,-0.1374050402551673,-1.7334947929435593,0.36054018841444074
2018-02-22 00:00:00-05:00,1.3165211943259507,3.271450389661289,5.087343877705224,-1.302134416981693,-0.8371228524413378,0,0.12616855386801692,-1.6322461012516223,0.4313791837423669
2018-02-23 00:00:00-05:00,1.552825716208705,0.2363045218827542,-3.0351458677785352,-1.064643912486747,-0.8036749990197604,0,0.5443741462762086,-1.3311818467383019,0.45610763476764293
2018-02-26 00:00:00-05:00,0.05839571597041444,-1.4944300002382904,-1.7307345221210446,-0.7727299197277128,0.06153722484000535,1,0.2524969370741642,-1.4618285394439794,0.47623150143550286
2018-02-27 00:00:00-05:00,-1.8465625098497969,-1.9049582258202113,-0.4105282255819209,-0.5266819904822378,-0.1682813393120693,0,-0.3287299163178646,-1.5760185482763702,0.44901577407665333
2018-02-28 00:00:00-05:00,-1.4650094321712377,0.38155307767855917,2.2865113034987705,-0.39714329089346356,0.9241713105288138,0,-0.1617812899459435,-1.5678301899164946,0.5053492713549812
2018-03-01 00:00:00-05:00,-1.4429334537020304,0.02207597846920728,-0.3594770992093519,-0.23417214098816727,-0.2780812259014197,0,-1.0762974028156922,-1.7205207140549978,0.5121572789665646
2018-03-02 00:00:00-05:00,-0.6568385890149816,0.7860948646870488,0.7640188862178415,-0.25466871143572317,-0.35486517791315864,0,-1.7870036903157103,-1.7447736427733667,0.5481766296473938
2018-03-05 00:00:00-05:00,1.837927566580583,2.4947661555955647,1.7086712909085158,-0.4349509033447176,-0.11323322099988996,0,-1.218734560927391,-0.9948685251328512,0.44455055418754097
2018-03-06 00:00:00-05:00,-0.055008247403115176,-1.8929358139836983,-4.387701969579263,-0.5807092808125572,-0.36285348672049417,0,-0.6251503997974878,-0.061382723695910434,0.48488876895870897
2018-03-07 00:00:00-05:00,-1.1239980811800474,-1.0689898337769321,0.8239459802067661,-0.6990057340445105,-0.4146797717940528,1,-0.5105485230545095,-0.9412590894371478,0.46235948954870165
2018-03-08 00:00:00-05:00,-0.35838852225597573,0.7656095589240717,1.8345993927010038,-0.6914927050721327,-0.17882334146225884,1,-0.14489179218758344,-1.0191894308208929,0.47716269449341
2018-03-09 00:00:00-05:00,2.371613604086015,2.730002126341991,1.9643925674179192,-0.5960358668487958,-0.3096881781062858,1,0.8792250574812915,0.26006455179178123,0.4680339783822876
2018-03-12 00:00:00-04:00,-1.344981062551014,-3.716594666637029,-6.44659679297902,-0.4271319735179727,0.16685892564614255,1,-0.20276422013119172,-0.23710185719931753,0.5607436661848253
2018-03-13 00:00:00-04:00,-0.7567699377751733,0.5882111247758406,4.3048057914128695,-0.43345432890986446,0.4756313184333192,0,-0.43824018725060554,-0.3577455379080418,0.592051669881691
2018-03-14 00:00:00-04:00,-0.52705884363853,0.22971109413664337,-0.3585000306391972,-0.47721912219201784,-0.8692893193341786,0,-0.2371934389913461,-0.4144478784322457,0.5935951125671868
2018-03-15 00:00:00-04:00,0.3720285676543787,0.8990874112929086,0.6693763171562652,-0.47133265385323553,-0.5128549852936907,0,0.008391692186244446,-0.4400072243634351,0.5942036966120738
2018-03-16 00:00:00-04:00,0.4998055560581204,0.1277769884037417,-0.771310422889167,-0.4103668735489859,2.9825857359382875,1,-0.6086657663176559,-0.40954431758186693,0.5956624974968385
2018-03-19 00:00:00-04:00,-1.0393553762826315,-1.539160932340752,-1.6669379207444937,-0.4858184891560128,-1.3528108439523978,0,-0.5060296560349125,-0.7291305512775929,0.5749752215080516
2018-03-20 00:00:00-04:00,0.5985273744339018,1.6378827507165332,3.1770436830572852,-0.5021310638384486,-0.49742162290251685,0,-0.052185722223502595,-0.6097646273201608,0.5831978511293499
2018-03-21 00:00:00-04:00,-0.07855496202917578,-0.6770823364630776,-2.314965087179611,-0.4347782816727852,-0.5855649583391129,0,0.09970275501980157,-0.2981868225664326,0.5802430733169931
2018-03-22 00:00:00-04:00,-1.533570895934815,-1.4550159339056394,-0.7779335974425619,-0.3703189922911385,1.238242738961556,1,-0.5427426814321851,-0.7649368822165039,0.5762276182092423
2018-03-23 00:00:00-04:00,-1.9909791369568035,-0.4574082410219884,0.997607692883651,-0.390249862801764,0.25102855438200894,0,-1.3654848966625965,-1.3276557330826477,0.6131630995419761
2018-03-26 00:00:00-04:00,2.6659086301130794,4.6568877670698825,5.114296008091871,-0.5219113236734608,0.44535188344320703,0,-0.1533518654784693,-0.922090564905528,0.6446011923455227
2018-03-27 00:00:00-04:00,-0.9638390466961301,-3.6297476768092096,-8.286635443879092,-0.44054776243269944,-1.1334297904221395,0,-0.6749651658581958,-0.7784822479543694,0.7822039491381685
2018-03-28 00:00:00-04:00,0.04582107075146159,1.0096601174475917,4.639407794256801,-0.48726514889055406,-0.3821666683077405,0,-0.6338087495782894,-0.5314384337129157,0.7948970883012528
2018-03-29 00:00:00-04:00,1.9912877752824445,1.9454667045309828,0.9358065870833912,-0.5529407624625667,-0.08398965919764599,1,0.5512866828849621,0.03859153946770135,0.7953429513673225
2018-04-02 00:00:00-04:00,-2.9959636212816356,-4.98725139656408,-6.9327181010950625,-0.4310520106421788,1.5978538845025498,0,0.19967119436290123,-0.3600182489267661,0.863077791705192
2018-04-03 00:00:00-04:00,0.49739959918313903,3.493363220464775,8.480614617028856,-0.34151613042902124,-0.8931240116848539,0,-0.5171872843362779,-0.5776141222575285,1.0048936177030945
2018-04-04 00:00:00-04:00,2.1178823349747193,1.6204827357915803,-1.8728804846731946,-0.3768434328933377,-0.4254548751128413,0,0.5165890601558899,-0.22295884931195187,0.9968107187388355
2018-04-05 00:00:00-04:00,0.9524388711808124,-1.165443463793907,-2.7859261995854876,-0.23465534301762664,-0.7058236553887475,0,0.8270166460294439,0.12706546652637346,1.0613190186463501
2018-04-06 00:00:00-04:00,-2.6126600628498124,-3.5650989340306247,-2.3996554702367177,-0.06525264931349506,0.8916873296937021,1,-0.7333267971269145,-0.25793545352358505,1.0806162157280854
2018-04-09 00:00:00-04:00,-1.1120376988723044,1.500622363977508,5.065721298008133,-0.18202445109166165,-0.23366987895338814,0,-0.09231455248961538,-0.8239312054013678,1.1825260671167899
2018-04-10 00:00:00-04:00,0.5680749660553671,1.6801126649276714,0.17949030095016338,-0.10107407264796656,-0.31205110890218674,0,-0.06865213140572723,-0.5123792889576,1.194058226693267
2018-04-11 00:00:00-04:00,-0.3631324879477493,-0.9312074540031164,-2.611320118930788,-0.04964234673412971,-0.4706530154430148,0,-0.8867001612519932,-0.4474174376095816,1.1546788107361985
2018-04-12 00:00:00-04:00,0.2892540907855232,0.6523865787332725,1.5835940327363889,-0.1780208761703985,-0.6932655394398426,0,-1.1025179531832545,-0.312479593279204,1.1349976285017147
2018-04-13 00:00:00-04:00,-0.3230397952815728,-0.612293886067096,-1.2646804648003687,-0.3684373120781397,0.5913396823632054,1,-0.335212910431248,-0.4272807624476527,1.1386836056209722
2018-04-16 00:00:00-04:00,0.9432715919321932,1.266311387213766,1.8786052732808618,-0.38174443253072554,-0.6478683397087155,0,0.3590646588049156,-0.3546352624927741,1.0691401101905262
2018-04-17 00:00:00-04:00,0.27518145671006033,-0.6680901352221329,-1.9344015224358988,-0.2595721374821451,-0.48461817101469257,0,0.25975695607245347,-0.13498285218263803,1.087194679826594
2018-04-18 00:00:00-04:00,2.8243368741111,2.54915541740104,3.2172455526231727,-0.18082597833925754,2.2918693963652643,1,1.3474155563433656,0.23574314218718878,1.0393872846811172
2018-04-19 00:00:00-04:00,-1.540184857238945,-4.364521731350045,-6.913677148751085,0.08203315264703386,-0.3634760970596615,0,0.707377178033528,-0.014775284524300056,1.1465127646595596
2018-04-20 00:00:00-04:00,-0.03951702758396121,1.5006678296549838,5.865189561005029,0.2403284390111679,-0.3542517701163491,0,0.8053578167176787,0.24128330112086466,1.174935609089455
2018-04-23 00:00:00-04:00,0.3672133034020291,0.4067303309859903,-1.0939374986689936,0.3916204156169348,-1.263413037922375,0,0.608220098383605,0.6534896002133201,1.1622207200504002
2018-04-24 00:00:00-04:00,-0.7880332200830502,-1.1552465234850793,-1.5619768544710695,0.4622647949646091,1.1850031060937876,1,0.24403458316040377,0.06326675697583359,1.1677526851283264
2018-04-25 00:00:00-04:00,0.6411002250370967,1.429133445120147,2.5843799686052265,0.5174995704237839,0.5650757930122423,0,-0.47752244364281393,0.33801179554147054,1.150413069745684
2018-04-26 00:00:00-04:00,4.695860570575781,4.054760345538684,2.6256269004185366,0.39192267685774745,1.4257396005407792,0,1.6291425439797298,1.1387753886057372,1.1500280275109571
2018-04-27 00:00:00-04:00,0.3984608465866052,-4.297399723989176,-8.352160069527859,0.6280661777038482,-1.5322903828599233,0,1.7841096574784854,0.8572077733352589,1.5347139621494348
2018-04-30 00:00:00-04:00,-0.8902755248452807,-1.2887363714318858,3.00866335255729,0.9240454454998182,-0.28257465067667636,0,1.3390413227851408,1.242460219011997,1.5370860377807822
2018-05-01 00:00:00-04:00,-0.09200363215643168,0.798271892688849,2.087008264120735,1.0907458127895642,-0.6459996362116085,1,1.5851361428329471,1.1361132003802,1.5452984187571532
2018-05-02 00:00:00-04:00,0.6932801017099764,0.7852837338664082,-0.012988158822440865,1.316982458827263,0.2054441874073213,1,1.6034509644305865,0.8846323750961581,1.3982812126041648
2018-05-03 00:00:00-04:00,-1.463054866910017,-2.1563349686199933,-2.9416187024864016,1.573237597657721,0.0325849553072763,0,-0.47564656719550175,0.459327025916305,0.8542994592303961
2018-05-04 00:00:00-04:00,1.0044255996060587,2.4674804665160757,4.623815435136069,1.4313528089124021,-0.3031931614354896,0,-0.274880632941131,1.1037192834447491,0.5608929147461188
2018-05-07 00:00:00-04:00,-0.7944919617495055,-1.7989175613555641,-4.26639802787164,1.2682539259024765,-0.3730883629696609,0,-0.24253930980590227,1.1615015777291604,0.5796766541417584
2018-05-08 00:00:00-04:00,0.8062710325676126,1.600762994317118,3.399680555672682,1.1080561615335447,0.2999751864019533,0,0.05863053285390162,1.2042577411806759,0.1010226839109269
2018-05-09 00:00:00-04:00,0.7133858866209654,-0.09288514594664721,-1.693648140263765,1.0088959298505724,-0.6641883368862851,0,0.06537908215578413,1.3997605830704425,0.0682368198855821
2018-05-10 00:00:00-04:00,0.4292787694708784,-0.28410711715008696,-0.19122197120343976,0.8918261997048909,0.22111802415386927,1,0.7145741393545323,1.4252975320113572,0.07632188018266665
2018-05-11 00:00:00-04:00,1.6830294789751343,1.253750709504256,1.537857826654343,0.9126388965877856,0.9267882624591056,0,0.9460542995135538,1.7939149971434039,0.07800166474485806
2018-05-14 00:00:00-04:00,0.40462339361591165,-1.2784060853592227,-2.5321567948634787,0.9487591148644366,0.7144088321287125,0,1.3653023886754474,1.6942124406430314,0.12066300515074052
2018-05-15 00:00:00-04:00,-1.6223865908017352,-2.027009984417647,-0.7486038990584243,1.0831417934780734,1.0681620197571449,0,0.5195512636836168,1.3425235121430916,0.12158868045199175
2018-05-16 00:00:00-04:00,-0.851131152758374,0.7712554380433612,2.798265422461008,1.0700336385670368,-1.5373103412477167,0,-0.012637465069069993,0.6907835484559934,0.1576372096652237
2018-05-17 00:00:00-04:00,-0.5633638939504179,0.28776725880795617,-0.483488179235405,1.0054941043720254,-0.5975250604214257,0,-0.34599151213297114,0.8652072192329432,0.1706498152396618
2018-05-18 00:00:00-04:00,1.1277373671498465,1.6911012611002643,1.4033340022923082,0.8496988858970286,0.1556814294960557,1,-0.5283526301822217,1.0725428997769186,0.10739762129234441
2018-05-21 00:00:00-04:00,1.2645179368467436,0.13678056969689711,-1.5543206914033671,0.629867786418423,-0.4738031189522829,0,-0.24392452117154703,1.2331359930940085,0.0995045448212207
2018-05-22 00:00:00-04:00,-1.5385452204452328,-2.8030631572919766,-2.9398437269888738,0.45686239522995087,0.1400515877489946,1,-0.21537842621738165,1.0960358732551403,0.08551076128443201
2018-05-23 00:00:00-04:00,-0.10701985753178432,1.4315253629134486,4.234588520205425,0.30627251741232026,1.5336286534861758,0,0.03621814564311341,0.9623324954887678,0.1282823772141928
2018-05-24 00:00:00-04:00,0.2571283979205549,0.36414825545233925,-1.0673771074611094,0.2250233440264521,-1.4371035607514369,0,0.31491359256744555,0.2054377928183038,0.06707780641006669
2018-05-25 00:00:00-04:00,-0.160289618972723,-0.41741801689327795,-0.7815662723456172,0.28355820909929924,-0.998035370880593,1,-0.11882223892618586,0.11029352486522252,0.027405006728035013
2018-05-29 00:00:00-04:00,-0.9900998359397146,-0.8298102169669916,-0.4123922000737137,0.25684067249487064,1.8636515617882212,1,-0.8673695904194838,0.09317019999234073,-0.012230286202597999
2018-05-30 00:00:00-04:00,1.6959015104921582,2.6860013464318726,3.5158115633988642,0.06312328039879889,-0.5882578707826351,0,0.21246871508684634,0.39710093578652916,-0.0015817738617208662
2018-05-31 00:00:00-04:00,-0.28860711712810694,-1.984508627620265,-4.670509974052138,0.07875542065954906,0.4480992646890056,0,0.15075061027104197,0.22852533463720426,-0.01005480036720882
2018-06-01 00:00:00-04:00,0.4288084449096748,0.7174155620377818,2.7019241896580466,0.098900508425698,-0.7967853700222479,0,0.20878381478525335,0.5572017595023321,-0.008024643768657668
2018-06-04 00:00:00-04:00,2.140413107792749,1.7116046628830743,0.9941891008452926,0.09676578841248724,0.14444876580207383,0,0.9910818392675421,0.7534339544367116,-0.031761338307892815
2018-06-05 00:00:00-04:00,0.3030766724303831,-1.837336435362366,-3.5489410982454404,0.24609774645614788,-0.06495427307945151,0,1.4446980020059508,0.9486386309874646,0.03635288421111029
2018-06-06 00:00:00-04:00,0.8596657340070595,0.5565890615766764,2.393925496939042,0.4722723457483124,-0.21390475674840007,0,1.1553834610991518,0.9580875776549308,-0.05237269098719558
2018-06-07 00:00:00-04:00,1.3327108689348537,0.4730451349277942,-0.08354392664888222,0.6374915636321267,0.011743765927966854,0,1.7227744835500758,1.0678450664241779,-0.08090019440739621
2018-06-08 00:00:00-04:00,1.1010552917674914,-0.2316555771673623,-0.7047007120951565,0.9155320427419273,-0.3855097529490399,0,1.960149159211349,1.187969043388625,-0.07142637357943604
2018-06-11 00:00:00-04:00,0.6605391413972543,-0.44051615037023706,-0.20886057320287477,1.234581607720538,0.012007444866549533,1,1.442913546284733,1.0061784928460764,-0.06588139350111819
2018-06-12 00:00:00-04:00,0.8364825525590532,0.1759434111617989,0.616459561532036,1.4632968305958578,0.0918699555111963,0,1.630010400575168,1.0831552776771287,-0.062725595891646
2018-06-13 00:00:00-04:00,-0.4967147928909027,-1.333197345449956,-1.509140756611755,1.7267840548944695,0.15444872127578932,0,1.1543572296936018,1.2888157476010125,-0.05729947044979215
2018-06-14 00:00:00-04:00,-0.3195194773769582,0.17719531551394452,1.5103926609639005,1.862656028715831,-0.5930131351296306,0,0.5854162670919512,1.3862884943428677,-0.07621372973956506
2018-06-15 00:00:00-04:00,0.4357247730797831,0.7552442504567413,0.5780489349427967,1.8593580188813372,2.0997229917247697,0,0.3595306973359344,1.5699239029522458,-0.07373614950774937
2018-06-18 00:00:00-04:00,0.07479371176248788,-0.3609310613172952,-1.1161753117740365,1.7848819930246016,-1.710765478645809,0,0.1611091110970723,1.377714135830096,-0.07435324527968103
2018-06-19 00:00:00-04:00,-0.7374565695893317,-0.8122502813518195,-0.45131922003452435,1.6831194376428147,1.5577080573846809,1,-0.3680362030867531,1.0165569442721518,-0.12885529145374916
2018-06-20 00:00:00-04:00,-0.06526321359591487,0.6721933559934168,1.4844436373452363,1.4931822175210971,-1.2092258140498604,0,-0.22333669104481227,1.2845001567995376,-0.20048868045192253
2018-06-21 00:00:00-04:00,0.6178617167128427,0.6831249303087576,0.010931574315340864,1.3103484831882517,0.910934236201889,1,0.09184253880581203,1.4163882043072704,-0.302576036010489
2018-06-22 00:00:00-04:00,-1.4477694259122917,-2.0656311426251346,-2.748756072933892,1.1884040972747996,1.0767611478079564,0,-0.542600309647762,1.1050757056312572,-0.32520745753646874
2018-06-25 00:00:00-04:00,-0.5217445780340446,0.9260248478782471,2.9916559905033817,0.9487048672908268,-0.8248576406744168,0,-0.7404832244707316,1.0399255385076107,-0.2759514213892576
2018-06-26 00:00:00-04:00,-0.010191931971923947,0.5115526460621207,-0.41447220181612643,0.6688759514012597,-1.1493295346453063,0,-0.49871166799087197,1.2173837683235451,-0.3234460958779265
2018-06-27 00:00:00-04:00,-0.6824115025131989,-0.672219570541275,-1.1837722166033957,0.4294992605051022,0.27146490939133555,1,-0.7039892513984383,0.7939044741110944,-0.5033747176452784
2018-06-28 00:00:00-04:00,0.09741907460181388,0.7798305771150128,1.452050147656288,0.18629941553152551,-0.7194572173036647,0,-0.8748632382340578,0.8623683250931642,-0.49041595147190337
2018-06-29 00:00:00-04:00,-0.05636513027862798,-0.15378420488044187,-0.9336147819954547,-0.10610557842888646,0.8736063566717663,1,-0.41086872953918807,0.7766040817557457,-0.5557527390358225
2018-07-02 00:00:00-04:00,-0.5535514696923949,-0.4971863394137669,-0.343402134533325,-0.2770615205505215,-0.34149908790401545,0,-0.4215250607538828,0.3106334642067584,-0.5657770733973109
2018-07-03 00:00:00-04:00,-0.2061582932060624,0.3473931764863325,0.8445795159000994,-0.3988135268898351,-1.7480436062195281,0,-0.48682331234336323,0.22330418192580614,-0.6936380513106388
2018-07-05 00:00:00-04:00,0.40800865550543913,0.6141669487115016,0.26677377222516907,-0.525998436391781,2.304102494310289,1,-0.1217404293096908,0.1466674964772866,-0.7211219930707389
2018-07-06 00:00:00-04:00,0.03599779636428459,-0.37201085914115456,-0.9861778078526562,-0.5588015801914625,-0.5936421100477248,0,-0.14236865738771629,-0.07134956118721596,-0.7227144079543847
2018-07-09 00:00:00-04:00,0.822735901988023,0.7867381056237385,1.158748964764893,-0.571178692720771,-0.12643992014950084,0,0.1531487256960464,-0.11765059286995388,-0.7279555081581346
2018-07-10 00:00:00-04:00,0.7802782894472731,-0.04245761254074998,-0.8291957181644884,-0.5090939912177386,0.1352317963711586,0,0.6077324110039889,-0.0976987693644541,-0.72155200333141
2018-07-11 00:00:00-04:00,-0.33400496348512243,-1.1142832529323954,-1.0718256403916455,-0.3441759946851509,0.30192846666138773,0,0.5637301821577265,-0.2926253578190842,-0.7215946070650329
2018-07-12 00:00:00-04:00,0.5077632886766225,0.8417682521617449,1.9560515050941403,-0.1662796561253348,-0.6509265193089514,0,0.5978099778737935,-0.12507153234330162,-0.7250391167933885
2018-07-13 00:00:00-04:00,0.37382343205778046,-0.133939856618842,-0.9757081087805869,-5.295854380054519e-05,-0.5591525942938925,0,0.7137677357811317,-0.008457329693683993,-0.7236272028211156
2018-07-16 00:00:00-04:00,0.09561965742502244,-0.278203774632758,-0.14426391801391603,0.179254336874633,0.11470382904949172,1,0.46529826006721875,-0.06562477469776729,-0.8445991193025318
2018-07-17 00:00:00-04:00,1.116260902287873,1.0206412448628503,1.2988450194956083,0.30865109153437675,2.1722844444996494,0,0.5793299389895489,0.10946935263287573,-0.8975428598010808
2018-07-18 00:00:00-04:00,-0.06465841019281722,-1.18091931248069,-2.2015605573435404,0.4449924021906587,-0.6683460161921232,0,0.6720757135867315,0.22469426450343552,-0.8844492608417107
2018-07-19 00:00:00-04:00,0.826001596036495,0.8906600062293123,2.0715793187100022,0.5890817568666535,-0.22134746830928617,0,0.7810325937164825,0.3773351854437002,-0.8833466218662791
2018-07-20 00:00:00-04:00,-0.08883861888121994,-0.914840214917715,-1.8055002211470272,0.7417226435854972,-0.24582435903084113,0,0.6219150157957886,0.2560530103355676,-0.8955689499120804
2018-07-23 00:00:00-04:00,-0.10865628395508874,-0.019817665073868798,0.8950225498438461,0.8715232220360004,-1.156454924823012,0,0.5517904094912515,0.4890372268316207,-0.8964796175993116
2018-07-24 00:00:00-04:00,-0.11868861473394586,-0.010032330778857124,0.009785334295011675,0.9578565889420095,3.2508833897447977,1,0.13298790177929937,0.5594537008050119,-1.2525736815511728
2018-07-25 00:00:00-04:00,-0.4901136884681344,-0.37142507373418854,-0.3613927429553314,0.9372286457762632,-0.5191120518113906,0,-0.011216699915723835,0.47569925623311454,-1.2523829210995119
2018-07-26 00:00:00-04:00,-0.7960223476862042,-0.30590865921806976,0.06551641451611878,0.8917489012453695,-0.21556778737253063,0,-0.5538121520258157,0.4558338578373132,-1.2642461193430272
2018-07-27 00:00:00-04:00,-1.1334077081122498,-0.3373853604260456,-0.031476701207975855,0.7176750235032356,-0.4143024777870039,0,-0.9007655435330663,0.24253887868091772,-1.2495578271458676
2018-07-30 00:00:00-04:00,0.07101607507573417,1.204423783187984,1.5418091436140298,0.4845366302571164,-1.247833453873439,0,-0.8416996270406605,0.2643754009896102,-1.2272525528319531
2018-07-31 00:00:00-04:00,0.12167540466501546,0.05065932958928129,-1.1537644535987028,0.26337083248982224,0.3987806801835716,1,-0.7625317118274002,0.3808541962355057,-1.2716354761582995
2018-08-01 00:00:00-04:00,-0.6176923023259059,-0.7393677069909214,-0.7900270365802027,0.04824471346088563,0.13590291652243577,0,-0.8048102057633025,0.30963005056224746,-1.2851740080403269
2018-08-02 00:00:00-04:00,-0.32600282524667384,0.29168947707923204,1.0310571840701535,-0.16789027178521268,0.2569600500262945,0,-0.6487696396997003,0.18389247174784454,-1.290349124506039
2018-08-03 00:00:00-04:00,-0.010229436939042592,0.31577338830763124,0.024083911228399202,-0.33099626070734545,-1.1114921320929445,0,-0.2728434152789126,0.17600231358704468,-1.2953571002937234
2018-08-06 00:00:00-04:00,0.025549796041841797,0.03577923298088439,-0.2799941553267469,-0.40304033144307305,0.09585340947117503,1,-0.2880485616504335,0.04106109688910082,-1.3018004166460748
2018-08-07 00:00:00-04:00,0.6949934663097298,0.669443670267888,0.6336644372870036,-0.4631104201805275,0.43735015104621294,0,-0.09649966488693398,0.02673288326584653,-1.3037591630788772
2018-08-08 00:00:00-04:00,0.49224336243308936,-0.20275010387664044,-0.8721937741445285,-0.4763927565978788,-0.9420074846741078,0,0.2792344585560885,0.1669792949750707,-1.342506783834483
2018-08-09 00:00:00-04:00,0.030313874290581404,-0.46192948814250795,-0.2591793842658675,-0.4179310304261958,0.2154795425409116,1,0.4008445669627539,0.08595011124071608,-1.34133874809387
2018-08-10 00:00:00-04:00,-0.8986535588094858,-0.9289674331000672,-0.4670379449575593,-0.32183812640368636,0.3040845535472931,0,0.09750441496942706,-0.12926620872741462,-1.3927802847324158
2018-08-13 00:00:00-04:00,-1.1003352161583964,-0.20168165734891053,0.7272857757511567,-0.27122704669124265,2.17276031148096,0,-0.2833615843736516,-0.3295309705476912,-1.39114633931889
2018-08-14 00:00:00-04:00,-0.5356962085512833,0.564639007607113,0.7663206649560236,-0.28591722029843375,3.0744087260926687,0,-0.6922583400719075,-0.6000901860429191,-1.373592358823328
2018-08-15 00:00:00-04:00,0.46090590922211433,0.9966021177733977,0.43196311016628464,-0.3644021938393164,-1.4562405345248497,0,-0.7025637082409136,-0.5144184470587868,-1.3865401662254988
2018-08-16 00:00:00-04:00,0.7216922048451581,0.26078629562304373,-0.7358158221503539,-0.4563689892838893,-0.3146738694015265,0,-0.4742242135672055,-0.5313602515201366,-1.4094596463331155
2018-08-17 00:00:00-04:00,0.08698220924232916,-0.6347099956028289,-0.8954962912258726,-0.49178745540225965,-1.0252230254631012,0,-0.14337874861360708,-0.5025719805457884,-1.4474183141288732
2018-08-20 00:00:00-04:00,1.2119011771279613,1.1249189678856322,1.7596289634884612,-0.45224270739101213,-0.8101875564910289,1,0.64208064544484,-0.28592516815513597,-1.4480872042384971
2018-08-21 00:00:00-04:00,1.1620323796727223,-0.04986879745523898,-1.1747877653408711,-0.2564353105340918,0.9380985783873418,1,1.2289265840231647,-0.07301476808633343,-1.4266001859310464
2018-08-22 00:00:00-04:00,-0.6292726404512602,-1.7913050201239824,-1.7414362226687434,0.048244020201161586,0.43888288828966976,0,0.8494596574447656,-0.0965330077847791,-1.4086371845843098
2018-08-23 00:00:00-04:00,0.598076100675754,1.227348741127014,3.0186537612509965,0.269106170208195,-0.928477898814666,0,0.8070087669676805,0.1394694303695431,-1.4206126290083305
2018-08-24 00:00:00-04:00,0.5695647919858369,-0.028511308689917136,-1.2558600498169312,0.45344219836863936,-0.5656379980607488,0,0.9735782646381954,0.4328090946860672,-1.4602677528777446
2018-08-27 00:00:00-04:00,0.3377823930457009,-0.23178239894013597,-0.20327109025021883,0.642610940083395,-0.6320972345760347,0,0.6737798902924725,0.4789889333725474,-1.4597095380543834
2018-08-28 00:00:00-04:00,-0.004937623067483407,-0.3427200161131843,-0.11093761717304834,0.7583253474635233,0.9370963800576766,1,0.2768027804829768,0.4570236808097063,-1.4605286806991524
2018-08-29 00:00:00-04:00,0.3682591187860591,0.3731967418535425,0.7159167579667268,0.7835823591388781,-0.9572424299228051,0,0.6182728095193093,0.6291244466387445,-1.5330970898160525
2018-08-30 00:00:00-04:00,-1.1999260423156233,-1.5681851611016824,-1.9413819029552248,0.8697273327141779,0.22293287498064523,1,0.004195880370322302,0.4755160064084994,-1.5325373429213396
2018-08-31 00:00:00-04:00,0.7578127835369309,1.9577388258525543,3.5259239869542367,0.8281123378442881,1.0179833911537342,0,0.06735755360388454,0.6089076409976778,-1.5146470773060046
2018-09-04 00:00:00-04:00,2.1467438388704156,1.3889310553334848,-0.5688077705190695,0.7862266250511651,0.25301446971479535,0,0.6768478830137775,0.980008263560727,-1.534772230134913
2018-09-05 00:00:00-04:00,-0.4534858244525731,-2.6002296633229887,-3.9891607186564735,0.8482470267145441,-0.716212057827154,0,0.5224673275229086,0.7761862434614721,-1.4769450124410486
2018-09-06 00:00:00-04:00,0.8523105964327458,1.305796420885319,3.9060260842083077,0.8961361954253239,-0.28381207811831366,0,0.6877033360196562,0.8394864389407967,-1.4787650815446383
2018-09-07 00:00:00-04:00,0.1651329170163811,-0.6871776794163647,-1.9929741003016836,0.9766427143290444,-0.006959801843011677,0,1.1633595096808151,0.8633825324418651,-1.4783200236986611
2018-09-10 00:00:00-04:00,2.1626496833578286,1.9975167663414475,2.6846944457578124,1.1659696925764036,1.2858080956353959,0,1.6499968999771741,1.4118097977730921,-1.4834510237885543
2018-09-11 00:00:00-04:00,1.4998130083403494,-0.6628366750174792,-2.660353441358927,1.4116202106835891,0.03800864348458345,0,1.4258642952457825,1.8929904108680005,-1.4096842461785333
2018-09-12 00:00:00-04:00,-0.8744246262720206,-2.3742376346123697,-1.7114009595948905,1.557052929394849,-0.293861504536045,0,1.2771662239866892,1.8290228717298807,-1.3774352726941135
2018-09-13 00:00:00-04:00,-1.1935220720095627,-0.3190974457375422,2.0551401888748275,1.672907895184553,-0.618100978875659,0,0.5668424463164857,1.5207434697498552,-1.3603314488076175
2018-09-14 00:00:00-04:00,-0.18143877116468624,1.0120833008448764,1.3311807465824186,1.65056378756554,-0.7835969286137511,0,0.44814314238137654,1.355657644784763,-1.3431924026081246
2018-09-17 00:00:00-04:00,-0.32047202123844876,-0.13903325007376252,-1.151116550918639,1.6170221488420742,-0.5678292409824638,1,-0.3828018097518802,1.281377697227545,-1.3423008124081321
2018-09-18 00:00:00-04:00,1.2572124846980337,1.5776845059364826,1.7167177560102451,1.3844326439845096,0.9822971128153059,1,-0.46252904653417226,1.289513000400213,-1.3444047409133293
2018-09-19 00:00:00-04:00,0.31275984310766547,-0.9444526415903682,-2.522137147526851,1.1273495797255366,-1.269053690071935,0,-0.06398765636060548,1.1368890645140093,-1.3630495758530514
2018-09-20 00:00:00-04:00,-0.29287345311864743,-0.6056332962263129,0.33881934536405534,0.9890825668636177,1.3902421803747176,1,0.24297205129391436,1.197916935160141,-1.3699423139654254
2018-09-21 00:00:00-04:00,0.630126506778835,0.9229999598974824,1.5286332561237952,0.9216788301080499,3.777061376032706,0,0.5192615242041121,1.2036798651181546,-1.3670919984051404
2018-09-24 00:00:00-04:00,-2.07164593127327,-2.701772438052105,-3.624772397949587,0.9219745053814583,-1.6004673680391084,0,-0.0825939349282419,0.7284821932349922,-1.3749126815409667
2018-09-25 00:00:00-04:00,-0.2548135849166045,1.8168323463566654,4.518604784408771,0.8273469791060972,-0.2585326332496476,0,-0.5851733455376156,0.6244245683641062,-1.2889311391150091
2018-09-26 00:00:00-04:00,0.02891911165048664,0.28373269656709116,-1.5330996497895741,0.6174884207950017,-1.0677610529709396,0,-0.6789848062227392,0.630354827491839,-1.2870298616735965
2018-09-27 00:00:00-04:00,-0.3276799506378296,-0.3565990622883163,-0.6403317588554074,0.3826503280141229,0.08423648526560415,1,-0.6905257381631235,0.5088680527027473,-1.294871325655636
2018-09-28 00:00:00-04:00,0.1498674275171665,0.47754737815499615,0.8341464404433124,0.1597442750180706,0.48914865902178395,0,-0.8482515200023243,0.7465752902004297,-1.2931991148461268
2018-10-01 00:00:00-04:00,0.21725516603534442,0.06738773851817792,-0.41015963963681823,-0.1320341854644099,-0.3564519369320763,0,-0.0794821775828854,0.6519540314245987,-1.2946514854721833
2018-10-02 00:00:00-04:00,-1.3728674880835403,-1.5901226541188846,-1.6575103926370627,-0.21688674959434914,0.4180371376741638,0,-0.4567782879923621,0.04750538008119516,-1.294602453808499
2018-10-03 00:00:00-04:00,-0.49326090191544414,0.8796065861680962,2.4697292402869806,-0.32318287695840586,-0.31627458425662,0,-0.63052262645033,0.040737602303885255,-1.2653544329410258
2018-10-04 00:00:00-04:00,-2.4001137848667122,-1.906852882951268,-2.7864594691193645,-0.47195485445788204,1.0636221683874723,0,-1.3189355544157397,-0.5052828440322316,-1.2685131183821514
2018-10-05 00:00:00-04:00,-1.2421328241186838,1.1579809607480285,3.0648338436992963,-0.7239871749785252,-0.6013887946222922,0,-1.7695515356158813,-0.7354856179473662,-1.165460283483818
2018-10-08 00:00:00-04:00,1.0337081946106925,2.275841018729376,1.1178600579813476,-1.0600630255281402,-0.8570813951953399,0,-1.5090995462582222,-0.9140050205753514,-1.141928454461097
2018-10-09 00:00:00-04:00,-1.3406804377514883,-2.374388632362181,-4.650229651091557,-1.307645831808367,0.392067263574128,1,-1.4985811981431834,-1.361109307098296,-1.1256357190388167
2018-10-10 00:00:00-04:00,-1.0472604431240502,0.29341999462743806,2.6678086269896193,-1.4886795172610328,0.8928600078675547,0,-1.6780799312002792,-1.3881863468939595,-1.0941591707667533
2018-10-11 00:00:00-04:00,-2.0443724728449157,-0.9971120297208655,-1.2905320243483036,-1.7099675020551446,-0.29714572643003817,0,-1.5612202234159964,-1.5216807470550275,-1.0992329335384736
2018-10-12 00:00:00-04:00,1.4387908972282153,3.483163370073131,4.480275399793997,-1.8791691504385548,-0.331192959461396,0,-0.6877006517748017,-1.272218685934249,-1.0301594377693883
2018-10-15 00:00:00-04:00,-0.6754159681444487,-2.114206865372664,-5.597370235445795,-1.869462127746341,-1.0652734103747825,0,-1.2468136226852824,-1.327832898358816,-1.0039717933517234
2018-10-16 00:00:00-04:00,1.2606504900233875,1.9360664581678362,4.0502733235405,-1.988096718409952,0.16283524107840622,1,-0.3900910751192148,-1.327304497701007,-0.9976643542649855
2018-10-17 00:00:00-04:00,-4.3444521235106635,-5.605102613534051,-7.541169071701887,-1.8995005517562409,3.1979407802218316,0,-1.5013152436276709,-2.049853562266664,-0.966376086745841
2018-10-18 00:00:00-04:00,-2.5544206153479387,1.7900315081627247,7.395134121696776,-1.976464513456904,-0.06618269488065223,0,-1.6691760966682516,-2.386466613356626,-0.6475434981133156
2018-10-19 00:00:00-04:00,-0.326978235419201,2.2274423799287377,0.437410871766013,-2.043013634284472,-0.8230304297319653,0,-2.2274280538355877,-2.524415720188834,-0.5473171464196052
2018-10-22 00:00:00-04:00,-0.6116140058073268,-0.2846357703881258,-2.5120781503168637,-2.2244530499921344,-0.9923841489187466,0,-2.2071861554668284,-2.310229785990091,-0.5539570868751093
2018-10-23 00:00:00-04:00,-0.12308705281238912,0.4885269529949377,0.7731627233830636,-2.4311770344493024,1.060381542536474,0,-2.6380755975017047,-2.2909746963497177,-0.5672264062878465
2018-10-24 00:00:00-04:00,-0.8738057917122208,-0.7507187388998318,-1.2392456918947694,-2.7474318961549535,-0.23487521401854955,0,-1.5096382906442805,-2.4227297384847435,-0.5680734432435396
2018-10-25 00:00:00-04:00,1.1866612788258923,2.060467070538113,2.811185809437945,-2.770188666626237,-0.7857473897452252,0,-0.27229393612428393,-2.202918733189476,-0.5604617550384767
2018-10-26 00:00:00-04:00,-3.81974147478593,-5.006402753611822,-7.0668698241499355,-2.5447541220922454,2.0873137470242367,0,-1.4450512629778791,-2.785084004514389,-0.5326009719340934
2018-10-29 00:00:00-04:00,0.5632137120673998,4.38295518685333,9.389357940465153,-2.499849089874727,-1.1853762848791927,0,-1.0633149330438085,-2.7363910560289955,-0.2974574550044833
2018-10-30 00:00:00-04:00,1.7551858302849401,1.1919721182175405,-3.1909830686357896,-2.3764613372104386,-0.2726878050490712,0,-0.4488147291855603,-2.287481454973299,-0.2879869801226081
2018-10-31 00:00:00-04:00,-0.2042713401709003,-1.9594571704558403,-3.1514292886733806,-2.1807613956111456,0.18162111267668785,0,-0.22395877561524205,-2.245071192461217,-0.223100749958142
2018-11-01 00:00:00-04:00,2.604051775677186,2.8083231158480864,4.7677802863039265,-1.9430892570678286,-0.6355356598057607,0,0.24551319243878292,-1.4941694430221877,-0.23613447267067014
2018-11-02 00:00:00-04:00,-0.2937245355565653,-2.8977763112337516,-5.706099427081838,-1.7008670816237283,-0.4119864319838478,1,1.4914129882307192,-1.346313223976625,-0.10912916284839018
2018-11-05 00:00:00-05:00,1.2560758971412853,1.5498004326978507,4.447576743931602,-1.2229974326679203,-0.6436208847917221,1,1.734146047299907,-1.312101720135069,-0.10922508329578601
2018-11-06 00:00:00-05:00,-0.09881891363531702,-1.3548948107766023,-2.9046952434744533,-0.6952666377089511,-0.5387701401184903,1,1.0878113781064658,-1.116011197298796,-0.08612931023865027
2018-11-07 00:00:00-05:00,2.8679900371544766,2.9668089507897935,4.321703761566396,-0.3228826954967783,0.9511211163197201,1,2.15998085988833,-0.49186578225189664,-0.10384894277093192
2018-11-08 00:00:00-05:00,0.41124240126901107,-2.4567476358854656,-5.423556586675259,0.20171300566346081,-0.5163795942857852,0,1.3927573501911146,-0.08077536682074647,0.043740367988546934
2018-11-09 00:00:00-05:00,-1.0691298309555244,-1.4803722322245354,0.9763754036609302,0.5243380576821433,0.3299343786953649,0,1.1195391457386434,-0.49636927946516085,0.04291622524433722
2018-11-12 00:00:00-05:00,-3.5270609511528,-2.4579311201972756,-0.9775588879727402,0.8350319364906704,1.4874575897802171,0,-0.5271226638951376,-0.9670494516568624,0.05078993422335816
2018-11-13 00:00:00-05:00,-0.23967311624045856,3.2873878349123418,5.745318955109617,0.8421120247637756,2.276760765856125,0,-0.573949660397096,-1.202977831838933,0.2582701387026549
2018-11-14 00:00:00-05:00,0.5028042923326367,0.7424774085730952,-2.5449104263392464,0.8678012838786789,-1.4475947930354887,0,-1.3365014694493835,-0.40802943551315474,0.22635843542915154
2018-11-15 00:00:00-05:00,-1.4119061118299825,-1.9147104041626193,-2.6571878127357147,0.6245676424934357,0.25087627314520333,0,-1.9248328177444924,-0.21477890134716796,0.20339493172312395
2018-11-16 00:00:00-05:00,-0.1916767756406819,1.2202293361893006,3.13493974035192,0.22528054338503412,-0.7328002415963797,0,-1.6426591562563306,-0.1921424518857224,0.22701060480982926
2018-11-19 00:00:00-05:00,-1.9376319776121245,-1.7459552019714426,-2.9661845381607432,-0.10897584701204445,-0.4056987511895871,1,-1.1138548799142196,-0.41492766290370753,0.21634725476337258
2018-11-20 00:00:00-05:00,-2.6153629882439025,-0.677731010631778,1.0682241913396646,-0.2930447968628102,0.9413206907841587,1,-1.890795972905595,-0.8260493036388046,0.25861207598871666
2018-11-21 00:00:00-05:00,0.1478692963957784,2.763232284639681,3.440963295271459,-0.5996900388678436,-1.0769664279427955,0,-2.0032718628266117,-0.6604764876628699,0.35107165643958893
2018-11-23 00:00:00-05:00,-0.265796031734785,-0.4136653281305634,-3.1768976127702446,-0.9509382251645168,-1.6086240467024597,1,-1.634333180797806,-0.893445444759023,0.3529437530538044
2018-11-26 00:00:00-05:00,0.5744677244905446,0.8402637562253297,1.253929084355893,-1.1918449402773448,3.3368615829559225,1,-1.3878905057533082,-0.16258645502756758,0.34553894422816883
2018-11-27 00:00:00-05:00,2.00213446913355,1.4276667446430054,0.5874029884176757,-1.4587459487847916,0.2727637138033035,0,-0.08813678447142827,0.07676625051886592,0.3428611413813936
2018-11-28 00:00:00-05:00,3.0431444787512625,1.0410100096177124,-0.38665673502529296,-1.4739168980124013,-0.13173445691545183,0,1.8671537399064317,0.2915275836177207,0.41425380942575885
2018-11-29 00:00:00-05:00,-0.9975676224481518,-4.040712101199414,-5.081722110817127,-1.1147402468521712,-1.2348093831741078,0,1.459906669809867,0.1549445545234935,0.5035778913549076
2018-11-30 00:00:00-05:00,2.6528363391525716,3.6504039616007233,7.691116062800138,-0.8233415193849591,2.786880056363925,0,2.4899794849896573,0.16304903346428823,0.5132122908896004
2018-12-03 00:00:00-05:00,0.7875007309605213,-1.8653356081920502,-5.515739569792774,-0.3251837978443792,-0.5615784331703072,0,2.5667189271881026,0.3479790126952971,0.6382202022591531
2018-12-04 00:00:00-05:00,-3.5435276513727434,-4.3310283823332645,-2.465692774141214,0.17171513734757257,-0.3505720465573683,0,0.5928306688579591,-0.4691339196111223,0.6529384573575352
2018-12-06 00:00:00-05:00,0.376514826935435,3.9200424783081784,8.251070860641443,0.3573595199270951,0.04884320746957578,0,-0.2956421239655082,-0.39100062936828217,0.744553059679062
2018-12-07 00:00:00-05:00,-1.8015782651591186,-2.1780930920945534,-6.098135570402732,0.3480786786518219,-0.6407876507890566,0,-0.5672419418474609,-1.1399734550050424,0.6957310821505154
2018-12-10 00:00:00-05:00,-0.6365944190035836,1.1649838461555349,3.3430769382500882,0.36686584392844934,-0.5283843912931994,1,-1.630214321744473,-1.3043368680270753,0.7293949380970127
2018-12-11 00:00:00-05:00,0.3028541753772134,0.939448594380797,-0.22553525177473788,0.17022098932176652,-0.2250469064368193,1,-1.78461391562628,-1.0881868961276357,0.7175518515253769
2018-12-12 00:00:00-05:00,1.1614056044621082,0.8585514290848948,-0.08089716529590218,-0.08867130950877161,0.2091912189751687,1,-0.22593591164314925,-0.3202160405739468,0.723791733520523
2018-12-13 00:00:00-05:00,-0.19517514524707452,-1.3565807497091826,-2.2151321787940774,-0.09077552609401471,-0.06250000428600955,0,-0.4168096840288165,-0.31282490588243983,0.7608529734479784
2018-12-14 00:00:00-05:00,-0.9087415859619201,-0.7135664407148457,0.643014308994337,-0.13446822036458997,-0.980955986646661,0,-0.11383612055026399,-0.5456550801787694,0.7188720782195084
2018-12-17 00:00:00-05:00,-2.507376162485284,-1.598634576523364,-0.8850681358085184,-0.0882740716854164,0.7323701116216209,1,-0.7469250368755482,-0.7272717247173139,0.718361681948821
2018-12-18 00:00:00-05:00,1.232343140538982,3.739719303024266,5.33835387954763,-0.15485958864863172,-0.723510894802142,0,-0.4411906464692379,-0.49666275185020387,0.8013817968670651
2018-12-19 00:00:00-05:00,-1.4584673465026807,-2.690810487041663,-6.430529790065929,-0.18286381530567494,1.415179462691041,0,-1.3035429341460913,-0.416557349781282,0.828667881367148
2018-12-20 00:00:00-05:00,-2.0291401247659953,-0.5706727782633145,2.1201377087783486,-0.40264863969752956,0.11647882360753495,0,-1.8995663238208456,-0.3173900092910618,0.7978502296126192
2018-12-21 00:00:00-05:00,-2.2417122137037824,-0.21257208893778712,0.3581006893255274,-0.7582894929370346,1.773832088172248,0,-2.3278725823468784,-0.7128321685865283,0.8473808469537917
2018-12-24 00:00:00-05:00,-1.4581168113283995,0.7835954023753828,0.99616749131317,-1.1594229160123797,-1.9461521645573703,0,-1.9898089007655522,-0.90623538540479,0.9052103703145766
2018-12-26 00:00:00-05:00,6.412050910942906,7.870167722271305,7.0865723198959225,-1.4607217390056746,0.8155474897264897,0,-0.365298504343491,0.02152703602057003,0.9243471777253813
2018-12-27 00:00:00-05:00,1.2122667976973662,-5.199784113245539,-13.069951835516845,-1.5269524803037842,-0.6323031517724021,0,0.5392240411745661,-0.10943324186920465,1.7318382827053227
2018-12-28 00:00:00-05:00,-0.05874965844384817,-1.2710164561412145,3.928767657104325,-1.395603679568793,-0.4323108522929489,0,1.2286335463026008,-0.6145901185511138,1.7678526021576946
2018-12-31 00:00:00-05:00,0.9399866819875182,0.9987363404313664,2.2697527965725808,-1.0756267063908862,-0.3605293866825287,0,2.3667199596162036,-0.2960588328538136,1.7481402342762773
2019-01-02 00:00:00-05:00,0.3433828289748285,-0.5966038530126897,-1.595340193444056,-0.5750569609464453,-0.12677190068093583,1,3.0267941119861366,-0.6693947080192528,1.7730139999264576
2019-01-03 00:00:00-05:00,-2.204051063897058,-2.5474338928718865,-1.9508300398591967,0.08616203426388587,0.21787495260437698,0,0.049873165920652995,-1.1508645500033894,1.6959906396399236
2019-01-04 00:00:00-05:00,2.971346049473569,5.175397113370627,7.722831006242513,0.23317798487582056,-0.1784140051294983,0,0.637132044043443,-0.08777939427027774,1.7470984250864405
2019-01-07 00:00:00-05:00,1.9698147825639039,-1.001531266909665,-6.176928380280292,0.38456823104783533,-0.05474609680502534,0,1.3348896910250379,0.17893341553218658,1.898504852306307
2019-01-08 00:00:00-05:00,0.480109382998295,-1.4897053995656089,-0.4881741326559439,0.6511326619580067,-0.2664178013272556,0,1.1750935983844197,0.5755488807959604,1.9547522480774266
2019-01-09 00:00:00-05:00,1.0343648413246451,0.5542554583263501,2.043960857891959,0.8462715831235295,-0.03442696542080651,0,1.4155200720909422,0.8692684928204721,1.9462686039173303
2019-01-10 00:00:00-05:00,-0.3727885583142739,-1.407153399638919,-1.961408857965269,1.0623705188638486,-0.8885219952185475,0,2.073805738416326,0.7496385158527377,1.900922392943216
2019-01-11 00:00:00-05:00,0.1954730954073669,0.5682616537216407,1.9754150533605597,1.4179567778998754,-0.3958289824446466,1,1.1083664565034714,0.5812033335383485,1.8618792284065642
2019-01-14 00:00:00-05:00,-0.33443891967768985,-0.5299120150850567,-1.0981736688066974,1.6006854833841473,0.3411066336863125,1,0.32089985425510686,0.5568240603963928,1.8571188101638787
2019-01-15 00:00:00-05:00,-1.3086533015711062,-0.9742143818934164,-0.44430236680835966,1.6224585183033462,0.6642629881502712,0,-0.2854448559263925,0.48641046977200586,1.8258968564209341
2019-01-16 00:00:00-05:00,0.3230019868951604,1.6316552884662665,2.6058696703596826,1.5221417560814292,-0.6680169495111483,0,-0.5209866669490909,0.9908906900521158,1.5313831714972308
2019-01-17 00:00:00-05:00,-1.2257092382832797,-1.54871122517844,-3.1803665136447066,1.3203877506044495,1.4887968192599161,0,-0.8053725376172033,0.5567084616970613,1.4210603723878006
2019-01-18 00:00:00-05:00,2.693441517540286,3.9191507558235656,5.467861981002006,1.1007275396484533,-0.2053032977025367,0,0.01570114937100193,1.2918201522308794,1.4452717578343381
2019-01-22 00:00:00-05:00,-1.375438391462375,-4.068879909002661,-7.988030664826226,0.9853528295343652,-0.19354321706581779,0,-0.3368671753599426,1.4131397446271412,1.5659817165638634
2019-01-23 00:00:00-05:00,-0.1242191219540346,1.2512192695083404,5.320099178511001,0.7844134042361706,-0.7497459580606668,0,0.0640085187744074,1.8096047024093147,1.6001651218404263
2019-01-24 00:00:00-05:00,0.22613560143046513,0.35035472338449974,-0.9008645461238407,0.6345483294627386,-0.7406854461332044,0,0.031369916159916814,2.1292212924783662,1.5864396854177818
2019-01-25 00:00:00-05:00,1.7541744106687502,1.528038809238285,1.1776840858537854,0.44988802906516256,0.3073782165168893,1,1.050183753952812,1.2966905544818625,1.5630830621577338
2019-01-28 00:00:00-05:00,-0.315946532241532,-2.0701209429102825,-3.5981597521485673,0.5516297866551508,-0.4023077439444399,0,0.030693105419546562,1.0220811700715677,1.3487408140927073
2019-01-29 00:00:00-05:00,-0.07784685710128542,0.2380996751402466,2.308220618050529,0.46504788613714904,-0.42354399885369853,0,0.4750006231443847,1.0186583665679432,1.347862504321018
2019-01-30 00:00:00-05:00,1.3856880366569129,1.4635348937581982,1.2254352186179516,0.47369630122680406,0.9788319282645354,1,0.9922470486934972,1.097736206319658,1.2982858198308738
2019-01-31 00:00:00-05:00,0.7410486850621633,-0.6446393515947496,-2.1081742453529477,0.5835765813775154,-0.18262813990117088,0,1.170680735180036,1.1690243097949704,1.3274804358590593
2019-02-01 00:00:00-05:00,0.4577111232351441,-0.28333756182701914,0.3613017897677305,0.7243871641764265,-0.48628818542722246,0,0.7258883160357505,1.660558362961745,1.221952711657216
2019-02-04 00:00:00-05:00,1.1172821489218607,0.6595710256867167,0.9429085875137357,0.725610247649131,-1.0446624315632156,0,1.2214186366654802,1.326535690375191,1.2225581534505447
2019-02-05 00:00:00-05:00,-0.021427140776954522,-1.1387092896988154,-1.798280315385532,0.8638758739915954,0.8297808025972906,1,1.2411587319824477,0.9707986943787763,1.2170572352901956
2019-02-06 00:00:00-05:00,-0.8959743893989601,-0.8745472486220056,0.26416204107680974,1.0414150104772717,-0.8595050640709382,0,0.4539316646016409,0.7261872829899486,1.2167186567397592
2019-02-07 00:00:00-05:00,-0.35190070090570696,0.5440736884932531,1.4186209371152587,1.07529686641158,-0.40141043133108006,0,0.08296617778796841,0.484474038052913,1.0900589401198415
2019-02-08 00:00:00-05:00,0.2553508506065184,0.6072515515122254,0.06317786301897232,1.05311671471791,-0.1520461738187989,1,0.014835226574031767,0.5940211939178446,1.089133323453901
2019-02-11 00:00:00-05:00,-0.8778636841086458,-1.1332145347151643,-1.7404660862273897,1.0042793400160481,0.7741299709866191,1,-0.6511675123033146,0.4067200035857245,1.0701032293051997
2019-02-12 00:00:00-05:00,1.4213890702538468,2.2992527543624925,3.432467289077657,0.8257238847711349,-0.11843002000054217,0,-0.17366451350105497,0.7114477721402903,0.8609703055219119
2019-02-13 00:00:00-05:00,1.5577771970551608,0.13638812680131407,-2.1628646275611785,0.7220481058587954,0.12210469856006144,0,0.6573984761024754,1.2226843966966539,0.8915779045493715
2019-02-14 00:00:00-05:00,-0.3715180187730927,-1.9292952158282535,-2.0656833426295673,0.7507381397003953,-1.1790317363546765,0,0.6506269408257515,1.0972900461295028,0.9265443550609439
2019-02-15 00:00:00-05:00,2.493201189522985,2.8647192082960777,4.794014424124331,0.790316510808388,2.3906082511295037,1,1.4182614791965653,1.7745392790391195,0.8897756246125006
2019-02-19 00:00:00-05:00,-0.031193725341860386,-2.5243949148648452,-5.3891141231609225,0.9315335171220335,-0.7961178819713695,0,1.718566105567426,1.2793245848237975,0.9855872561525517
2019-02-20 00:00:00-05:00,-0.24957452848278827,-0.2183808031409279,2.3060141117239175,1.1847682966385165,-0.048912214479092754,0,1.1343818969081316,1.4867445003774926,0.9073049857113711
2019-02-21 00:00:00-05:00,-0.015636325181222877,0.2339382033015654,0.4523190064424933,1.2924102144468788,-0.7592440698634597,0,0.594091470363103,1.506723795675953,0.7697560797411502
2019-02-22 00:00:00-05:00,0.29716328155221855,0.3127996067334414,0.07886140343187603,1.2792852479874728,0.0516655035172693,0,0.8245284351419077,1.5197614023169181,0.7707160700302439
2019-02-25 00:00:00-05:00,-1.25265430003246,-1.5498175815846784,-1.86261718831812,1.316115190909257,2.230543904145766,0,-0.4386874518130451,0.9757407998270191,0.7663420377059538
2019-02-26 00:00:00-05:00,-0.8842978556128942,0.3683564444195657,1.9181740260042441,1.1205679397647554,3.1644932610562955,0,-0.7228648470771142,0.8738762018598345,0.8027483383129516
2019-02-27 00:00:00-05:00,-2.458882399541951,-1.574584543929057,-1.9429409883486226,0.8703866227141963,-1.1354827651022563,0,-1.454124192876028,0.4505716326048087,0.7647286788984311
2019-02-28 00:00:00-05:00,0.8003678709468949,3.259250270488846,4.833834814417903,0.4969941609147174,-0.37288239998500533,0,-1.190634748222372,0.3504583643256572,0.7305084705190297
2019-03-01 00:00:00-05:00,0.016193828347995803,-0.7841740425988991,-4.043424313087745,0.19502478245083985,-1.033202036900725,0,-1.2818155493122627,0.22640605442544204,0.7188437784647211
2019-03-04 00:00:00-05:00,-0.7344460003948446,-0.7506398287428404,0.0335342138560587,-0.11549179518260154,-0.36951470768985767,1,-1.1114846050468141,0.02327592514016578,0.6018699402391001
2019-03-05 00:00:00-05:00,0.10337097436828,0.8378169747631247,1.5884568035059652,-0.360893259732998,-0.8916437868756679,1,-0.786354902673591,-0.14631942424724168,0.6027813514894326
2019-03-06 00:00:00-05:00,0.2445512473039417,0.1411802729356617,-0.696636701827463,-0.5111671844302177,0.42413944852163926,1,0.12696303731237643,-0.10177409753717909,0.37339233728903326
2019-03-07 00:00:00-05:00,-1.051780264045471,-1.2963315113494127,-1.4375117842850744,-0.45968450392647653,-0.3602973426784584,0,-0.49530952377981124,-0.12816833427066943,0.37236694602247533
2019-03-08 00:00:00-05:00,-0.7013195043805985,0.35046075966487245,1.6467922710142853,-0.5442322070916282,-0.3215822314665816,0,-0.733800839645502,-0.18694575394820617,0.3320612111872057
2019-03-11 00:00:00-04:00,0.6676499848479266,1.3689694892285251,1.0185087295636528,-0.6756817038019144,-0.15160213458665764,0,-0.2676083777938441,-0.11825273811156072,0.33382177178707567
2019-03-12 00:00:00-04:00,0.8550922992485974,0.18744231440067083,-1.1815271748278544,-0.7100710258561077,-0.21457166383952767,0,-0.016254494354978784,0.1749762958424889,0.338734909665949
2019-03-13 00:00:00-04:00,-0.8212996498514963,-1.6763919491000938,-1.8638342635007645,-0.7210591925231242,0.3974672978518672,1,-0.3748148246261003,-0.2023844427228131,0.3289577311523621
2019-03-14 00:00:00-04:00,0.259486282876267,1.0807859327277634,2.7571778818278574,-0.7700322728164871,-0.2333392998429402,0,0.06733269582355056,-0.4157208408433182,0.3423295200140773
2019-03-15 00:00:00-04:00,0.34139928083442644,0.08191299795815943,-0.9988729347696039,-0.6961968189471562,2.1499309978722296,0,0.4223302880094136,-0.2978316312550035,0.3247682657131696
2019-03-18 00:00:00-04:00,0.6529914019179986,0.3115921210835722,0.22967912312541278,-0.5583268705936518,-1.4042140952548334,0,0.41735589126239886,-0.5957431764414465,0.20228957378553078
2019-03-19 00:00:00-04:00,0.38711063194483175,-0.2658807699731669,-0.577472891056739,-0.38549358113231574,-0.12505656686265257,0,0.2588643356156081,-0.5275604181059387,0.18614415662805417
2019-03-20 00:00:00-04:00,1.0699077472256167,0.6827971152807849,0.9486778852539518,-0.25492539084950244,0.057510863098895,0,0.9071642841849525,-0.3111147309137995,0.14054468491251282
2019-03-21 00:00:00-04:00,2.0794935873876583,1.0095858401620417,0.32678872488125676,-0.007162683670215087,-0.16072349859532215,0,1.5361001398427103,0.03629830914274341,0.06560104058575757
2019-03-22 00:00:00-04:00,-0.6421855439048716,-2.7216791312925297,-3.7312649714545714,0.34002334725829386,0.09131584272337932,0,1.1903173316697413,-0.1222318558767091,0.012474590283893118
2019-03-25 00:00:00-04:00,0.4927183818060864,1.134903925710958,3.856583057003488,0.6300748977617524,-0.8585153567420275,0,1.134697798255684,0.1741487546896267,-0.02671013651317272
2019-03-26 00:00:00-04:00,-0.17925136081004356,-0.67196974261613,-1.806873668327088,0.875416915290596,0.06224385581996746,1,0.9379464751123235,0.29553556633342737,-0.6924537713529045
2019-03-27 00:00:00-04:00,-0.047545652176048586,0.13170570863399497,0.803675451250125,1.0641000285668452,-0.047751258532262156,0,0.5545466284111121,0.7203944528012652,-0.7076907648815975
2019-03-28 00:00:00-04:00,0.4280161378300417,0.47556179000609033,0.34385608137209533,1.1221374797858321,-0.7746184524106847,0,-0.0002708288912384324,0.6553408180140565,-0.7077889054053897
2019-03-29 00:00:00-04:00,0.9628442097321765,0.5348280719021348,0.05926628189604444,1.0613729181172316,0.9664368373097425,1,0.544750390709351,0.8214112679416878,-0.7167063710010771
2019-04-01 00:00:00-04:00,1.954264126975399,0.9914199172432225,0.45659184534108777,1.107202932124999,0.2662533549399064,0,1.0433704187139135,1.3011554723346468,-0.7066118807120021
2019-04-02 00:00:00-04:00,-0.6798300295283289,-2.634094156503728,-3.6255140737469507,1.2163792070233233,-1.5156276915132598,0,0.868943215834909,1.158825724085729,-0.7589362979296991
2019-04-03 00:00:00-04:00,2.212949351556056,2.892779381084385,5.526873537588113,1.30053088556964,1.7396912796571027,1,1.6516325584402158,1.5132406975826818,-0.8762724767740676
2019-04-04 00:00:00-04:00,0.9264346933267722,-1.2865146582292837,-4.179294039313668,1.5251751140152785,-1.0194043591803048,0,1.82727566403854,1.8811752214197426,-0.8600964917129427
2019-04-05 00:00:00-04:00,0.8031914409026355,-0.1232432524241367,1.163271405805147,1.753450116964191,0.2679990466056367,0,1.771034187330951,2.1655911169583697,-0.8523698887615143
2019-04-08 00:00:00-04:00,0.7374272840563673,-0.06576415684626824,0.057479095577868455,1.9431807456873753,-0.5890098967858464,0,1.3472141369216422,2.1787997240163284,-0.8581164362522282
2019-04-09 00:00:00-04:00,-1.3019056414969516,-2.039332925553319,-1.9735687687070507,2.037290060317077,0.46630280672331315,0,1.1274556152945594,1.7709636668781217,-0.8596775210055374
2019-04-10 00:00:00-04:00,-0.7317199214027013,0.5701857200942504,2.609518645647569,2.120313978603107,-0.2503782747852803,0,0.12297416423649236,1.7878189474105703,-0.818851203590316
2019-04-11 00:00:00-04:00,1.0279383815212393,1.7596583029239405,1.1894725828296902,1.9664617938269193,-1.0135591238744257,0,0.15703009743675486,1.9309810495839168,-0.8085232505574175
2019-04-12 00:00:00-04:00,1.1763128121794386,0.14837443065819933,-1.6112838722657412,1.8050258675862367,0.5567978118917888,1,0.2824967455532959,2.0875891072284745,-0.8381969971233849
2019-04-15 00:00:00-04:00,0.4954383736674865,-0.6808744385119521,-0.8292488691701514,1.6568136973160044,-0.19368003689673802,0,0.20077048497680478,2.0578826049301333,-0.8230168760912316
2019-04-16 00:00:00-04:00,-0.19035918978940922,-0.6857975634568957,-0.004923124944943624,1.49076274107518,0.049275071486264976,0,0.5830062864797271,1.9488836201615942,-0.8614554750423223
2019-04-17 00:00:00-04:00,1.0172542314405328,1.207613421229942,1.8934109846868377,1.4286485760337595,-0.1505390719434813,0,1.1877190456184246,1.9390690528400418,-0.9626670642740439
2019-04-18 00:00:00-04:00,-0.43088822242953384,-1.4481424538700667,-2.6557558751000085,1.5109565303371206,-0.24314760437938776,0,0.683378963825081,1.4760054832109988,-0.9992201647061142
2019-04-22 00:00:00-04:00,-0.42787739366578337,0.0030108287637504727,1.4511532826338172,1.5215136627691088,-0.6466723736273889,0,0.1375941406187391,1.5156207081993087,-0.9932807016742405
2019-04-23 00:00:00-04:00,0.6201660866328433,1.0480434802986267,1.0450326515348762,1.395336579594745,1.027496824105727,1,0.17963968402591105,1.538963813475998,-0.984879252076578
2019-04-24 00:00:00-04:00,0.32516282144234676,-0.2950032651904966,-1.3430467454891233,1.2763357744805428,-0.8596341443297312,0,0.35483268862481826,1.6320913480845634,-1.0224864479022602
2019-04-25 00:00:00-04:00,-0.10641675007827366,-0.43157957152062043,-0.13657630633012385,1.1904408943516245,0.3914599321809677,0,-0.024415073595084973,1.6211817346392101,-1.0279039253076792
2019-04-26 00:00:00-04:00,-1.3995322337121716,-1.293115483633898,-0.8615359121132776,1.011580231512068,0.07365454784265058,0,-0.35240538717914194,1.2843144651043419,-1.0275597592015517
2019-04-29 00:00:00-04:00,-0.7121401150396156,0.687392118672556,1.980507602306454,0.7886440217179036,0.023202530468380493,0,-0.4477196601982152,0.9827931063328065,-1.0046943136114344
2019-04-30 00:00:00-04:00,0.7617701076243779,1.4739102226639935,0.7865181039914375,0.5759567904072412,-0.4201735492693168,0,-0.4008680268413777,0.773741119506789,-0.9956736201897878
2019-05-01 00:00:00-04:00,-2.405487413623077,-3.167257521247455,-4.641167743911449,0.39699300518334935,0.8411801812282439,0,-1.3082729700611722,0.46683114856844343,-0.991066761547171
2019-05-02 00:00:00-04:00,1.1116661408862896,3.517153554509367,6.684411075756822,0.02625364835766811,-1.2400420702465174,0,-0.912815561562053,0.2798168030591955,-0.8918057585035387
2019-05-03 00:00:00-04:00,-0.22387607087485376,-1.3355422117611433,-4.85269576627051,-0.22343510765711821,0.6078806894063377,1,-0.5214113546934307,0.08411833667612316,-0.8753536219898488
2019-05-06 00:00:00-04:00,-0.46368782012428356,-0.2398117492494298,1.0957304625117135,-0.34961132425682384,-0.8926715591458539,0,-0.43828884334924306,-0.12921553327450017,-0.8921779494336353
2019-05-07 00:00:00-04:00,-2.434506099923327,-1.9708182797990432,-1.7310065305496134,-0.4284325287651199,1.9570225321817065,1,-1.494633653931267,-0.656979011813774,-0.889961723269396
2019-05-08 00:00:00-04:00,0.2053861381806476,2.6398922381039744,4.6107105179030174,-0.7045642905325872,-1.0454188982361101,0,-0.6320165045416395,-0.4090655634167094,-0.7740936630153539
2019-05-09 00:00:00-04:00,-0.30232752165506643,-0.507713659835714,-3.1476058979396884,-0.7946601512899292,-0.3318771565076981,0,-1.0950042660406012,-0.33777407575711565,-0.791427263890011
2019-05-10 00:00:00-04:00,0.0,0.30232752165506643,0.8100411814907804,-1.0085767054108317,0.7428750744187959,0,-1.021757557239513,-0.50619418130951,-0.8186932317486114
2019-05-13 00:00:00-04:00,-2.1790384106855734,-2.1790384106855734,-2.4813659323406396,-1.1830303161682274,-0.5346685150422532,0,-1.5855922432794076,-1.049552088591179,-0.8569049602596338
2019-05-14 00:00:00-04:00,0.6724824703719059,2.8515208810574793,5.030559291743053,-1.425440884943037,0.1289859432539571,0,-0.5616529037253425,-1.0216449676959491,-0.7719222631006026
2019-05-15 00:00:00-04:00,0.07305537816504551,-0.5994270922068604,-3.4509479732643396,-1.4188809147798418,-0.38260048733432106,0,-0.6054671244770271,-0.9797644869484506,-0.8720190925183309
2019-05-16 00:00:00-04:00,0.3233199697586885,0.250264591593643,0.8496916838005034,-1.4284146225403924,0.25835738168601463,0,-0.3975376131081863,-1.0890623822699073,-0.8719849073449525
2019-05-17 00:00:00-04:00,0.10395128255948502,-0.21936868719920347,-0.46963327879284644,-1.3733718800254944,0.8289772664258539,0,-0.36287844191583696,-1.0041845636523343,-0.8715886967245127
2019-05-20 00:00:00-04:00,-0.8463842113876989,-0.950335493947184,-0.7309668067479805,-1.321302181848234,-0.38371871398421337,0,0.09182169584963086,-1.0709553857915892,-0.8714995969127546
2019-05-21 00:00:00-04:00,0.2618465182692627,1.1082307296569616,2.0585662236041458,-1.1545356082545966,2.0239159905981254,0,-0.04617298993096658,-1.1272903780335948,-0.8598241338716616
2019-05-22 00:00:00-04:00,-1.3267275751836287,-1.5885740934528914,-2.696804823109853,-1.0118568638073635,-1.069264432277384,0,-0.5174590901602866,-1.386836632813337,-0.8872602418477087
2019-05-23 00:00:00-04:00,1.635698952411189,2.9624265275948174,4.5510006210477085,-0.9461552529955896,0.8386202279162929,0,-0.08286798500211798,-1.1164579344446892,-0.8695740872772064
2019-05-24 00:00:00-04:00,0.8281394994315705,-0.8075594529796184,-3.769985980574436,-0.8131114322290052,-1.5570688988166355,0,0.1606146980564593,-0.7600774000260144,-0.937323975246431
