Date,Returns,ReturnVelocity,ReturnAcceleration,SmaDiffWeekMonth,VolumeVelocity,IsBiggestVolume,WeekMomentum,MonthMomentum,SeasonVolatility
2019-08-21 00:00:00-04:00,1.5259960759704037,1.1430060748041238,1.3377398741194322,-0.7164802132190734,-1.2153661844734447,0,0.7604097371616056,-0.9262088782245433,-0.5088653120091928
2019-08-22 00:00:00-04:00,-1.05682462615789,-2.5828207021282936,-3.7258267769324176,-0.4929575458383772,-0.5889130493947623,0,0.3136285975744296,-0.8305442757936998,-0.5151216891968816
2019-08-23 00:00:00-04:00,-2.800864864907576,-1.744040238749686,0.8387804633786076,-0.35389005931047074,2.911834185205905,1,-0.6020215855136095,-1.0597874948381139,-0.509613116559737
2019-08-26 00:00:00-04:00,0.9523919849291907,3.7532568498367667,5.4972970885864525,-0.3507148074793897,-0.7438069153060873,0,-0.5277697146571776,-1.073554443959844,-0.4819437859014029
2019-08-27 00:00:00-04:00,0.024157662568990258,-0.9282343223602005,-4.681491172196967,-0.33293313298801563,-0.6855094146389676,0,-0.5992866089715487,-0.895319961498738,-0.4813396406860157
2019-08-28 00:00:00-04:00,0.7255209146780319,0.7013632521090417,1.6295975744692424,-0.3456337879959071,-0.47498844996502965,0,-0.7564649045545143,-0.7220240643779299,-0.48470151310889087
2019-08-29 00:00:00-04:00,1.5126035643893743,0.7870826497113423,0.08571939760230063,-0.40363159033208457,0.8177663647114002,0,-0.24285324108308726,-0.4035418958338571,-0.4843629642385587
2019-08-30 00:00:00-04:00,0.8278422050911609,-0.6847613592982134,-1.4718440090095557,-0.39961077906748405,-0.0664999425647235,0,0.5146907707425095,-0.2700757966202892,-0.4963270401691893
2019-09-03 00:00:00-04:00,-2.1346746908122465,-2.9625168959034074,-2.277755536605194,-0.27811216790685445,-0.4157539557922005,0,-0.1289830228841629,-0.04787293793769228,-0.49553163072585293
2019-09-04 00:00:00-04:00,3.427649601727659,5.5623242925399055,8.524841188443313,-0.285098162330771,-0.289393860749981,0,0.5653510627285819,-0.05363802404387635,-0.4797572991128389
2019-09-05 00:00:00-04:00,2.526048939449813,-0.9016006622778461,-6.4639249548177515,-0.17270032496893326,1.4423805858241978,0,0.942524220866851,0.20302130622283118,-0.45757435175017536
2019-09-06 00:00:00-04:00,-1.1980165648700272,-3.72406550431984,-2.822464842041994,-0.016487711660695174,-1.1213223816128899,0,0.3690369185778153,-0.07898805666004428,-0.4419822024000617
2019-09-09 00:00:00-04:00,0.320288278490469,1.5183048433604962,5.242370347680336,0.06627538145487002,0.022908477933059418,1,0.2638110475435554,0.07378732087473025,-0.442480999880507
2019-09-10 00:00:00-04:00,0.5701403814467945,0.24985210295632548,-1.2684527404041708,0.1179217993378121,-0.0033233947682291634,0,0.8386389524107141,0.2461118787376981,-0.44269860375156067
2019-09-11 00:00:00-04:00,0.27210763679074906,-0.2980327446560454,-0.5478848476123709,0.2529676818891472,-0.5899106906641661,0,0.18655032522368115,0.053971627782651424,-0.5033944989189204
2019-09-12 00:00:00-04:00,-0.3392256407119526,-0.6113332775027016,-0.3133005328466562,0.2931841620503799,1.248252243380848,1,-0.3925380341183263,0.37602408189852343,-0.5054696059321382
2019-09-13 00:00:00-04:00,1.5203288212100114,1.859554461921964,2.4708877394246658,0.20174272253634998,-0.27233247767593194,0,0.16163044362329684,0.42388867828453025,-0.5506105144751525
2019-09-16 00:00:00-04:00,-0.31293318263629266,-1.8332620038463041,-3.692816465768268,0.20682330162429755,-1.0451956166757719,0,0.03099619485518874,0.21700167616876145,-0.5457870739183495
2019-09-17 00:00:00-04:00,1.1883371881580356,1.5012703707943282,3.3345323746406326,0.20555355320829774,1.263128299718216,1,0.15741100163460536,0.2803297810177471,-0.5657052181889209
2019-09-18 00:00:00-04:00,-0.19941841520450035,-1.387755603362536,-2.8890259741568642,0.2218514470520591,-0.9009441121045535,0,0.06010778525508385,0.21944228084568274,-0.5629772876651462
2019-09-19 00:00:00-04:00,0.40701557939785044,0.6064339946023508,1.994189597964887,0.22566130885381802,1.1387624492218338,0,0.21431672558440465,0.10444731421719944,-0.5710095154826506
2019-09-20 00:00:00-04:00,-2.29398972116675,-2.7010053005646006,-3.3074392951669513,0.26735972000140457,0.1272558996231827,0,-0.5652590229572031,-0.02457421576731294,-0.5976174576632568
2019-09-23 00:00:00-04:00,0.4558675274787451,2.7498572486454953,5.450862549210096,0.17692784321935323,-1.0380569586424155,0,-0.4112530378051053,0.316835190252107,-0.577154100474767
2019-09-24 00:00:00-04:00,0.11348016914124869,-0.3423873583374964,-3.092244606982992,0.08616382012232447,1.4882190114776779,0,-0.6250095573289352,0.22932302802453852,-0.5807717238797447
2019-09-25 00:00:00-04:00,2.017207896458591,1.9037277273173423,2.246115085654839,-0.038020234951697124,-0.40939702292690866,0,-0.1828076176137692,0.4374162832960141,-0.585945417172452
2019-09-26 00:00:00-04:00,3.221498600956732,1.204290704498141,-0.6994370228192013,-0.09745073205304546,2.831143135005739,0,0.3876667910633916,0.701361848026421,-0.6700761773416607
2019-09-27 00:00:00-04:00,-2.0447631006627773,-5.266261701619509,-6.47055240611765,-0.07331326915304658,-1.0218620584460456,0,0.4410347806096897,0.31884330345270046,-0.6492324286063024
2019-09-30 00:00:00-04:00,2.1314113096939145,4.176174410356692,9.442436111976201,-0.008764671263893489,-0.4343374888441579,0,0.7908949848197847,0.4550207255950278,-0.6387778600569802
2019-10-01 00:00:00-04:00,1.5275279101187513,-0.6038833995751631,-4.780057809931855,0.10817778381579117,0.6775512370372874,0,1.0921051412992175,0.8542697887700832,-0.6324721962665661
2019-10-02 00:00:00-04:00,-1.6105053880350926,-3.138033298153844,-2.534149898578681,0.24700322895585206,-1.2580206833284093,0,0.3230652405018726,0.31510661770464105,-0.6384275559754062
2019-10-03 00:00:00-04:00,1.5076572544754778,3.1181626425105704,6.256195940664414,0.2915933652869656,-0.03953784297605326,1,-0.02324481636528273,0.21051953515909858,-0.6277275309292926
2019-10-04 00:00:00-04:00,0.6153107383658732,-0.8923465161096046,-4.010509158620175,0.2803742008698832,-0.29628444547968086,0,0.5337604804025544,0.40184489821382074,-0.6404276415552058
2019-10-07 00:00:00-04:00,1.1176758865387255,0.5023651481728523,1.3947116642824569,0.3574975006429797,1.9116031316848692,1,0.3246407574265508,0.48622521059239154,-0.6401719496540024
2019-10-08 00:00:00-04:00,-0.18770983915422526,-1.3053857256929509,-1.8077508738658032,0.38876241301379233,0.24827373787423343,0,-0.02776091928977552,0.4055921674195376,-0.6388084133493961
2019-10-09 00:00:00-04:00,1.7133435625851088,1.9010534017393341,3.2064391274322848,0.3590158963799027,-0.5022837903317745,0,0.665010895224293,0.5582322617093098,-0.6425005189514174
2019-10-10 00:00:00-04:00,0.5135490345081256,-1.1997945280769833,-3.100847929816317,0.4490662144675758,-0.44900286057402516,0,0.4573944639151614,0.6504090378219897,-0.636289548495462
2019-10-11 00:00:00-04:00,1.001425517652549,0.48787648314442345,1.6876710112214068,0.49223589902948167,-0.6322279498955092,0,0.5379517853397786,0.5948767907118591,-0.6373709772880403
2019-10-14 00:00:00-04:00,0.9915131390852047,-0.009912378567344393,-0.49778886171176784,0.5561968331123426,-0.016706867481802935,1,0.5116599953754111,0.7363172670435689,-0.674225835625474
2019-10-15 00:00:00-04:00,0.9617300429406591,-0.02978309614454555,-0.019870717577201158,0.6033368596101601,0.2165009427649878,0,0.7540284739476988,0.7117941586742164,-0.6773284114597729
2019-10-16 00:00:00-04:00,-0.5159792627710463,-1.4777093057117054,-1.44792620956716,0.7000707965451582,0.8579586881979323,0,0.2874317442589708,0.6771378079943204,-0.683036213209954
2019-10-17 00:00:00-04:00,-0.7580348404775732,-0.24205557770652686,1.2356537280051785,0.7083423936244563,-0.35122426701535536,0,0.02401555574536143,0.5507632583576034,-0.6825428149881819
2019-10-18 00:00:00-04:00,-0.9447183400355047,-0.1866834995579315,0.05537207814859535,0.6748710115276948,-0.7314560831695982,0,-0.37211673140396584,0.699421258050259,-0.6795086066233162
2019-10-21 00:00:00-04:00,1.4610416013099785,2.405759941345483,2.5924434409034145,0.5475946751420023,-0.7880802600946869,0,-0.2783778032452958,0.8086237585911437,-0.6918497434329317
2019-10-22 00:00:00-04:00,1.2799930988946084,-0.18104850241537007,-2.5868084437608534,0.428845453326926,1.2446196158170328,1,-0.21452399250132176,0.9370600093320719,-0.6883048355294294
2019-10-23 00:00:00-04:00,-0.9280985507515959,-2.2080916496462044,-2.0270431472308346,0.3111622529518352,-0.8930647231424311,0,-0.29870107447568744,0.6151171622659669,-0.6872597959495169
2019-10-24 00:00:00-04:00,1.5547007265333006,2.4827992772848964,4.6908909269311,0.2045658340950158,-0.1909176707876914,0,0.17287530964471978,0.44024866876546886,-0.6975578510968057
2019-10-25 00:00:00-04:00,0.35328207791618066,-1.2014186486171199,-3.6842179259020162,0.21117511417547524,-0.37724011994901036,0,0.4442212288162275,0.7010791621425497,-0.6989077602884385
2019-10-28 00:00:00-04:00,0.3520626299953547,-0.0012194479208259557,1.2001992006962938,0.2491235573145105,0.3407106641865495,1,0.21492123789318518,0.5109125323055881,-0.7132961152499598
2019-10-29 00:00:00-04:00,0.31181624629795707,-0.040246383697397636,-0.03902693577657168,0.25786505643316227,-0.8466571678311909,0,0.016568562792522227,0.3824884932869285,-0.715827602448454
2019-10-30 00:00:00-04:00,0.8548653017846851,0.543049055486728,0.5832954391841256,0.23739873074036053,-0.20013939409326206,1,0.38642016187619566,0.6480109964798917,-0.7858657129631629
2019-10-31 00:00:00-04:00,-0.5393912049459754,-1.3942565067306605,-1.9373055622173885,0.2689507810021424,-0.18048153451558357,1,-0.04497724354749155,0.4289599773315301,-0.8151724920444892
2019-11-01 00:00:00-04:00,0.9103262652609261,1.4497174702069016,2.843973976937562,0.23100242594221618,-0.11943676185485146,1,0.06875692696540302,0.46016676518411587,-0.8128640552789013
2019-11-04 00:00:00-05:00,2.667946319600868,1.757620054339942,0.3079025841330405,0.21394731600991396,0.6895566378333933,0,0.5442315784791946,0.6238183404879204,-0.8163025911473147
2019-11-05 00:00:00-05:00,0.11215588780175752,-2.5557904317991107,-4.313410486139053,0.2817425978864602,-0.7488909058410926,0,0.5022764309725415,0.6563787914657169,-0.808164796075721
2019-11-06 00:00:00-05:00,0.1680646465631641,0.05590875876140659,2.6116991905605174,0.33781217239778655,-0.4653345499635473,0,0.359020019911083,0.4912285007632734,-0.815411232653091
2019-11-07 00:00:00-05:00,0.055932689144645,-0.11213195741851911,-0.16804071617992572,0.37959786994106043,1.4653009027834782,1,0.4840789904831813,0.4424892704141841,-0.8243355926849251
2019-11-08 00:00:00-05:00,-1.5651243483331376,-1.6210570374777826,-1.5089250800592635,0.45250975526058196,-0.5281647387706598,0,-0.03153303327314433,0.17169330692626966,-0.8707593290677285
2019-11-11 00:00:00-05:00,-0.4353502868916798,1.1297740614414578,2.7508310989192406,0.4420625161430186,-0.9998558881022792,0,-0.6512682539041792,0.024956520523719876,-0.8586356839927349
2019-11-12 00:00:00-05:00,-0.8555236859331324,-0.4201733990414526,-1.5499474604829104,0.30881600168203327,2.33617765100897,1,-0.8434591546312443,-0.15934144986188414,-0.8610827541379188
2019-11-13 00:00:00-05:00,1.3998229079085476,2.25534659384168,2.6755199928831326,0.1519052733664976,-0.9961383822700169,0,-0.6013194700270261,0.03428774455969059,-0.8561268630946849
2019-11-14 00:00:00-05:00,-0.7564431382831132,-2.1562660461916607,-4.411612640033341,0.028466543701476436,-0.16759329191483094,0,-0.7631616921699518,0.034452115043594786,-0.8529292831375302
2019-11-15 00:00:00-05:00,1.543460844150518,2.299903982433631,4.456170028625292,-0.13121585797384738,0.12504307493226166,0,-0.13877888161583044,0.29188756734693544,-0.8528751809714745
2019-11-18 00:00:00-05:00,0.2439384039443208,-1.2995224402061971,-3.5994264226398283,-0.17747835232207138,-0.6021620704433852,0,0.0003730821348281619,0.1658596526568086,-0.8553300499526307
2019-11-19 00:00:00-05:00,0.6364473655615728,0.392508961617252,1.6920314018234492,-0.18046317712239254,-0.17617728175802533,1,0.3093919163473293,0.09990381806723606,-0.8887124540280681
2019-11-20 00:00:00-05:00,-0.4836116514673153,-1.120059017028888,-1.51256797864614,-0.10968315852463077,0.09228220340540201,1,-0.07777049737151658,0.146177874169443,-0.8893854084432021
2019-11-21 00:00:00-05:00,-0.9719468056755831,-0.48833515420826784,0.6317238628206201,-0.12780473029246012,0.16687864713171963,0,-0.12219162759690078,-0.11158350162381606,-0.8871679125813087
2019-11-22 00:00:00-05:00,-0.3586246542928203,0.6133221513827628,1.1016573055910306,-0.12844339190208834,-0.8365755982571091,0,-0.5045505717529292,-0.18325111457182694,-0.88110882332288
2019-11-25 00:00:00-05:00,1.8374319372188712,2.1960565915116916,1.5827344401289287,-0.20647214490191523,0.2921270129082271,1,-0.186150529271086,-0.03477804224577772,-0.8831530514660493
2019-11-26 00:00:00-05:00,-0.2417750860768172,-2.0792070232956883,-4.27526361480738,-0.2297106724291524,0.12949845658956455,0,-0.3637245749059527,-0.09095495605435652,-0.8771314252105853
2019-11-27 00:00:00-05:00,0.48476833068770986,0.726543416764527,2.8057504400602156,-0.28684494719384934,-1.2770952748732818,0,-0.1674451108045314,-0.12810300292503515,-0.8966095802145257
2019-11-29 00:00:00-05:00,-1.4844862462927466,-1.9692545769804566,-2.695797993744984,-0.2957995096739285,0.32259503062717015,1,-0.2728591233914991,-0.223942618038187,-0.9255923080355077
2019-12-02 00:00:00-05:00,-0.20718521178197802,1.2773010345107685,3.246555611491225,-0.31754571288011074,0.5478645348722764,0,-0.24206449485300893,-0.33457711987717403,-0.9298066175244375
2019-12-03 00:00:00-05:00,-0.3775193364418306,-0.1703341246598526,-1.4476351591706211,-0.32010414672026016,0.3321517999762535,0,-0.6834234855879571,-0.6276372220193843,-0.9363479729688486
2019-12-04 00:00:00-05:00,0.7578685811106315,1.1353879175524622,1.3057220422123148,-0.3885384425228705,-0.7857869140512239,0,-0.48450201593686587,-0.5658052849927002,-0.9347340007911601
2019-12-05 00:00:00-05:00,2.294097274715078,1.5362286936044467,0.40084077605198454,-0.41902605676859883,1.9415573648509865,0,-0.12348081448730917,-0.361022642571938,-0.9343326742154523
2019-12-06 00:00:00-05:00,0.9926469275950089,-1.3014503471200691,-2.837679040724516,-0.39173650684283373,-0.7904128917324291,0,0.3897473480553855,-0.2687786550241948,-0.9222528811937746
2019-12-09 00:00:00-05:00,-0.8736869485454606,-1.8663338761404695,-0.5648835290204004,-0.2610487785384304,0.29529165476088,0,0.24999700208830722,-0.19891930005464517,-0.9226691010959498
2019-12-10 00:00:00-05:00,0.11018861180024826,0.9838755603457089,2.8502094364861783,-0.16958945896554847,-0.8892530364417824,0,0.3517490224143918,-0.14404345638864266,-0.9220044594483873
2019-12-11 00:00:00-05:00,2.531169703893496,2.420981092093248,1.4371055317475392,-0.06213911315998207,3.2064309282572334,0,0.7193401364317853,0.19994282611406958,-0.9232252212403941
2019-12-12 00:00:00-05:00,4.8479386523462225,2.3167689484527263,-0.10421214364052167,0.08986798699489675,0.7946995925577501,0,1.249957884755747,0.5540753339915818,-0.9104064595841422
2019-12-13 00:00:00-05:00,-0.6142202100977673,-5.46215886244399,-7.778927810896716,0.326726183591486,-0.9795775397003783,0,0.9033503783771671,0.569506940867962,-0.8489668151472081
2019-12-16 00:00:00-05:00,0.49785425624110463,1.112074466338872,6.574233328782862,0.4859820181484234,-1.0713205655671978,0,1.1999715532966013,0.4584662553113139,-0.8453437286718656
2019-12-17 00:00:00-05:00,1.1786794750217386,0.6808252187806341,-0.4312492475582379,0.7219881374575244,0.8454586446792601,0,1.4319473172786825,0.557984754307487,-0.869677497550819
2019-12-18 00:00:00-05:00,-0.21948850327213434,-1.398167978293873,-2.078993197074507,0.9997793377561434,0.26658186946035495,0,0.8426404190850935,0.4663653575543609,-0.8681940402309744
2019-12-19 00:00:00-05:00,-1.2438197511689406,-1.0243312478968063,0.37383673039706666,1.1588216685561183,-0.7700106326551414,0,-0.3993933285716488,0.38477669502704887,-0.8670197811336933
2019-12-20 00:00:00-05:00,-0.05176568922267089,1.1920540619462696,2.216385309843076,1.0342037357977707,0.0921767304930201,0,-0.2854423205756655,0.48326318970500753,-0.8653008319041385
2019-12-23 00:00:00-05:00,0.5006088965109645,0.5523745857336354,-0.6396794762126342,0.9272669792689578,-1.2575365860534258,0,-0.2848872937314368,0.5755097122323344,-0.8897621261711661
2019-12-24 00:00:00-05:00,-0.7900995666816297,-1.2907084631925942,-1.8430830489262298,0.8102266683006667,-0.8844914038275542,1,-0.6789140922280923,0.29712334589851763,-0.908957704251077
2019-12-26 00:00:00-05:00,0.8483296824611446,1.6384292491427743,2.9291377123353683,0.6253982979426533,-0.3213107602700803,1,-0.46642561543901456,0.4119848690123672,-0.9139038255636006
2019-12-27 00:00:00-05:00,0.3605135499142623,-0.4878161325468823,-2.1262453816896567,0.4804433396215438,0.15991548304434064,1,-0.1404109817914727,0.39884509448738453,-0.9174277257092412
2019-12-30 00:00:00-05:00,-1.0434636511353403,-1.4039772010496026,-0.9161610685027203,0.41724332094974464,0.3636582007628872,0,-0.3427639902597674,0.44635606417893214,-0.9301587185938904
2019-12-31 00:00:00-05:00,0.43216798730013195,1.4756316384354724,2.879608839485075,0.30027690835278087,-0.5127143401258119,0,-0.35651459530368385,0.5146558134902942,-0.9277244457645202
2020-01-02 00:00:00-05:00,3.3390717663797838,2.9069037790796517,1.4312721406441793,0.17216382044433148,3.937160268045697,0,0.48330647268342425,0.9149124448695367,-0.9279174727468504
2020-01-03 00:00:00-05:00,-3.297785069729274,-6.636856836109057,-9.54376061518871,0.2042336877800384,0.3959574011797871,0,-0.3807876004469063,0.4669514536858838,-0.9016327406940391
2020-01-06 00:00:00-05:00,-1.1540124314789661,2.143772638250308,8.780629474359365,0.07523267438728456,-0.5006531883792794,0,-0.684925108305408,0.10691517863683685,-0.8597006735515234
2020-01-07 00:00:00-05:00,1.6205105680623018,2.7745229995412677,0.6307503612909597,-0.08894458031005596,-0.5159025167612168,0,-0.15056032151873042,0.17108041650638037,-0.8589898227907757
2020-01-08 00:00:00-05:00,0.7373197520567204,-0.8831908160055814,-3.657713815546849,-0.12932858693405733,-0.7665714515406965,0,-0.08862587872330359,0.33986168284013724,-0.8535939780285556
2020-01-09 00:00:00-05:00,0.8170158634209035,0.07969611136418309,0.9628869273697644,-0.1737206333520455,-0.26622410697485877,1,-0.5876216819858937,0.41437815599013134,-0.8545361020367673
2020-01-10 00:00:00-05:00,-0.6246732711920279,-1.4416891346129312,-1.5213852459771142,-0.3525133828577718,-0.28760481158614226,1,-0.03623442634652465,0.08723915833450412,-0.855201531871621
2020-01-13 00:00:00-05:00,2.0387293472930827,2.6634026184851107,4.105091753098042,-0.355686696948485,0.6712484931230076,1,0.6258645572047534,-0.1887675921772205,-0.8539453904234415
2020-01-14 00:00:00-05:00,0.43289244851978914,-1.6058368987732936,-4.269239517258404,-0.1662620064364333,-0.12239519640932921,0,0.3785671231470567,-0.08314184163938015,-0.8464268863630563
2020-01-15 00:00:00-05:00,-3.199605885919412,-3.6324983344392012,-2.0266614356659076,-0.04763028215097178,0.9459178154073159,0,-0.4387405677750597,-0.4558759021298125,-0.8501870605262758
2020-01-16 00:00:00-05:00,0.6165574931008981,3.81616337902031,7.4486617134595114,-0.0840435945226256,0.09317000736850856,0,-0.47869784219981276,-0.5100902535711352,-0.8156945747986721
2020-01-17 00:00:00-05:00,-0.28936414958637674,-0.9059216426872749,-4.722085021707585,-0.12377916275604735,-0.7630663440622084,0,-0.4110260133327238,-0.5168859389520114,-0.8196949510191656
2020-01-21 00:00:00-05:00,-0.5804147949078027,-0.29105064532142594,0.614870997365849,-0.14546265363757757,0.31765024476295267,0,-0.9275593903268268,-0.4517436011780787,-0.8218833314682331
2020-01-22 00:00:00-05:00,0.1888785662699456,0.7692933611777483,1.0603440064991743,-0.307763735262691,-0.5464299681671988,0,-0.9751969494289443,-0.42823878019594686,-0.8241506500554624
2020-01-23 00:00:00-05:00,-1.49099547073528,-1.6798740370052254,-2.449167398182974,-0.485950852824161,0.352071338278067,1,-0.6299575079411784,-0.6221644684033117,-0.8295020753445762
2020-01-24 00:00:00-05:00,0.4349212041235457,1.9259166748588257,3.605790711864051,-0.5482085131231221,-0.06742328783234086,0,-0.6658899267015354,-0.5037249479137755,-0.8200739970367308
2020-01-27 00:00:00-05:00,-4.278527192377942,-4.713448396501488,-6.639365071360314,-0.6351558042479973,-0.3100833221786346,0,-1.4607833000315587,-0.9973763958511896,-0.8199805377502595
2020-01-28 00:00:00-05:00,3.3116061944507775,7.59013338682872,12.303581783330209,-0.8560649883462543,-0.5093242097488235,0,-0.7140944114968037,-0.7263581296757474,-0.756576670075642
2020-01-29 00:00:00-05:00,0.17515550054242032,-3.1364506939083574,-10.726584080737076,-0.925407643986142,-0.27305514416216237,1,-0.7168092578547867,-0.6095189912331755,-0.7264242718113828
2020-01-30 00:00:00-05:00,-2.430485535391409,-2.605641035933829,0.5308096579745283,-1.0108522174552577,0.5888743531275602,1,-0.905812998527986,-0.8832829807936131,-0.7281132134832365
2020-01-31 00:00:00-05:00,-3.33333553911175,-0.9028500037203409,1.7027910322134883,-1.1057426586669648,0.5223305169692827,0,-1.642271183963533,-1.4857588695700348,-0.7083517647271429
2020-02-03 00:00:00-05:00,1.538751039568195,4.872086578679944,5.774936582400285,-1.300245550131058,-0.7896610584623712,0,-0.49413129498784814,-1.0492110050654997,-0.6922181655941978
2020-02-04 00:00:00-05:00,5.020993154096852,3.4822421145286575,-1.3898444641512868,-1.2716927696432583,0.5675270556773794,0,-0.16254386425101347,-0.4766687283333611,-0.6851538117864454
2020-02-05 00:00:00-05:00,0.695405778312384,-4.325587375784468,-7.807829490313125,-1.237558239944939,-1.2193558979287045,0,-0.056743761467365934,-0.5653140629667063,-0.6079131825589585
2020-02-06 00:00:00-05:00,0.17265259166245378,-0.5227531866499302,3.802834189134538,-1.1662831286830253,-0.9438764107345239,1,0.4896006367540892,-0.6193990524907887,-0.606984211560242
2020-02-07 00:00:00-05:00,-3.1368556389202715,-3.3095082305827255,-2.7867550439327955,-0.95997261628359,1.1812014365606298,1,0.5323332892464038,-0.99568855745983,-0.6165763571844001
2020-02-10 00:00:00-05:00,1.459081838513053,4.595937477433324,7.90544570801605,-0.700850223248679,-0.973827427913564,0,0.5158038191919498,-0.8023910624776922,-0.5829988757092723
2020-02-11 00:00:00-05:00,2.876197600201813,1.41711576168876,-3.178821715744564,-0.46813368245239667,0.9973348496185476,0,0.08590210620411699,-0.7251454561156205,-0.5808551874880176
2020-02-12 00:00:00-05:00,1.653590470547225,-1.222607129654588,-2.639722891343348,-0.3401819554691832,-0.34540010039075236,0,0.28211961199369545,-0.6098127165030672,-0.5624715113639688
2020-02-13 00:00:00-05:00,-0.5030974610025676,-2.1566879315497927,-0.9340808018952047,-0.17852508443748105,0.027468052981157672,0,0.14169340694169047,-0.34227085384781397,-0.5589647130021187
2020-02-14 00:00:00-05:00,-1.9214660963896029,-1.4183686353870353,0.7383192961627574,-0.08621078096656087,0.00484180623116388,0,0.40112840610311684,-0.5912859783212799,-0.562839009059171
2020-02-18 00:00:00-05:00,-3.454190834676885,-1.5327247382872822,-0.11435610290024689,0.09669993105951698,1.1327593249439227,0,-0.612705878370552,-0.8967165343470018,-0.548629694539074
2020-02-19 00:00:00-05:00,2.598774302370443,6.0529651370473285,7.5856898753346105,0.0760910052914178,-0.7821404832678709,0,-0.6664285447341487,-0.5987685914459961,-0.5082545664824782
2020-02-20 00:00:00-05:00,-2.0124748026922683,-4.611249105062711,-10.66421424211004,0.0013805445935109169,-0.3447662842601773,0,-1.3829583697210974,-0.8100379192612974,-0.4899572048248262
2020-02-21 00:00:00-05:00,-1.5757876886343074,0.4366871140579609,5.047936219120672,-0.22897424301002348,-0.2714370346981203,0,-1.5894343951022794,-0.8181325593192271,-0.4790759823170093
2020-02-24 00:00:00-05:00,-2.644371847843928,-1.0685841592096206,-1.5052712732675815,-0.5095653900619933,0.8624067915855307,1,-1.7290728291732762,-1.1062103471317986,-0.4705750950678595
2020-02-25 00:00:00-05:00,-0.48038997031193165,2.163981877531996,3.2325660367416167,-0.781569264512819,0.44081729242106604,0,-1.1498271409055607,-0.7448162176555141,-0.456769188385884
2020-02-26 00:00:00-05:00,2.1722774490053123,2.652667419317244,0.48868554178524803,-0.950739459585987,-0.4519787741618588,0,-1.2304082518878487,-0.8492447198762327,-0.4561586958855897
2020-02-27 00:00:00-05:00,-3.1618969144844304,-5.334174363489742,-7.986841782806986,-1.1306439435885756,0.026454998642864637,0,-1.4568514353772395,-1.161209862736657,-0.44239629024277316
2020-02-28 00:00:00-05:00,1.0320692575182087,4.193966172002639,9.528140535492382,-1.3208535951080804,0.16378103437717423,0,-0.951366991701782,-0.8399386390221625,-0.41695400003028227
2020-03-02 00:00:00-05:00,3.9747507241342874,2.9426814666160785,-1.2512847053865608,-1.4290543749108955,-0.12491896671327796,0,0.3800761907544044,-0.13124040160171616,-0.414069664421151
2020-03-03 00:00:00-05:00,-1.964987540047217,-5.939738264181504,-8.882419730797583,-1.3131250057274957,-0.018251462960428386,0,0.06807936005065886,-0.47916525546452765,-0.3667039195551436
2020-03-04 00:00:00-05:00,4.008761400020814,5.973748940068031,11.913487204249535,-1.2278964022303605,-0.8748683021720268,0,0.43839896876652323,-0.57299462600843,-0.3543264433974469
2020-03-05 00:00:00-05:00,-2.3651101456094317,-6.373871545630245,-12.347620485698275,-1.0424092882261722,-0.12810372087635652,1,0.6109650099540298,-0.8660257543632023,-0.3209076558241848
2020-03-06 00:00:00-05:00,-1.1842827884843181,1.1808273571251136,7.554698902755359,-0.7858631210111602,0.4970745238067197,0,0.14709343567358457,-0.9926550370252258,-0.3043449638118862
2020-03-09 00:00:00-04:00,-5.883416108458571,-4.699133319974253,-5.879960677099366,-0.6169068700904927,-0.01866569652939772,0,-1.8137969535632223,-1.2541309028204295,-0.3021936222909777
2020-03-10 00:00:00-04:00,5.1707282784339865,11.054144386892558,15.753277706866811,-0.8794642602449679,-0.4890445163435729,0,-0.45116161656440457,-0.9263495282508375,-0.19158077145935304
2020-03-11 00:00:00-04:00,-4.164368545566308,-9.335096824000296,-20.389241210892855,-0.8573523525837892,0.37087489767634774,0,-2.029337716205394,-1.5619807664854957,-0.12624018238320667
2020-03-12 00:00:00-04:00,-6.795545628189725,-2.6311770826234167,6.703919741376879,-1.1351532415842502,0.06322160618603348,0,-2.8690595447846774,-2.2811220837400175,-0.15040626468441792
2020-03-13 00:00:00-04:00,7.2704747027993815,14.066020330989106,16.69719741361252,-1.504837727219186,-0.29347179553597086,0,-1.357585051536902,-1.661324787185423,-0.01222349565215218
2020-03-16 00:00:00-04:00,-14.0340687539806,-21.30454345677998,-35.370563787769086,-1.5962929951531175,0.09127811200529092,0,-3.0183420830935104,-2.7175894506953315,0.1644257640648231
2020-03-17 00:00:00-04:00,8.10690096735293,22.14096972133353,43.445513178113515,-1.9060810452071923,-0.5817581834907667,0,-2.5293218817287957,-1.8198980285295137,0.7626975872065624
2020-03-18 00:00:00-04:00,-8.590852445115834,-16.697753412468764,-38.83872313380229,-2.2547257220793653,0.10696385493500206,1,-3.360952563254367,-2.7353911191365734,0.9898318947193505
2020-03-19 00:00:00-04:00,-0.1433418797222744,8.447510565393559,25.14526397786232,-2.6456634321549237,-0.718802545064099,0,-2.1352357377831566,-2.5927323318172792,1.2055875393197155
2020-03-20 00:00:00-04:00,1.4581725575649187,1.601514437287193,-6.845996128106366,-2.760750853148216,0.42982925321486176,1,-3.1321770947403667,-2.357799720279012,1.2054215860139457
2020-03-23 00:00:00-04:00,1.6393753833850668,0.18120282582014813,-1.4203116114670449,-3.157326418825872,-0.7239459330819823,0,0.040650937782593016,-2.012112575494494,1.2136990079555487
2020-03-24 00:00:00-04:00,7.976127426233539,6.336752042848472,6.155549217028324,-2.9085473315614876,0.20173293403351183,1,0.01576176016277664,-1.315158340574689,1.225654279634629
2020-03-25 00:00:00-04:00,0.2660060398157468,-7.710121386417792,-14.046873429266263,-2.7432209087465265,-0.5924831936403931,0,2.0069322961993032,-1.4811904640381512,1.438632378592981
2020-03-26 00:00:00-04:00,1.7755116005648395,1.5095055607490928,9.219626947166885,-2.186233294065704,0.019382020507996936,1,2.440091208093094,-1.0359302488434305,1.4383179907858201
2020-03-27 00:00:00-04:00,-5.935419568252219,-7.7109311688170585,-9.220436729566151,-1.6045748094089052,0.17303741233040495,0,0.7658532379961654,-1.6688886335185094,1.4482367740981206
2020-03-30 00:00:00-04:00,1.9398595372716254,7.875279105523845,15.586210274340903,-1.2590355376354398,-0.8319920122315881,0,0.828825226569006,-1.8361279185007902,1.5514180795532977
2020-03-31 00:00:00-04:00,-0.06272212492360521,-2.002581662195231,-9.877860767719076,-0.8716735750934873,0.14889846003049254,1,-0.7616833595474651,-1.6735614221689001,1.5253358203862215
2020-04-01 00:00:00-04:00,-2.6784018747486615,-2.6156797498250564,-0.6130980876298255,-0.8228201457143892,-0.3491400900010457,0,-1.3423326418812989,-2.2226715476429675,1.4960717089481503
2020-04-02 00:00:00-04:00,3.4831357090770716,6.161537583825734,8.777217333650789,-0.8212264423404216,-0.8054302328420979,0,-1.020319102429688,-1.743989282060684,1.5122972121202876
2020-04-03 00:00:00-04:00,-2.2231276271990787,-5.70626333627615,-11.867800920101883,-0.8187073798613949,-0.401811873345703,1,-0.2501830848895337,-1.8330355978371446,1.5455900856625664
2020-04-06 00:00:00-04:00,6.183577482598735,8.406705109797814,14.112968446073964,-0.6433280480938562,0.6002720427117088,1,0.5942474591749276,-0.7584665248938834,1.5547968907104122
2020-04-07 00:00:00-04:00,-0.5002848673811192,-6.683862349979854,-15.090567459777668,-0.4271950416874751,-0.39577077145531764,0,0.5017376903338263,-1.2683352586886616,1.6828547566811625
2020-04-08 00:00:00-04:00,1.1061753761172841,1.6064602434984034,8.290322593478258,-0.16718058345020348,-0.2376200951593065,0,1.319782776145025,-0.7763546421506692,1.6825589715575238
2020-04-09 00:00:00-04:00,-3.859144749660644,-4.965320125777928,-6.571780369276331,0.19082038471207918,1.9149741515503482,0,-0.23081421663597979,-0.47901766985898353,1.6720208051661343
2020-04-13 00:00:00-04:00,0.8689947048657245,4.728139454526368,9.693459580304296,0.20604336112598348,-0.5870547738023196,0,0.4112766245531695,-1.0599716628169464,1.712390455285189
2020-04-14 00:00:00-04:00,3.856428631572629,2.9874339267069043,-1.7407055278194639,0.41732523451986686,0.1105400463564492,0,-0.04777793981654865,0.8451165212265319,1.6884059155928335
2020-04-15 00:00:00-04:00,-1.9158522568050538,-5.772280888377683,-8.759714815084587,0.34121369945644037,-0.4886750561277508,0,-0.3392401427517773,-0.1802040536503064,1.7384371709821715
2020-04-16 00:00:00-04:00,5.5175007283785975,7.433352985183651,13.205633873561334,0.30185290782610785,2.004268308756341,0,0.5418937857077832,1.3684632222636006,1.7481464081060425
2020-04-17 00:00:00-04:00,2.4618363668812284,-3.055664361497369,-10.48901734668102,0.30343489667875956,-1.023215288313182,0,1.927608543296469,1.6706439135827926,1.8493751564652385
2020-04-20 00:00:00-04:00,-2.0488011587141326,-4.510637525595361,-1.454973164097992,0.55569627954352,-0.4268068721751266,0,1.2778549406018207,1.2598378191356259,1.869499495166151
2020-04-21 00:00:00-04:00,-2.3198261432571585,-0.2710249845430259,4.239612541052335,0.7139022111371707,0.5558481001644215,0,-0.019310489817745094,0.8128869939238886,1.8756387259565073
2020-04-22 00:00:00-04:00,3.075721852482348,5.3955479957395065,5.666572980282533,0.6456355298764346,-0.9710539099828691,0,1.0247250628919857,0.3124345241467733,1.8909139697389394
2020-04-23 00:00:00-04:00,-0.5854581995617584,-3.6611800520441062,-9.056728047783613,0.8424168516974295,-0.32579069540878636,1,-0.22222798389162401,0.2230422689954277,1.8643528738084052
2020-04-24 00:00:00-04:00,0.17099089016249963,0.756449089724258,4.417629141768364,0.7843361669209443,-0.7106762534946369,1,-0.6763716163965653,0.05849698898564256,1.8302499932778271
2020-04-27 00:00:00-04:00,1.4792244266915693,1.3082335365290696,0.5517844468048116,0.6391344990192859,-0.11351178739324044,1,0.038884159442692995,0.8682382185445161,1.830244336341051
2020-04-28 00:00:00-04:00,-1.4016097865005588,-2.880834213192128,-4.189067749721198,0.5758529190937939,0.8855313543209173,0,0.23227922451086966,0.5049707261308786,1.818544041900053
2020-04-29 00:00:00-04:00,3.2600559604038746,4.661665746904434,7.542499960096562,0.5892895631252792,-0.15506820413379602,0,0.2694173093511519,0.8613666297824901,1.7888221087226337
2020-04-30 00:00:00-04:00,-2.4779839654024736,-5.738039925806348,-10.39970567271078,0.5769371729090673,-0.7290559920723776,0,-0.12662177183996065,0.8841748300607194,1.8144077935037073
2020-05-01 00:00:00-04:00,-3.82081216775272,-1.3428282023502462,4.395211723456102,0.4759457561471883,1.199516701821084,0,-0.9398754772916249,0.10084395206892233,1.754655655202274
2020-05-04 00:00:00-04:00,2.054785586588144,5.875597754340864,7.21842595669111,0.2702780450754438,-0.7423851860221216,0,-0.828740084344244,0.552143101484403,1.7975317287267563
2020-05-05 00:00:00-04:00,-0.8437303974948694,-2.8985159840830135,-8.774113738423878,0.04207177114502174,-0.0780172592503972,0,-0.7172426748849389,-0.16037770005873178,1.8120994005043431
2020-05-06 00:00:00-04:00,0.812232779125405,1.6559631766202745,4.554479160703288,-0.0866604248111564,-0.03559909027058717,0,-1.187020299227183,-0.02775677284869886,1.7838785337129643
2020-05-07 00:00:00-04:00,0.3836616623524627,-0.42857111677294235,-2.084534293393217,-0.34260721369855396,-0.8844662409339821,0,-0.6192944106189346,-0.10054959460170097,1.7789817211117953
2020-05-08 00:00:00-04:00,1.1083672203454569,0.7247055579929942,1.1532766747659364,-0.4566019252822363,0.08141869929666416,1,0.40136160240201435,0.4220107319012914,1.7518277200318149
2020-05-11 00:00:00-04:00,-0.9639293474891941,-2.072296567834651,-2.797002125827645,-0.3989538850825679,-0.02109052268800186,0,-0.2179091946950222,0.22873764330127946,1.746666733488653
2020-05-12 00:00:00-04:00,-2.4809008291955252,-1.5169714817063311,0.5553250861283199,-0.45638507451918225,0.5685277860034333,0,-0.5533575068251383,-0.408487962755166,1.748503298024321
2020-05-13 00:00:00-04:00,-0.35224032257730986,2.1286605066182154,3.6456319883245465,-0.5194498036816202,-0.14940057258077574,0,-0.7841584753914542,-0.252170762467332,1.7559463734678413
2020-05-14 00:00:00-04:00,2.3173537502675954,2.6695940728449052,0.5409335662266899,-0.6516482648405778,1.144460181205613,0,-0.40370636983135405,-0.5542986123051297,1.7201594338558
2020-05-15 00:00:00-04:00,-4.414598441754117,-6.731952192021712,-9.401546264866617,-0.6650848207929575,0.5002624965216248,0,-1.503337983778467,-1.2025916071876175,1.7156096274184718
2020-05-18 00:00:00-04:00,4.156637449660787,8.571235891414904,15.303188083436616,-0.8503814196872834,-0.7820196073828358,0,-0.5193470933021666,-0.6316886462590613,1.7634428105481548
2020-05-19 00:00:00-04:00,-2.043565410249577,-6.200202859910364,-14.771438751325269,-0.8807215895067931,-0.11919538244088744,0,-0.42958665522666234,-0.6045873852560495,1.813174275432399
2020-05-20 00:00:00-04:00,2.0271351188781055,4.0707005291276825,10.270903389038047,-0.8937246200912728,-0.928005129931039,0,0.05047687776044718,-0.7023451543858892,1.804238182941497
2020-05-21 00:00:00-04:00,-2.1025988392285253,-4.12973395810663,-8.200434487234313,-0.7899168738620269,-0.30388381232190875,1,-0.8387646697115912,-0.8475023409642622,1.8164515535303405
2020-05-22 00:00:00-04:00,-1.8719372934521383,0.23066154577638698,4.3603955038830176,-0.8659856024791301,1.141320862107335,1,-0.31483835013649497,-1.038529445580213,1.8153916505043979
2020-05-26 00:00:00-04:00,2.0482127115112854,3.920150004963424,3.6894884591870367,-0.8024864671577222,-0.7907903820250034,0,-0.7241424604569068,-0.9870822977051867,1.794893447771067
2020-05-27 00:00:00-04:00,1.8102913220296855,-0.2379213894815999,-4.158071394445024,-0.8352109384215416,0.4728630723028247,0,0.05524964406079399,-0.686505313655769,1.8049512580676204
2020-05-28 00:00:00-04:00,-2.8217995137111944,-4.63209083574088,-4.39416944625928,-0.7324863009791656,-0.7794151080246716,0,-0.9232997536089326,-1.2476682471797094,1.7647000505387265
2020-05-29 00:00:00-04:00,0.09944654115910602,2.9212460548703003,7.55333689061118,-0.7766965521189483,0.5816959847892265,0,-0.4821760663335386,-1.0106913396458752,1.7775543597414447
2020-06-01 00:00:00-04:00,1.3908118801263654,1.2913653389672592,-1.629880715903041,-0.7524244162633412,-1.1106852196778654,0,0.1845635393692616,-0.5119874983413931,1.7241681760001266
2020-06-02 00:00:00-04:00,1.9204191395530368,0.5296072594266714,-0.7617580795405878,-0.6442811521178278,-0.20023847205841597,1,0.15861727895503483,-0.5247614625107819,1.7145305323352678
2020-06-03 00:00:00-04:00,2.018873440207744,0.0984543006547074,-0.431152958771964,-0.5380899852353421,0.6853522659513537,1,0.20101205619909693,-0.245032695777711,1.7223882690052459
2020-06-04 00:00:00-04:00,2.299269388100566,0.28039594789282196,0.18194164723811457,-0.45291889739550856,1.1289473999495665,0,1.2937287402595803,-0.09798276250080469,1.6216612953459602
2020-06-05 00:00:00-04:00,1.694912335399571,-0.6043570527009952,-0.8847530005938171,-0.1527620335265429,-0.7361021577649163,0,1.6416454667369877,0.03415848248187283,1.5550979599189607
2020-06-08 00:00:00-04:00,0.6702968029183828,-1.0246155324811883,-0.42025847978019315,0.20720935235316446,-0.9389536254990588,0,1.4840544311134727,-0.010244150730634697,1.5040149334251889
2020-06-09 00:00:00-04:00,1.8715310950719746,1.201234292153592,2.22584982463478,0.5431256292985301,0.9108926610014031,0,1.4734927937861129,0.2818994247335095,1.3464722900712074
2020-06-10 00:00:00-04:00,1.6604662839968385,-0.21106481107513608,-1.412299103228728,0.8506527767381228,-0.19406184840645954,0,1.3961753358014604,0.7276373942890391,1.197773921157985
2020-06-11 00:00:00-04:00,-4.361408490589702,-6.021874774586541,-5.810809963511405,1.100097125502651,0.007381724768796327,0,-0.03172827161303602,0.2874123643424707,0.5431072880548273
2020-06-12 00:00:00-04:00,1.7441749704157619,6.105583461005464,12.127458235592005,1.0766923926992602,-0.16474172142743732,0,-0.02179637835796487,0.2285829623219505,0.4235434715074696
2020-06-15 00:00:00-04:00,0.03569954784443387,-1.708475422571328,-7.814058883576792,1.061522704145489,-0.6776431850363474,0,-0.15110301031040113,0.7147789918900237,0.1742449276405855
2020-06-16 00:00:00-04:00,-0.39269998378531906,-0.4283995316297529,1.280075890941575,0.9657321825326203,0.23024566375375696,1,-0.6041523875598148,0.23742723095844814,0.17367896008342185
2020-06-17 00:00:00-04:00,1.433690059401256,1.8263900431865752,2.254789574816328,0.8103435492765285,-0.30055839535404305,0,-0.6486115607837432,0.608436855700394,0.1724313508641705
2020-06-18 00:00:00-04:00,-0.05339454222473573,-1.4870846016259918,-3.313474644812567,0.6025095325519285,-0.5346484428523541,0,0.2471450367507293,0.3877436200781133,0.17095154814675467
2020-06-19 00:00:00-04:00,-1.4960039387657849,-1.4426093965410491,0.044475205084942626,0.6326185827929409,-0.11312273858999801,1,-0.4146757440078359,0.45343535788412687,-0.014687450403483522
2020-06-22 00:00:00-04:00,1.2475228561669878,2.7435267949327726,4.186136191473822,0.5008633357037192,-0.9419918358176882,0,-0.1709454311764039,0.7925543103961256,-0.004842533790079543
2020-06-23 00:00:00-04:00,1.3571344031727075,0.10961154700571973,-2.633915247927053,0.3919832017435353,1.493780328616115,1,0.18678874258686257,0.7180161130830641,-0.00912771358723555
2020-06-24 00:00:00-04:00,-0.3171078242649247,-1.6742422274376323,-1.783853774443352,0.37406051260079903,-0.3687853441114818,0,-0.17087226383972973,0.489580796403319,-0.12958447559773384
2020-06-25 00:00:00-04:00,0.8129947400036005,1.1301025642685252,2.8043447917061575,0.29493579126437947,-0.9559419604858488,0,0.005650709459938435,0.8899363684653202,-0.13639237634491896
2020-06-26 00:00:00-04:00,-1.2447432594588443,-2.0577379994624447,-3.18784056373097,0.21692025013070457,0.6837922035497054,0,0.058043961918790514,0.7408247513813372,-0.13612636626693375
2020-06-29 00:00:00-04:00,0.10651904581164018,1.3512623052704846,3.4090003047329294,0.16684463505374222,-0.5850201436623297,0,-0.17402322637343828,0.6020608296013883,-0.15726290744890414
2020-06-30 00:00:00-04:00,0.6738884810424869,0.5673694352308467,-0.7838928700396379,0.07560727483215918,0.7843694524895393,0,-0.31127302963361975,0.46977399347270166,-0.18883915253617525
2020-07-01 00:00:00-04:00,0.08807076700016642,-0.5858177140423204,-1.1531871492731671,-0.03587559675933024,-0.24611005175722528,0,-0.22907197572238616,0.26757086228138005,-0.20921500901584056
2020-07-02 00:00:00-04:00,3.167878437800671,3.079807670800504,3.6656253848428246,-0.1056079143714935,0.8558063873605051,0,0.24524226158971574,0.35656965614457675,-0.3196155335029202
2020-07-06 00:00:00-04:00,5.561244780171767,2.393366342371096,-0.6864413284294084,-0.07117153757122979,0.4382450552051557,0,1.6773383436104643,0.758456915658646,-0.2949217700662251
2020-07-07 00:00:00-04:00,-1.8907403334164499,-7.451985113588217,-9.845351455959312,0.2587485779620838,-1.203991320532293,0,1.2341813708789813,0.47931563000294297,-0.20995254272266
2020-07-08 00:00:00-04:00,3.0966817157076156,4.987422049124065,12.439407162712282,0.5148103100849787,0.5204344344815892,1,1.7580623435014098,0.6079197398782259,-0.25113625620557767
2020-07-09 00:00:00-04:00,3.4989595564383307,0.40227784073071504,-4.58514420839335,0.8833665023508085,1.9100230482314058,0,2.5177694721815347,0.8036328859986018,-0.22912754559286794
2020-07-10 00:00:00-04:00,-1.4356305826385092,-4.93459013907684,-5.336867979807555,1.411376971403137,-0.9645737252161668,0,1.4891396182782568,1.140688932245565,-0.23649307924272475
2020-07-13 00:00:00-04:00,1.9107471392179856,3.346377721856495,8.280967860933334,1.6668699767278798,1.0723245515449196,0,0.7275208400550754,1.1592786843920337,-0.24302064067550577
2020-07-14 00:00:00-04:00,2.9045577042417765,0.993810565023791,-2.352567156832704,1.738365549996256,-0.9735817388183512,0,1.7667496139477494,1.4854495808718742,-0.3187524056135448
2020-07-15 00:00:00-04:00,-1.3440985402363534,-4.24865624447813,-5.242466809501921,2.0362753396706443,0.25351072332875835,0,0.8061447866709086,1.373700988459566,-0.31229692773524065
2020-07-16 00:00:00-04:00,0.8022995565557923,2.146398096792146,6.395054341270276,2.106273656187942,0.4243842316721317,0,0.25011410079637886,1.3015705681776637,-0.32177611939862677
2020-07-17 00:00:00-04:00,-0.2853324404629025,-1.0876319970186947,-3.2340300938108406,2.0370596841243414,-0.7160593485850432,0,0.4926820836843315,1.2748469950400878,-0.34571114380880036
2020-07-20 00:00:00-04:00,0.737942210191142,1.0232746506540447,2.1109066476727394,2.0359678555058114,-1.1637516918082564,0,0.25069738734298824,1.5354027710992952,-0.36622435194190534
2020-07-21 00:00:00-04:00,1.3753943719918902,0.6374521618007482,-0.3858224888532965,1.9420798426183579,1.3206695961661097,1,-0.05817171004388107,1.550241971073226,-0.3691518980516546
2020-07-22 00:00:00-04:00,1.0617933231271914,-0.31360104886469875,-0.9510532106654469,1.7584545447918511,-0.8310586935266162,0,0.44117957777446204,1.5159621326761326,-0.3666171589912854
2020-07-23 00:00:00-04:00,-1.6926627128094425,-2.754456035936634,-2.440854987071935,1.7171878093509023,0.20066897841206233,0,-0.07799164755946915,1.3540948029928217,-0.3688040386581244
2020-07-24 00:00:00-04:00,9.692720883230535,11.385383596039977,14.139839631976612,1.5497219450109188,8.250500409641576,0,1.9690154085647134,2.373038686625918,-0.3651021560936327
2020-07-27 00:00:00-04:00,12.652239646131937,2.9595187629014017,-8.425864833138576,1.836621229674272,-0.2271333067303663,0,4.630516759657692,4.144325154260138,-0.1193854022842269
2020-07-28 00:00:00-04:00,-7.603603366121486,-20.255843012253422,-23.215361775154825,2.677668722824863,-0.6198919841388604,0,2.4016023653447762,3.038447646911843,0.30695121993059854
2020-07-29 00:00:00-04:00,7.475302835527332,15.078906201648817,35.33474921390224,3.025049024106601,-0.37969599985122965,0,3.857159656305466,3.9337777288199858,0.46355337715786726
2020-07-30 00:00:00-04:00,-3.3143757792237896,-10.789678614751121,-25.868584816399938,3.6944812461554264,-1.0499064888175378,0,3.4547852757782582,3.4528258638161,0.6013952147051105
2020-07-31 00:00:00-04:00,-1.3011351105005418,2.013240668723248,12.80291928347437,4.286838083465726,-0.7846735609758362,1,1.0504753715563637,2.860801773476704,0.6469508471767155
2020-08-03 00:00:00-04:00,0.07603756245358231,1.377172672954124,-0.636067995769124,4.280070525228802,-0.5027745609321757,1,-1.3592205157890362,2.1813973003341154,0.6606405604640577
2020-08-04 00:00:00-04:00,1.570599837698586,1.4945622752450036,0.11738960229087958,3.531818423635164,0.3742912787618097,1,0.5447321683984641,2.6187177124428613,0.6616617473758171
2020-08-05 00:00:00-04:00,1.7957503168266864,0.2251504791281005,-1.2694117961169031,3.3920798623860073,0.17096500976050744,0,-0.569206437532522,2.4567855215370544,0.6633993309264843
2020-08-06 00:00:00-04:00,-1.3598089916147698,-3.155559308441456,-3.3807097875695566,2.8855302202310513,-0.8577137923194266,0,-0.16559320795773624,1.8619475672351478,0.6570217652023654
2020-08-07 00:00:00-04:00,-0.6085416063382194,0.7512673852765503,3.9068266937180063,2.593389347870957,-0.40983846527411194,1,-0.022659375435637306,1.9632823752603126,0.6374714672940491
2020-08-10 00:00:00-04:00,-0.19990207026523998,0.4086395360729794,-0.3426278492035709,2.3396762451537736,-0.48117709780710505,1,-0.07921680565360806,1.7110786171971948,0.6395956892660828
2020-08-11 00:00:00-04:00,-2.4164283388056482,-2.216526268540408,-2.6251658046133874,2.0968828378876343,-0.2645647276306611,1,-0.8821655836485017,1.0944495811381743,0.6353426536573659
2020-08-12 00:00:00-04:00,1.8603952066563474,4.276823545461996,6.4933498140024035,1.6606408460760749,0.24902061527045913,1,-0.8696854338505867,1.46176987257466,0.5816746418202291
2020-08-13 00:00:00-04:00,-1.372973037793674,-3.2333682444500216,-7.510191789912017,1.1739605294222057,-0.6314751625674514,0,-0.8723098122100564,1.2098084235157636,0.5491005397851009
2020-08-14 00:00:00-04:00,0.14049557482731462,1.5134686126209886,4.74683685707101,0.7243988626341316,-0.4724317698629093,1,-0.7241305918216093,1.2585940105868603,0.5384699834958465
2020-08-17 00:00:00-04:00,2.270098050463613,2.129602475636298,0.6161338630153095,0.3206888892361516,1.0421647079278842,1,-0.23383309855101553,1.4330865677615283,0.5346126986762384
