Date,Returns,ReturnVelocity,ReturnAcceleration,SmaDiffWeekMonth,VolumeVelocity,IsBiggestVolume,WeekMomentum,MonthMomentum,SeasonVolatility
2019-01-24 00:00:00-05:00,-0.4779311947335118,-1.4525507623209852,-4.311853115866203,1.0520568235461825,-0.46641499660483005,1,-0.05114989919469732,2.609741184221739,2.661028735161661
2019-01-25 00:00:00-05:00,0.913387632564939,1.391318827298451,2.843869589619436,0.8150645846023492,0.9353295398809621,1,0.041562666210764265,0.8155595806231983,2.589088253383375
2019-01-28 00:00:00-05:00,-1.9501654092833476,-2.8635530418482866,-4.254871869146737,0.7500876119372432,-0.3155891494711547,0,-1.4638183339238846,0.03504899578768148,2.5776425446816713
2019-01-29 00:00:00-05:00,-2.0365656679640574,-0.08640025868070977,2.777152783167577,0.36130223581147947,0.06938288801790876,0,-1.5300764045454887,-0.34231966852431717,2.5072179394356366
2019-01-30 00:00:00-05:00,3.341775953595576,5.378341621559633,5.464741880240343,-0.0029508572896017986,1.6259433945684727,0,-0.5282126086448478,0.28801678923022855,2.5707204163341104
2019-01-31 00:00:00-05:00,-1.833062868241682,-5.174838821837258,-10.55318044339689,-0.1682230409117783,0.2436750134834818,0,-1.1237646999086468,-0.13180426837578824,2.605463465714126
2019-02-01 00:00:00-05:00,-1.5800076295411112,0.2530552387005709,5.427894060537829,-0.4483528449455681,-1.2608682490401246,0,-2.1897368126876855,0.514233962038563,2.645624361252118
2019-02-04 00:00:00-05:00,2.8799414090871798,4.459949038628291,4.20689379992772,-1.0668528147243215,-0.5099290762693113,0,-0.11698210483547712,0.0015561473572420804,2.681642128458152
2019-02-05 00:00:00-05:00,1.3996612797607921,-1.4802801293263876,-5.940229167954678,-1.0983991290208364,-0.536664721117482,1,1.4316195556380014,0.37994441457602435,2.781396384866232
2019-02-06 00:00:00-05:00,-1.109860752503633,-2.5095220322644254,-1.0292419029380377,-0.7759370554232337,-0.9031575355480932,1,-0.5368929562585407,-0.16950277569904817,2.8094406978743116
2019-02-07 00:00:00-05:00,-0.7167892958821214,0.39307145662151166,2.902593488885937,-0.9007697267670669,1.2326846786102137,1,-0.039640593693632736,-0.7962168169050582,2.594686476149676
2019-02-08 00:00:00-05:00,0.37999118940321935,1.0967804852853407,0.703709028663829,-0.837141025475799,-1.0056928721499148,0,0.8411131709299039,-0.49792099940120277,2.6008085093333055
2019-02-11 00:00:00-05:00,-0.39746710786100076,-0.7774582972642201,-1.8742387825495608,-0.581274065915331,-0.5096477420504909,0,-0.5958502781443052,-0.3873357862204449,2.5496923823207913
2019-02-12 00:00:00-05:00,1.5581875125148372,1.955654620375838,2.7331129176400584,-0.7001739117674306,0.8634345529940964,1,-0.5275770935406978,0.2900630572274354,2.462419059367399
2019-02-13 00:00:00-05:00,-0.07486139301924434,-1.6330489055340816,-3.58870352590992,-0.8662576468949461,-0.9654025761906806,0,-0.06980316372061487,-0.5794508678899429,2.497689076984892
2019-02-14 00:00:00-05:00,0.08428871657096439,0.15915010959020873,1.7921990151242904,-0.8306706172218901,0.428450251210043,1,0.2867996229628217,-0.6574498165779081,2.4661899602304147
2019-02-15 00:00:00-05:00,1.2347941975989283,1.1505054810279638,0.9913553714377551,-0.6958616006053467,0.5432599724623813,0,0.6661973430141374,-0.5034301306603605,2.396443746557385
2019-02-19 00:00:00-05:00,-0.04621612243995796,-1.2810103200388863,-2.4315158010668503,-0.47747356510969646,-1.1393323021000201,0,0.8246522335726306,-0.9489513865344553,2.4057687194167783
2019-02-20 00:00:00-05:00,-0.5199221381648147,-0.4737060157248567,0.8073043043140296,-0.17496612356832905,0.47051966868475126,1,-0.0980059832388349,-0.5479060754989239,2.229905974696869
2019-02-21 00:00:00-05:00,2.109213429476984,2.629135567641799,3.102841583366656,-0.1495474330116256,0.9262346379417765,0,0.8673806119108668,-0.2194318689062104,2.1122897351965535
2019-02-22 00:00:00-05:00,1.4258146115504797,-0.6833988179265045,-3.312534385568304,0.09585305766629221,-0.28066606593419935,0,1.4723478212453782,0.34604564199832133,2.1476375720281182
2019-02-25 00:00:00-05:00,0.5587171754287777,-0.867097436121702,-0.1836986181951975,0.44451172047244325,-0.5896897544698061,0,1.1668925308695062,0.24016145371284658,2.171757265421357
2019-02-26 00:00:00-05:00,0.6900306182880684,0.1313134428592907,0.9984108789809927,0.7273303012108008,-0.4307955352419764,0,1.5015460109884269,1.04854065171285,2.0250463892493777
2019-02-27 00:00:00-05:00,-0.1690989771454602,-0.8591295954335286,-0.9904430382928193,1.021740995636292,-0.14929279156839306,1,1.662948628751922,1.6362387579421094,2.026045161725987
2019-02-28 00:00:00-05:00,-0.12480880394997179,0.04429017319548842,0.9034197686290171,1.3036723059489523,0.9525935685508602,1,0.6580786583429078,0.5823559491186436,1.8298411442130678
2019-03-01 00:00:00-05:00,0.4463017375806658,0.5711105415306377,0.5268203683351492,1.4222039119234309,-0.7365299576785707,0,0.22422661761518725,1.2873682266527966,1.8186140469696703
2019-03-04 00:00:00-05:00,-0.2399336746830866,-0.6862354122637524,-1.25734595379439,1.3598173460834462,0.2671814521938734,0,-0.12912141813905476,1.7103895609572066,1.8158724249921232
2019-03-05 00:00:00-05:00,-0.49884208651958095,-0.2589084118364944,0.427327000427258,1.163860878950343,-0.9648830136396168,0,-0.6502577307265012,0.6761529927623237,1.8009029969246704
2019-03-06 00:00:00-05:00,0.044749903388995635,0.5435919899085766,0.802500401745071,0.9188249608518952,-0.4355574759938965,1,-0.5568277832985613,0.26918332182176463,1.6495107064483159
2019-03-07 00:00:00-05:00,-1.217003687898605,-1.2617535912876006,-1.8053455811961772,0.7383309012807978,1.1974684982260764,1,-1.0348146240459075,0.23662544987248227,1.6450550847202086
2019-03-08 00:00:00-05:00,0.1087204888899853,1.3257241767885903,2.587477768076191,0.43044223903215956,-0.4501812642964456,0,-1.1801068446868865,0.4862119421018616,1.4214565032723852
2019-03-11 00:00:00-04:00,2.099348717137568,1.9906282282475827,0.6649040514589923,0.057658794741367765,0.3562906240786142,0,-0.16978003019872026,1.0046415588132853,1.3245190800323896
2019-03-12 00:00:00-04:00,0.7001778141945598,-1.3991709029430082,-3.389799131190591,-0.08664356241093309,-0.18411127409043665,0,0.3615941599172644,1.3439057876237976,1.3745005437966087
2019-03-13 00:00:00-04:00,0.7745106928040009,0.07433287860944104,1.4735037815524492,-0.11744519946225135,0.9694001619465622,0,0.6871237894279035,1.1037304026845656,1.3780941985802542
2019-03-14 00:00:00-04:00,0.0785995311443336,-0.6959111616596673,-0.7702440402691083,-0.03796125826149315,-0.5563491545910123,0,1.276714348359871,1.151161726108873,1.3840602002862818
2019-03-15 00:00:00-04:00,1.1519387316159075,1.0733392004715738,1.769250362131241,0.19397334510479855,2.265243532862211,0,1.7513091575708029,1.4811295981476271,1.226797514822935
2019-03-18 00:00:00-04:00,1.4321343720153972,0.28019564039948963,-0.7931435600720842,0.5225611009314377,-1.4714054815144197,0,1.4505876947001293,1.5420696276309258,1.0930802540593287
2019-03-19 00:00:00-04:00,0.06805620685073942,-1.3640781651646579,-1.6442738055641475,0.7703080152466798,0.49097776676548793,0,1.1636120681333355,1.5778796470821084,1.1046425758422571
2019-03-20 00:00:00-04:00,-0.11051019766217332,-0.17856640451291272,1.1855117606517451,0.9376422990388642,-0.9227180063530963,0,0.7646398411997458,1.70693717112195,1.1013127392903923
2019-03-21 00:00:00-04:00,2.2974929094621226,2.408003107124296,2.586569511637209,0.9839421537398804,0.04960640177292444,1,1.7630388758592548,1.7649976586928695,1.0208746791100567
2019-03-22 00:00:00-04:00,-2.6368267446738973,-4.93431965413602,-7.342322761260316,1.3010115732889684,0.24886715173015203,0,0.03896361228929231,0.5014179028686814,0.8925392804137416
2019-03-25 00:00:00-04:00,0.5211394169778043,3.157966161651702,8.092285815787722,1.2598549963631585,-0.7460266229514757,0,-0.3589544243829578,0.49010171783365475,0.719755759797785
2019-03-26 00:00:00-04:00,0.2124765493033883,-0.308662867674416,-3.4666290293261177,1.1052479628931682,-0.25305995023342515,1,-0.29558672170520073,0.34653206530239594,0.0918709780681265
2019-03-27 00:00:00-04:00,-0.9668574083470102,-1.1793339576503985,-0.8706710899759825,0.9831316808516404,-0.5413303074006902,1,-0.6725434328073372,0.10578095072923725,0.09020917679171936
2019-03-28 00:00:00-04:00,0.13703811808899066,1.1038955264360009,2.2832294840863994,0.7773481490523211,-0.7412820031225982,1,-1.5932099424581603,0.18413605876204142,0.0965506466499891
2019-03-29 00:00:00-04:00,0.863756440443152,0.7267183223541613,-0.3771772040818395,0.28834198654931464,1.0510022949309246,1,-0.05895480390522212,0.3086706468684468,0.08434355834271569
2019-04-01 00:00:00-04:00,0.9157177211310576,0.05196128068790562,-0.6747570416662557,0.23824820406402142,-0.460427902254462,0,0.11457262091132679,0.6572373414596258,0.08227936663893275
2019-04-02 00:00:00-04:00,0.14283497640189294,-0.7728827447291647,-0.8248440254170704,0.20250563780528422,-0.7735416319219687,0,0.08373076459496935,0.8535309839255695,-0.1493610191444566
2019-04-03 00:00:00-04:00,0.6544273039177939,0.511592327515901,1.2844750722450657,0.13833266632583177,0.6631547898172584,1,0.8097874805854134,1.040218550286946,-0.42888595501930243
2019-04-04 00:00:00-04:00,-0.5084817799784179,-1.1629090838962117,-1.6745014114121126,0.26234602012119346,-0.5143607700495867,0,0.5192119537555744,1.2612831834183535,-0.42714815915578835
2019-04-05 00:00:00-04:00,0.4440516067985049,0.9525333867769228,2.1154424706731345,0.28265120273462674,-0.8021016159982044,0,0.3328555630227437,1.3652641831654875,-0.4210555364763995
2019-04-08 00:00:00-04:00,0.03335965334669667,-0.41069195345180826,-1.363225340228731,0.2398706599044545,-0.28107545222342056,1,-0.05709593220000676,0.7350191946865795,-0.4410422993951547
2019-04-09 00:00:00-04:00,-0.5419933039875017,-0.5753529573341983,-0.16466100388239008,0.14618543025390304,0.36908602184507655,1,-0.35941976760376676,0.35859508882785157,-0.4522617281853019
2019-04-10 00:00:00-04:00,0.7629136086167567,1.3049069126042583,1.8802598699384565,0.0026780139036091223,-0.341676151594309,0,-0.31209674377001273,0.35512665140833616,-0.4585494403340354
2019-04-11 00:00:00-04:00,0.11649388022661794,-0.6464197283901387,-1.951326640994397,-0.12756284357495568,-0.5683904056197074,0,-0.03599106845211884,0.3665375278326908,-0.4700275706379942
2019-04-12 00:00:00-04:00,0.5152368564711866,0.3987429762445686,1.0451627046347074,-0.17792347593055732,1.0642447774610015,1,-0.00464495856400508,0.17677428188585656,-0.5731111950763653
2019-04-15 00:00:00-04:00,0.08270117381651286,-0.4325356826546737,-0.8312786588992422,-0.19958599030145124,-0.7619972857791292,0,0.017187025857948172,-0.22177652989651317,-0.5721838006633958
2019-04-16 00:00:00-04:00,-0.2313127043689908,-0.31401387818550364,0.11852180446917004,-0.17250795519954737,-0.4795582402929073,0,0.1555162962891446,-0.31020712751325846,-0.5750191031078122
2019-04-17 00:00:00-04:00,0.8280198934292825,1.0593325977982733,1.373346475983777,-0.095607301951055,1.008483541996464,1,0.18421857693967883,-0.03330995135667954,-0.5963488484065691
2019-04-18 00:00:00-04:00,1.313935034008242,0.48591514057895957,-0.5734174572193137,-0.03955653295101842,1.2519942437983926,0,0.715865468808709,-0.31932342570845357,-0.6573493180883055
2019-04-22 00:00:00-04:00,0.31612707905603943,-0.9978079549522026,-1.4837230955311622,0.2044040038996483,-1.5075045359660022,0,0.626761105879898,0.5742241749247908,-0.6483466402620006
2019-04-23 00:00:00-04:00,1.3574793753827243,1.0413522963266848,2.0391602512788873,0.3270630460654235,1.5153782874161548,0,1.198572427373618,0.8267799118987734,-0.6564537542819897
2019-04-24 00:00:00-04:00,-0.34279399974581976,-1.7002733751285442,-2.741625671455229,0.591873251441123,0.7898473381994787,0,1.1477703266263608,0.6571849144669406,-0.6450492246433582
2019-04-25 00:00:00-04:00,3.311719552671792,3.6545135524176118,5.354786927546156,0.8588499671220251,0.5291867398715877,0,2.266451196376203,1.9722156177471442,-0.7137425221627087
2019-04-26 00:00:00-04:00,0.5729903558796571,-2.738729196792135,-6.393242749209747,1.3229433104877921,-1.3127976198876783,0,1.9261422838860707,2.1104545289034276,-0.6675816298619809
2019-04-29 00:00:00-04:00,-0.09240472422756184,-0.6653950801072189,2.073334116684916,1.6781923237692558,-1.1017575006829066,0,1.738027028066437,1.8081332483710166,-0.7984561300389138
2019-04-30 00:00:00-04:00,0.6395913020297991,0.7319960262573609,1.3973911063645799,2.008798603635094,1.3454023787845155,1,1.4121921360511156,1.7216991170930294,-0.8669996928189229
2019-05-01 00:00:00-04:00,-2.0826856751595386,-2.722276977189338,-3.4542730034466986,2.254111079157734,0.19804886149955428,0,0.6147058596549875,1.021602592422321,-0.9240496900528931
2019-05-02 00:00:00-04:00,-1.3059069876686733,0.7767786874908653,3.499055664680203,2.3296535377550733,-0.08114847012121265,0,-1.39128854159574,0.42169681964185046,-0.9281855688176018
2019-05-03 00:00:00-04:00,2.1313548523774353,3.4372618400461086,2.6604831525552433,1.8422732826672203,-0.4183039843699159,0,-0.7269495341486375,1.2230704680253321,-0.907263964497215
2019-05-06 00:00:00-04:00,-0.5818277565105053,-2.7131826088879407,-6.150444448934049,1.476734477984039,-0.22560412631375357,0,-0.9402371790155445,0.906413411470095,-0.8880149320739396
2019-05-07 00:00:00-04:00,-2.0522812695972306,-1.4704535130867251,1.2427290958012156,1.0776256576030718,1.3623756296626235,0,-2.099101795534528,0.2666000046159491,-0.8919856266475334
2019-05-08 00:00:00-04:00,-0.00795949215138305,2.0443217774458473,3.5147752905325724,0.37606979823828474,-0.7954235458383523,0,-1.205644446264244,0.4279381743219157,-0.8082878583866544
2019-05-09 00:00:00-04:00,-0.007979169099985273,-1.9676948602222535e-05,-2.0443414543944494,-0.049304211398733526,-0.2710794953917399,0,-0.6393558066568198,0.19682374442013303,-0.8141515989694832
2019-05-10 00:00:00-04:00,1.298816557341646,1.3067957264416312,1.3068154033902335,-0.2699797780380893,0.27613971305558416,0,-0.994985307408369,0.5508445761710314,-0.8366053737823297
2019-05-13 00:00:00-04:00,-2.973336351471755,-4.272152908813401,-5.578948635255032,-0.6458016866969627,0.16130262388420422,0,-2.0358735523168816,-0.5018759985100286,-0.8235142667227329
2019-05-14 00:00:00-04:00,1.1187667549066063,4.092103106378361,8.364256015191762,-1.2306593734322844,-0.9338224802316626,0,-0.6686744964485196,-0.19877693393489956,-0.6668031754887461
2019-05-15 00:00:00-04:00,1.408223003922502,0.28945624901589584,-3.802646857362465,-1.4158637538750225,-0.208781105506604,1,-0.0512064528928408,0.28735677426263856,-0.6699988949055556
2019-05-16 00:00:00-04:00,2.3091653022978025,0.9009422983753004,0.6114860493594045,-1.4648886268151289,0.5328585108320051,1,0.9733979157176993,0.7290538122124612,-0.6518811333547649
2019-05-17 00:00:00-04:00,-0.6670262951550876,-2.97619159745289,-3.87713389582819,-1.2484962486761901,-0.588620351458239,0,0.0954635315368177,0.1325020326725606,-0.6016599762731305
2019-05-20 00:00:00-04:00,-1.4445395831067205,-0.7775132879516329,2.1986783095012568,-1.2354400201387796,-0.3901130383325806,0,0.7944445072626306,-0.39251327849802675,-0.6365698871286914
2019-05-21 00:00:00-04:00,0.5387554383993538,1.9832950215060743,2.7608083094577074,-0.9532569605951976,-1.241094437742677,1,0.5359799523792442,-0.6299004279624154,-0.6142872197119507
2019-05-22 00:00:00-04:00,0.6067575003532569,0.06800206195390313,-1.915292959552171,-0.7196056302540237,-0.12126651641382523,1,0.1818931881988453,-0.35214469004272214,-0.6144781017956509
2019-05-23 00:00:00-04:00,-1.1670579159384302,-1.7738154162916873,-1.8418174782455905,-0.6250592327115759,1.5084405578905489,0,-1.3283438791333384,-1.627941647112651,-0.6155234916505433
2019-05-24 00:00:00-04:00,0.0475395439424669,1.214597459880897,2.9884128761725846,-0.8562364311508971,-1.385842019076482,0,-1.0194651466668307,-1.7750287199315278,-0.5892218167234975
2019-05-28 00:00:00-04:00,-0.06336222727187814,-0.11090177121434504,-1.325499231095242,-0.9689972199219334,1.8321175595799646,1,-0.4133977425925942,-1.766887597295473,-0.5905004495711448
2019-05-29 00:00:00-04:00,-0.9670171614952436,-0.9036549342233655,-0.7927531630090204,-0.8904173755736032,-0.19106820466977772,0,-1.0701810358599284,-2.214102497216725,-0.5902519991921877
2019-05-30 00:00:00-04:00,0.6322861621884336,1.5993033236836771,2.502958257907043,-0.9627539684290903,-0.9492917819007973,0,-1.059220205273,-1.4497531307065117,-0.5729199150549741
2019-05-31 00:00:00-04:00,-1.6304632954465175,-2.262749457634951,-3.8620527813186283,-1.1280337023709524,1.6640887720589304,0,-1.2618074515237676,-1.5429202814289393,-0.5774369436267844
2019-06-03 00:00:00-04:00,-3.1048008929171274,-1.4743375974706099,0.7884118601643413,-1.3436954252869906,1.1752137536666836,0,-2.6168045227075183,-2.9906478626965556,-0.528120423237249
2019-06-04 00:00:00-04:00,2.7703753483767177,5.875176241293845,7.349513838764455,-1.8061223052346935,-0.8433211685063406,0,-1.4358249169685573,-2.0873289533658577,-0.39735746258846727
2019-06-05 00:00:00-04:00,2.1678963073655653,-0.6024790410111525,-6.4776552823049975,-2.0094765756034993,-0.6118044410757912,0,-0.08002248279043142,-0.8941237999790749,-0.2970459777759519
2019-06-06 00:00:00-04:00,1.581508370002912,-0.5863879373626533,0.016091103648499194,-1.9337341413959857,-0.5728627659673695,0,0.3367661385647265,-0.43494147136604977,-0.2930931284262018
2019-06-07 00:00:00-04:00,2.8008026903066967,1.2192943203037847,1.805682257666438,-1.781891603550913,1.650948448008859,1,2.3459968793127066,0.38938783156511947,-0.2685165748316322
2019-06-10 00:00:00-04:00,0.9132554425231647,-1.887547247783532,-3.106841568087317,-1.1155914226863441,-0.8191467539695355,0,4.2789096821433334,0.27455446741188716,-0.1744694492974033
2019-06-11 00:00:00-04:00,-0.37708389254593644,-1.2903393350691013,0.5972079127144307,0.11012316188699492,-0.44194663137341683,0,2.792164191702988,1.078781931931561,-0.1684074268885634
2019-06-12 00:00:00-04:00,-0.4617822185784278,-0.08469832603249139,1.2056410090366099,0.8318088207249047,-1.0254002339633634,0,1.5809415686495927,0.5964262239475465,-0.17483881468561274
2019-06-13 00:00:00-04:00,0.6312392115661195,1.0930214301445473,1.1777197561770387,1.2508772348007566,-0.12254207036038459,1,1.1520543031478034,0.36367706909072517,-0.1899219937210996
2019-06-14 00:00:00-04:00,0.09823176818382508,-0.5330074433822944,-1.6260288735268418,1.5688472996275609,-0.030388476387445285,0,-0.04196110718325754,-0.287756477117084,-0.18752238702977703
2019-06-17 00:00:00-04:00,0.3020232066922628,0.20379143850843773,0.7367988818907322,1.5873272463859356,-0.7162011248636998,0,-0.30982690938781526,-3.4282844804201646e-05,-0.18888309751656257
2019-06-18 00:00:00-04:00,1.7388131387561736,1.4367899320639108,1.2329984935554732,1.484598459529947,2.2928659552273434,1,0.6237626664499157,0.9618906136070164,-0.25430880077592516
2019-06-19 00:00:00-04:00,0.3921292719304036,-1.34668386682577,-2.7834737988896805,1.5742846084239752,-0.4036485563057633,0,1.0088605472485865,0.9170552139348197,-0.34114443968966557
2019-06-20 00:00:00-04:00,0.9285775542493125,0.536448282318909,1.8831321491446789,1.791976504443871,1.0703943780739227,0,1.1426358776365977,1.0152515270354987,-0.3419253253620525
2019-06-21 00:00:00-04:00,0.014571334973081863,-0.9140062192762307,-1.4504545015951398,2.043092587129779,0.20319106692138625,0,1.1046840258134143,1.3834447078444827,-0.3352679648137792
2019-06-24 00:00:00-04:00,0.5913917862792794,0.5768204513061975,1.4908266705824282,2.2412125444402107,-1.4994419576340514,0,1.235577447170823,1.552852076342828,-0.35712685055331045
2019-06-25 00:00:00-04:00,-3.1572196501201146,-3.748611436399394,-4.325431887705592,2.463518764409946,1.7639397189671264,1,-0.9541240482259769,0.5828163006948444,-0.3560455245870317
2019-06-26 00:00:00-04:00,0.3747502319508452,3.53196988207096,7.280581318470354,2.077873458382984,-1.0405737522473042,0,-0.9616218501588798,0.9942047361845981,-0.18836940223516863
2019-06-27 00:00:00-04:00,0.16424271555226555,-0.21050751639857967,-3.7424773984695396,1.642224973707074,-1.071474818130118,0,-1.2895677169833544,0.8510689747572998,-0.19527144562639948
2019-06-28 00:00:00-04:00,-0.1416187710728483,-0.3058614866251138,-0.09535397022653413,1.109009532164473,2.379787920104513,1,-1.3566830053027181,1.3146903146950197,-0.19530880156193156
2019-07-01 00:00:00-04:00,1.2839610987387808,1.425579869811629,1.731441356436743,0.5024231039683764,-0.9078998375162318,0,-1.0612528048951073,2.7231303483047724,-0.19650950970522404
2019-07-02 00:00:00-04:00,0.6633103715696446,-0.6206507271691363,-2.0462305969807653,-0.15634725092758905,-1.1521107632424745,0,0.6432145583051192,2.0567119240892477,-0.1872431283566706
2019-07-03 00:00:00-04:00,0.6443287435386089,-0.018981628031035647,0.6016690991381006,-0.17863212736464665,-0.4690223591105201,1,0.7638283790349816,1.5819372522561368,-0.1851362471906225
2019-07-05 00:00:00-04:00,-0.29099224474947016,-0.9353209882880791,-0.9163393602570434,-0.11096292642026066,0.8828774418219366,1,0.5591726029626839,1.003811329307363,-0.18329734367199368
2019-07-08 00:00:00-04:00,-0.07292562165733436,0.21806662309213581,1.1533876113802148,-0.04573593031159332,-0.37453482094250246,0,0.590008153068097,0.14324555473899583,-0.18823761723862076
2019-07-09 00:00:00-04:00,-0.36510285310643437,-0.2921772314491,-0.5102438545412358,0.12928759905643353,0.4434433880912914,0,-0.14032037506402684,-0.23583011684835528,-0.19084886338896187
2019-07-10 00:00:00-04:00,1.018630332051291,1.3837331851577255,1.6759104166068255,0.10917786186137918,0.5175824912222176,0,0.0154341385063781,0.17809525776565108,-0.18578477903697396
2019-07-11 00:00:00-04:00,0.39898802494651175,-0.6196423071047793,-2.0033754922625047,0.0909742568037733,-0.3822207149451907,0,-0.09251093758904147,0.4371696012740944,-0.17772944755135756
2019-07-12 00:00:00-04:00,0.36125825790104754,-0.03772976704546421,0.581912540059315,0.0053691635657900205,-0.612441846540709,0,0.1964522818038346,0.35609836368488845,-0.1776843075315851
2019-07-15 00:00:00-04:00,0.0,-0.36125825790104754,-0.32352849085558333,0.026568304030921638,-0.5158422660064682,0,0.22890052660248644,0.3265233244832201,-0.18083471287642636
2019-07-16 00:00:00-04:00,-1.3102905733529904,-1.3102905733529904,-0.9490323154519429,0.062165472704699305,0.9874481689482237,1,-0.19320172002749927,-0.15744087879959415,-0.18508163013197027
2019-07-17 00:00:00-04:00,-0.5909054323159479,0.7193851410370424,2.0296757143900326,0.014607303295905828,-0.48484600212573,0,-0.8954175552470546,-0.8357885511334401,-0.16859809802393994
2019-07-18 00:00:00-04:00,0.11008083701046123,0.7009862693264092,-0.018398871710633258,-0.18731930948056047,1.4160678923738594,0,-1.0202205818082941,-0.9171088609105232,-0.1599373877255982
2019-07-19 00:00:00-04:00,0.14659366115370387,0.03651282414324264,-0.6644734451831665,-0.4224017489887779,1.7545922677288976,0,-1.1127199805463333,-1.1407423282909095,-0.18103253308211514
2019-07-22 00:00:00-04:00,1.3248137463631824,1.1782200852094786,1.141707261066236,-0.66128868672884,-1.6538112003200782,0,-0.5410182688041756,-0.7655417087283111,-0.18477973352156746
2019-07-23 00:00:00-04:00,0.6212679540739021,-0.7035457922892803,-1.881765877498759,-0.7520655332334433,-1.0115543335392239,0,0.3147703031732837,-0.7569240006048196,-0.3131814335071584
2019-07-24 00:00:00-04:00,1.0266333603869924,0.40536540631309026,1.1089111986023705,-0.552862212908707,0.3220501648787501,1,1.0401693541533445,0.4969844959873455,-0.3125111088531529
2019-07-25 00:00:00-04:00,-0.3766133946119341,-1.4032467549989265,-1.8086121613120167,-0.26723534469121596,-0.49773002935112987,0,0.819908892227382,0.27033696252924155,-0.3016271732055605
2019-07-26 00:00:00-04:00,0.8203166846608854,1.1969300792728195,2.600176834271746,-0.027535129658454664,-0.02734074535365186,0,1.123218980066565,0.46717191781250705,-0.3013351774618056
2019-07-29 00:00:00-04:00,-0.21931802495166547,-1.039634709612551,-2.2365647888853704,0.29016420227649076,-0.5376755473804131,0,0.4315121438452357,0.4436360723761393,-0.36941614463151656
2019-07-30 00:00:00-04:00,-0.4821620962034561,-0.26284407125179066,0.7767906383607602,0.3806701001658204,-0.09729759841518965,1,-0.05864935841029861,-0.08339926978432852,-0.4002236842590041
2019-07-31 00:00:00-04:00,-2.9070342215215232,-2.424872125318067,-2.1620280540662766,0.3689886769828869,3.855993088978514,0,-1.7799514612558496,-1.1367150801081272,-0.45056116981881783
2019-08-01 00:00:00-04:00,1.3135955949957199,4.220629816517243,6.64550194183531,-0.10633414900130309,0.01496814712207015,0,-1.0591323114468714,-0.9462364568623182,-0.32042552345458963
2019-08-02 00:00:00-04:00,-0.8402626957882915,-2.1538582907840116,-6.3744881073012545,-0.3541852577283332,-0.8877602963919582,0,-1.7707802915292559,-1.1050788781420566,-0.3719359314245485
2019-08-05 00:00:00-04:00,-3.4258168554442845,-2.585554159655993,-0.4316958688719814,-0.8325027562263728,1.060353134169495,0,-3.136386761027838,-2.067249124513759,-0.3573191132047551
2019-08-06 00:00:00-04:00,1.8757910857566078,5.301607941200892,7.8871621008568855,-1.6622142904938146,-0.8703157850304697,0,-2.1618689773938113,-1.4439402273538648,-0.16940513610399952
2019-08-07 00:00:00-04:00,0.43802762981591126,-1.4377634559406967,-6.739371397141589,-2.2293994832311026,-0.07418427183758697,0,-0.7112880248515887,-1.6068062892601203,-0.14398650834230015
2019-08-08 00:00:00-04:00,2.6685385182197474,2.230510888403836,3.6682743443445327,-2.267175674168442,-0.6905699041665465,0,-0.12879696250353995,-0.9699224452574146,-0.28690812875777405
2019-08-09 00:00:00-04:00,-0.8495636964742066,-3.518102214693954,-5.7486131030977905,-2.190268980664193,-0.5959674523731566,1,-0.13293695881085116,-1.3175161897196124,-0.2079436236135572
2019-08-12 00:00:00-04:00,-1.3942751083648437,-0.5447114118906371,2.973390802803317,-2.069868994150718,-0.5356916264927034,1,0.795451247520154,-1.71437385107853,-0.21491281716440055
2019-08-13 00:00:00-04:00,2.0693976878349156,3.4636727961997593,4.008384208090396,-1.5961791944545203,0.5638108990271942,1,0.8810870087107607,-0.7532193638466826,-0.25144980185468047
2019-08-14 00:00:00-04:00,-3.011456441012272,-5.080854128847188,-8.544526925046947,-1.2124404520118846,0.7653940591507361,0,-0.6694656489634596,-1.4600253636328675,-0.20394804790833654
2019-08-15 00:00:00-04:00,-0.22391375257955493,2.7875426884327172,7.868396817279905,-1.255151100454032,-0.5660572288822658,0,-1.8977011186535666,-1.5545114902353652,-0.0941047436123264
2019-08-16 00:00:00-04:00,1.8327563926081831,2.056670145187738,-0.7308725432449794,-1.7107611203356097,-0.5420119443586066,0,-0.7515078042026964,-1.0792655860472995,-0.09522180265857261
2019-08-19 00:00:00-04:00,1.6748440272877276,-0.1579123653204555,-2.214582510508193,-1.8322470585444421,-0.15399052756682036,0,0.6028904488982026,-0.9801147915838575,-0.054807739875481445
2019-08-20 00:00:00-04:00,-0.83084100845931,-2.5056850357470375,-2.3477726704265818,-1.5093116877637625,-0.5470722432665988,1,-0.6720336889532748,-1.395751136471745,-0.04567983561904674
2019-08-21 00:00:00-04:00,1.1146598140554458,1.9455008225147559,4.451185858261793,-1.5625466189649801,-1.0490492632264923,1,1.1825577619699765,-1.3710186223172653,-0.0311988521720235
2019-08-22 00:00:00-04:00,-0.727728623221079,-1.842388437276525,-3.7878892597912808,-0.9980286305902379,0.6286674235102877,1,0.9530668796043731,-1.471147085550882,-0.01854934568240498
2019-08-23 00:00:00-04:00,-3.1862008202849292,-2.45847219706385,-0.6160837597873252,-0.497814342087391,3.138879870645012,0,-1.2756166649286969,-2.5961530646804407,-0.025841374051066453
2019-08-26 00:00:00-04:00,1.5443175484127953,4.730518368697725,7.188990565761575,-0.5926791473974715,-1.605289403936755,0,-1.3308062696939091,-2.115659659379014,0.1359491329706189
2019-08-27 00:00:00-04:00,0.21408918759070053,-1.3302283608220948,-6.06074672951982,-0.7761337951821186,0.2830694921639628,0,-0.8784038325541466,-1.9221069373981283,0.1185161216283317
2019-08-28 00:00:00-04:00,-0.13258298559538434,-0.3466721731860849,0.9835561876360099,-0.8289204531169367,-0.9073306832826262,0,-1.4135880780838068,-1.1260367008007202,-0.043553599860259216
2019-08-29 00:00:00-04:00,1.8884366839710138,2.0210196695663982,2.367691842752483,-1.1741866494230802,0.35193031587262685,1,-0.28427760489497783,-0.9634525589656553,-0.1402995331302884
2019-08-30 00:00:00-04:00,-0.18824189266500435,-2.0766785766360183,-4.097698246202416,-1.1512315203206778,0.4368520912556707,0,1.0776734107455428,-0.7739647111476406,-0.15573221869318776
2019-09-03 00:00:00-04:00,-1.3201439451691668,-1.1319020525041625,0.9447765241318558,-0.7022610358541159,-0.7980267570766298,0,-0.20142770555568956,-0.14150701361260554,-0.18423572477343292
2019-09-04 00:00:00-04:00,1.1687721228169121,2.4889160679860787,3.620818120490241,-0.7543056052247897,-0.2854863725695952,0,0.21835135647789694,-0.3472045773911232,-0.2619863545390828
2019-09-05 00:00:00-04:00,1.7583234472212677,0.5895513244043555,-1.8993647435817231,-0.6405145214007422,1.2525736605304334,0,1.0606271394479223,0.039712266753804695,-0.25463412957275255
2019-09-06 00:00:00-04:00,-0.6783282485076553,-2.436651695728923,-3.0262030201332784,-0.2931001512800805,-0.7682063262182396,0,-0.08123958262693728,-0.9324021336723363,-0.2167231293638774
2019-09-09 00:00:00-04:00,-1.1358605467418759,-0.4575322982342206,1.9791193974947023,-0.20450426854979772,0.5937778805447913,0,-0.5007330825423268,-1.0157021168655385,-0.21234040968879822
2019-09-10 00:00:00-04:00,-1.047118852615099,0.0887416941267769,0.5462739923609975,-0.24886433825984716,0.23381341828238186,0,-0.379644141652748,-0.9144299739649074,-0.1941544739931334
2019-09-11 00:00:00-04:00,0.029382801863523107,1.0765016544786221,0.9877599603518452,-0.2646993001678782,-0.5896798472294047,0,-0.8739047815201458,-1.4913707472611581,-0.17562309075498725
2019-09-12 00:00:00-04:00,1.0285144504182129,0.9991316485546897,-0.0773700059239324,-0.37431613581853895,0.143851326965428,0,-1.1851127735406224,-0.31299639002935603,-0.176501629504912
2019-09-13 00:00:00-04:00,-0.1454561855524798,-1.1739706359706927,-2.1731022845253825,-0.7467889383848065,-0.5602453433806959,0,-0.9539784587689091,-0.28982471728913767,-0.20470887731509327
2019-09-16 00:00:00-04:00,-0.720942867167475,-0.5754866816149953,0.5984839543556975,-1.0401887528650295,-1.0211000313687002,1,-0.7722041689074479,-1.029383387529281,-0.2060607805647651
2019-09-17 00:00:00-04:00,0.7775241302092939,1.4984669973767688,2.073953678991764,-1.175438276704848,0.05823032271035258,1,0.02980183159125206,-1.2831265271922245,-0.21014545621078665
2019-09-18 00:00:00-04:00,0.8224866374857064,0.04496250727641249,-1.4535044901003564,-1.004747983670617,0.9299379581518663,0,0.38101101394505166,-0.8080178157647232,-0.20145334170479404
2019-09-19 00:00:00-04:00,1.8408868788948647,1.0184002414091582,0.9734377341327457,-0.7773375318646651,1.3801049474189082,0,0.7400192603523299,-0.5999285033417884,-0.19673943728363855
2019-09-20 00:00:00-04:00,-1.1554756160973823,-2.9963624949922467,-4.014762736401405,-0.4523118011460029,0.15172861211892036,0,0.28478669851268035,-0.7256641802359725,-0.30431529516224176
2019-09-23 00:00:00-04:00,-0.2151006658861192,0.940374950211263,3.9367374452035095,-0.26634958432945605,-1.8836296134346007,0,0.5117803027808076,0.16600591986474175,-0.2822591159803664
2019-09-24 00:00:00-04:00,-1.264945138896628,-1.0498444730105088,-1.9902194232217718,-0.11664659136210918,2.1403261508803477,1,-0.3957376641284164,-0.6624863512230557,-0.28109076670132366
2019-09-25 00:00:00-04:00,1.4412444815257301,2.706189620422358,3.756034093432867,-0.1703634486831722,-1.0148568413647912,0,-0.12650088533403667,-0.30592175132045446,-0.25538936171251975
2019-09-26 00:00:00-04:00,0.1291844440039139,-1.3120600375218163,-4.018249657944175,-0.1774564347266598,-0.7106212239969718,0,-0.8683820286810727,-0.22866346724152997,-0.24928059849953463
2019-09-27 00:00:00-04:00,-1.29712867986402,-1.4263131238679339,-0.11425308634611753,-0.45285758139813254,0.7484807322135895,0,-0.9305748271599256,-1.1526204467442935,-0.2547150996161835
2019-09-30 00:00:00-04:00,0.9438859942970036,2.2410146741610237,3.667327798028958,-0.6287312767636499,-0.8580546971078407,0,-0.4272393672556193,-0.8279006254776338,-0.23390847882846597
2019-10-01 00:00:00-04:00,-1.4097771315491536,-2.353663125846157,-4.594677800007181,-0.6726361700578917,0.6078463568677879,1,-0.49154547795682957,-0.8541992878038006,-0.22293472113502366
2019-10-02 00:00:00-04:00,-1.7655074810959692,-0.3557303495468156,1.9979327762993415,-0.7345323965646293,1.1639915390960944,0,-1.8753424850775802,-1.6931833049882743,-0.1923673762097155
2019-10-03 00:00:00-04:00,1.210555903647191,2.97606338474316,3.3317937342899757,-1.1669901161380818,-0.7903102353998955,0,-1.4175325133009256,-1.84438008816879,-0.1477966933732703
2019-10-04 00:00:00-04:00,1.3501245630251058,0.13956865937791485,-2.8364947253652453,-1.419757993049505,-0.30064787357980505,0,-0.26831600120115007,-1.273831080976558,-0.14139692866952971
2019-10-07 00:00:00-04:00,-0.7239729120466334,-2.0740974750717394,-2.213666134449654,-1.3504995576713583,-1.1690962022061928,0,-0.9952750453701419,-1.155065035683485,-0.116745160150972
2019-10-08 00:00:00-04:00,-1.0574778643472875,-0.33350495230065413,1.7405925227710852,-1.5479140993989897,1.9311086624830802,1,-0.8406524652269171,-1.1580617670340703,-0.1108069721786763
2019-10-09 00:00:00-04:00,1.8942997001757333,2.951777564523021,3.285282516823675,-1.6894299571375615,-0.8451328380577278,0,0.7771979023019189,-0.624426703362711,-0.09465052211455091
2019-10-10 00:00:00-04:00,0.6221056270159029,-1.2721940731598305,-4.223971637682851,-1.3556764883000507,-0.47066910915559473,0,0.5153108684328152,-0.7417147960428349,-0.06704609031770406
2019-10-11 00:00:00-04:00,0.4169542670955231,-0.2051513599203798,1.0670427132394507,-1.0911836120748848,1.2243764518522353,0,0.10299101573341383,-0.5781575653472698,-0.06790384423196383
2019-10-14 00:00:00-04:00,-0.09305843015922337,-0.5100126972547464,-0.3048613373343666,-0.9853842180612574,-1.619649866003792,0,0.3849633450544177,-0.39346667100996086,-0.06597244125462771
2019-10-15 00:00:00-04:00,1.4474965451838253,1.5405549753430487,2.0505676725977953,-0.8081480135761909,1.345376430184901,1,1.5154149551272629,-0.1980981147857621,-0.06578829656274295
2019-10-16 00:00:00-04:00,-0.8193816301907796,-2.266878175374605,-3.8074331507176535,-0.2786160494269318,0.02384129031638829,0,0.2961475176068051,-0.6798461859898927,-0.06091593640443912
2019-10-17 00:00:00-04:00,-0.512760816157634,0.30662081403314556,2.5734989894077502,-0.09347142437146434,-0.03636808712484419,0,-0.20644763280652498,-1.3524011311521689,-0.05492718458770132
2019-10-18 00:00:00-04:00,-1.6322171314666576,-1.1194563153090236,-1.4260771293421692,0.008510096558283319,1.4179814984323325,0,-1.1055562482241754,-1.4895158412890994,-0.06597414730551525
2019-10-21 00:00:00-04:00,0.7422916837952347,2.3745088152618923,3.493965130570916,-0.1837270830938257,-1.312227928037766,0,-0.7446788953474338,-1.218072564456721,-0.028723305521781366
2019-10-22 00:00:00-04:00,-1.488092346537262,-2.2303840303324964,-4.604892845594389,-0.286528353018867,0.9917836665697757,0,-2.0040589752103752,-1.282626250752434,-0.030580682624876072
2019-10-23 00:00:00-04:00,0.6379810166274201,2.126073363164682,4.356457393497179,-0.8261509958533697,0.13028905847480196,0,-1.3830596397170987,-1.5082899824766869,0.0005270109361246832
2019-10-24 00:00:00-04:00,1.9673422047182363,1.3293611880908163,-0.7967121750738659,-1.1140943021528342,0.6032686389619114,0,-0.31403489239526283,-0.9892655883301097,0.004159848468766747
2019-10-25 00:00:00-04:00,0.564538259398597,-1.4028039453196393,-2.7321651334104553,-1.097736858122007,-1.0678194276613002,0,0.6675049999246835,-0.4462175026289004,-0.06673435193676833
2019-10-28 00:00:00-04:00,2.4586166094829993,1.8940783500844023,3.2968822954040418,-0.8174245520750433,0.9695675618150514,0,1.4330289841575596,-0.00603117566605435,-0.08648025725197114
2019-10-29 00:00:00-04:00,-0.9431985989848808,-3.4018152084678803,-5.295893558552283,-0.32987624844315827,-1.4315203992825658,0,1.685802096257182,0.13487840983173915,-0.014356118617218923
2019-10-30 00:00:00-04:00,1.246246068265752,2.1894446672506325,5.591259875718513,0.21765654074909754,-0.45691226964935555,1,1.96353945438635,1.0520603817508798,-0.18481428989612672
2019-10-31 00:00:00-04:00,-0.857521189106553,-2.1037672573723047,-4.293211924622938,0.7499195633932032,0.8804407627451593,1,0.6828120077711998,0.42203808081218386,-0.21147187346044446
2019-11-01 00:00:00-04:00,0.24413436318355358,1.1016555522901066,3.2054228096624113,0.9307022609000135,0.9304605409117048,0,0.5396024631362112,0.09244661080526215,-0.19867807526951434
2019-11-04 00:00:00-05:00,0.577533148044476,0.3333987848609224,-0.7682567674291843,1.1041210237480625,-1.6578783599732523,0,-0.28300514612798333,0.48408518462401817,-0.29717888753656657
2019-11-05 00:00:00-05:00,-0.062273050634043425,-0.6398061986785194,-0.9732049835394418,0.9407890565636908,0.10285204634692793,1,0.10814233881850119,0.7885027698048965,-0.30647091466552184
2019-11-06 00:00:00-05:00,-0.2768819406686876,-0.21460889003464417,0.4251973086438752,0.878890241375909,-0.42625134776884444,0,-0.559414545046773,0.13712489175075104,-0.339532024000877
2019-11-07 00:00:00-05:00,0.13883084439138216,0.41571278506006976,0.6303216750947139,0.6602032132203931,0.08404121755297436,1,-0.12017567888698914,-0.0065673860524851,-0.3953169921835807
2019-11-08 00:00:00-05:00,1.1784151901149964,1.0395843457236142,0.6238715606635445,0.6165800547124479,-0.3256502235724641,0,0.29126661571095325,0.2192110122958334,-0.5397237537096152
2019-11-11 00:00:00-05:00,0.1027785884047627,-1.0756366017102337,-2.1152209474338477,0.6896580889618104,-0.5807575927726092,0,0.08094324446698045,0.27801702915141163,-0.525731127949942
2019-11-12 00:00:00-05:00,0.6570166333393436,0.5542380449345808,1.6298746466448146,0.680932076630346,0.7803532010357873,1,0.40012560834403327,0.0437977654549546,-0.5683869239502864
2019-11-13 00:00:00-05:00,0.16317664595444675,-0.4938399873848968,-1.0480780323194776,0.8156315057496384,-0.42825959003665254,0,0.5972288466988164,0.33926364393391667,-0.6001792536310057
2019-11-14 00:00:00-05:00,0.5091513406764038,0.345974694721957,0.8398146821068538,0.9819581454478437,0.37221756267704814,0,0.7631365620885809,0.6486515207460456,-0.6134897068278746
2019-11-15 00:00:00-05:00,1.2900052193963198,0.7808538787199161,0.43487918399795905,1.1681934681138784,0.4472999467811855,0,0.8127994486116943,1.5526250384331044,-0.6259689305901959
2019-11-18 00:00:00-05:00,0.24672627415894405,-1.0432789452373759,-1.8241328239572918,1.2630820030001544,-0.39948158378416715,0,0.8776228349719647,1.3984911260360167,-0.6169617968355071
2019-11-19 00:00:00-05:00,0.033257906646319,-0.21346836751262505,0.8298105777247509,1.3996888585974332,0.20318742110196844,0,0.5978730206358006,1.880003994394756,-0.7851500130230972
2019-11-20 00:00:00-05:00,-0.17347280176250388,-0.20673070840882288,0.006737659103802168,1.3795122471422205,0.08566378457741974,0,0.4470848049019772,1.6247191732999837,-0.8119606716736235
2019-11-21 00:00:00-05:00,-0.09355859063263187,0.079914211129872,0.28664491953869486,1.3355426368220185,-1.0002019161902151,0,0.178959254742589,0.9899685513271871,-0.8101563200724343
2019-11-22 00:00:00-05:00,0.07358142140317397,0.16714001203580586,0.08722580090593386,1.2718990506148027,-0.587940593189732,1,-0.35479537793098653,0.8397450128052267,-0.8104895291627598
2019-11-25 00:00:00-05:00,1.0963634811153382,1.0227820597121642,0.8556420476763583,1.0305036809491488,1.1272587854917597,1,0.01737303944816536,0.4326240704892415,-0.8548827252956429
2019-11-26 00:00:00-05:00,0.5289734161922798,-0.5673900649230584,-1.5901721246352225,0.9777131399927482,0.16156013903556857,0,0.236820025619041,0.8816541358714137,-0.8434357649636177
2019-11-27 00:00:00-05:00,0.19073739622968727,-0.3382360199625925,0.22915404496046593,0.9480472867467593,-1.3288819009234802,0,0.39918580457618247,0.5619921548545849,-0.8751503056820045
2019-11-29 00:00:00-05:00,-0.6171402281696169,-0.8078776243993042,-0.4696416044367117,1.0191743183873423,-0.7961633402457563,1,0.1651076480843413,0.6355615266310363,-0.8894630724718594
2019-12-02 00:00:00-05:00,-1.2088713273771559,-0.591731099207539,0.21614652519176525,0.9946495856823533,3.849772865631922,1,-0.40428243797612445,0.19468516360806437,-0.9184846748128227
2019-12-03 00:00:00-05:00,-0.16046425605447306,1.0484070713226827,1.6401381705302218,0.8174245988151235,-0.5207590864032423,0,-0.9495713896148933,-0.02526348706893509,-0.9014418109201106
2019-12-04 00:00:00-05:00,0.36169350333114575,0.5221577593856188,-0.5262493119370639,0.4636463878099619,-0.9773641603981166,0,-1.0216499394625569,0.10096900338334745,-0.9243067868341296
2019-12-05 00:00:00-05:00,0.053321345238504896,-0.30837215809264085,-0.8305299174782597,0.06419176278700672,-0.09029179787329931,0,-1.0809616048643609,0.1999138263627378,-0.9453586936240725
2019-12-06 00:00:00-05:00,1.213936558381157,1.1606152131426521,1.468987371235293,-0.3713464872213748,-0.39612827767170766,0,-0.28529847797037117,0.5217922373005572,-0.9454513074580062
2019-12-09 00:00:00-05:00,-0.2570338265244569,-1.470970384905614,-2.6315855980482663,-0.5491621248120652,-0.08857039088557321,1,0.138449711642095,0.09187892378461898,-0.9402195138155715
2019-12-10 00:00:00-05:00,-0.15191938083736312,0.10511444568709377,1.5760848305927078,-0.5123631609664839,-0.18136954579502562,0,0.1422501220238419,0.015871720751567925,-0.9389744658201813
2019-12-11 00:00:00-05:00,0.37714173621885805,0.5290611170562212,0.4239466713691274,-0.46408469105893435,0.30521980119341235,0,0.14908570120859363,-0.06697758673844852,-0.9493710985619548
2019-12-12 00:00:00-05:00,1.0151688006590385,0.6380270644401804,0.10896594738395926,-0.40194944300303304,0.8029515169254913,0,0.5760642196898282,0.18577014497351532,-0.9541180811879566
2019-12-13 00:00:00-05:00,0.8418319701041447,-0.1733368305548938,-0.8113638949950742,-0.21560971020181152,-0.23862010942536221,0,0.41120580158342407,0.28495838250243216,-0.9498655297112275
2019-12-16 00:00:00-05:00,0.6471220797869941,-0.19470989031715058,-0.021373059762256785,-0.10212107061233372,-0.10336078074558101,0,0.8161991349711103,0.09413181952661698,-0.9846771318398924
2019-12-17 00:00:00-05:00,-0.5400915769986627,-1.1872136567856568,-0.9925037664685062,0.18821590275339128,0.022175713118226425,0,0.6409359838865288,-0.14035161081276282,-1.0078168079568803
2019-12-18 00:00:00-05:00,-0.20689750785142197,0.33319406914724076,1.5204077259328976,0.44485946662518194,-0.3000432642610254,0,0.3796467886290398,-0.21151128955820517,-1.0023322069958092
2019-12-19 00:00:00-05:00,0.8680722970333602,1.0749698048847822,0.7417757357375414,0.6142178832654835,-0.03568784870693432,0,0.31463446300219355,0.09700225645075218,-1.0316628573960276
2019-12-20 00:00:00-05:00,1.0917758710909282,0.22370357405756802,-0.8512662308272142,0.7179139739359073,3.395911950726598,0,0.42513105665459483,0.45148679705569245,-1.0479528006895407
2019-12-23 00:00:00-05:00,0.0,-1.0917758710909282,-1.3154794451484961,0.8161362985519873,-2.212693776279112,0,0.1377838172845957,0.42925774487810103,-1.0362768366832844
2019-12-24 00:00:00-05:00,-0.01905395987268108,-0.01905395987268108,1.0727219112182471,0.8079271595343848,-1.6676501766266156,1,0.3704010231965252,0.0959428900715001,-1.069871193110708
2019-12-26 00:00:00-05:00,0.8196667927486968,0.8387207526213779,0.857774712494059,0.934059348759167,1.7632031489900237,1,0.8295732696459484,0.18233585303044814,-1.0766889550705014
2019-12-27 00:00:00-05:00,0.18276539244370946,-0.6369014003049873,-1.4756221529263653,1.222988942534028,0.6878319395630962,0,0.5231892447246419,0.17995173136961018,-1.1118601681502187
2019-12-30 00:00:00-05:00,-0.8618447354141225,-1.044610127857832,-0.4077087275528446,1.3969996504460436,-0.48932825827678994,0,-0.34237324394445257,0.10618094515277383,-1.1733902563873022
2019-12-31 00:00:00-05:00,0.06978471804732472,0.9316294534614473,1.9762395813192792,1.2467910017826396,0.24062368053532082,0,-0.31172120554240584,0.49300998141259134,-1.167563307228839
2020-01-02 00:00:00-05:00,1.8516151985797604,1.7818304805324356,0.8502010270709883,1.0555401096059271,0.574697673555618,0,0.5106762209541065,1.1031238099022527,-1.1854353751440654
2020-01-03 00:00:00-05:00,-1.2451527812712246,-3.096767979850985,-4.8785984603834205,1.1006815295425336,-0.3482849284295047,0,-0.4063664152996742,0.6086537336675806,-1.1615112637508347
2020-01-06 00:00:00-05:00,0.2584773101658132,1.5036300914370377,4.600398071288023,0.8552620552036706,-0.1865197040761723,0,-0.37321996150112297,0.6709664583799788,-1.1535642203395624
2020-01-07 00:00:00-05:00,-0.9118078396336705,-1.1702851497994837,-2.6739152412365215,0.6139443459691496,-0.02011077729197407,0,-0.3953408470911073,0.03140184809993619,-1.1934823623567596
2020-01-08 00:00:00-05:00,1.592862171399751,2.5046700110334217,3.6749551608329054,0.453335671236524,0.7326953734864975,0,0.27237859952470456,0.5843193277607823,-1.176371987085633
2020-01-09 00:00:00-05:00,1.2492847559364149,-0.3435774154633362,-2.8482474264967577,0.4760448756403543,-0.8520913324790985,0,0.008986875792057893,1.0104451897226787,-1.1491495477316298
2020-01-10 00:00:00-05:00,-0.46269281380466776,-1.7119775697410826,-1.3684001542777464,0.33705513914780566,-0.23759618903740068,0,0.3597896188675534,0.7528205733193788,-1.1359617069029253
2020-01-13 00:00:00-05:00,1.2024261005192056,1.6651189143238734,3.377096484064956,0.370979372700925,-0.007611857845941559,1,0.7799490057968657,0.8094225595516384,-1.1501250036709227
