Date,Returns,ReturnVelocity,ReturnAcceleration,SmaDiffWeekMonth,VolumeVelocity,IsBiggestVolume,WeekMomentum,MonthMomentum,SeasonVolatility
2018-01-10 00:00:00-05:00,-2.0862837864162858,-1.4736731666918776,-0.9081892448869092,1.430943553978244,0.4379271135248032,0,-0.21647706727933305,0.6751457931630861,-1.7627361961983152
2018-01-11 00:00:00-05:00,-0.6537615986178117,1.4325221877984742,2.906195354490352,1.3019193753616751,-0.6712446697204065,0,-0.24989712098738123,0.6079316424268214,-1.6862502120675622
2018-01-12 00:00:00-05:00,0.38995808542150934,1.043719684039321,-0.38880250375915315,1.1728940700369608,-0.47049170709957844,0,-0.7501740566601948,0.6662237796650808,-1.6755598045557716
2018-01-16 00:00:00-05:00,2.5248923877067844,2.134934302285275,1.091214618245954,0.9206283009287932,1.8766857662254817,0,-0.08672919091585954,0.9815919129131757,-1.6907874392767865
2018-01-17 00:00:00-05:00,2.1311862155646706,-0.3937061721421138,-2.5286404744273887,0.7879920569525234,-0.7195289572850354,0,0.6433679377749405,1.251307219173743,-1.5438213243592829
2018-01-18 00:00:00-05:00,3.3387493075142642,1.2075630919495937,1.6012692640917074,0.7941366403091754,1.523571081965164,0,2.149093847127058,1.7796692574910054,-1.4677793335699345
2018-01-19 00:00:00-05:00,0.2243383811384291,-3.114410926375835,-4.321974018325429,1.0800140449301527,-1.309364938869453,0,2.4026062852120598,1.8370150430396084,-1.210345741931889
2018-01-22 00:00:00-05:00,3.8280671351165854,3.603728753978156,6.718139680353991,1.413596272478243,0.524973608903563,0,3.3935702847870504,2.380941260914123,-1.2103244989905013
2018-01-23 00:00:00-05:00,-0.21560275243276877,-4.043669887549354,-7.647398641527511,1.9130667986583425,-0.9856328936360176,0,2.593638942473167,2.431277275260485,-0.8793167670708314
2018-01-24 00:00:00-05:00,-2.0527142722006326,-1.8371115197678638,2.206558367781491,2.243757893102254,0.6106776624512755,1,1.4004498194274728,1.9491514021370422,-0.88362096976542
2018-01-25 00:00:00-05:00,-0.5074031539853867,1.545311118215246,3.38242263798311,2.35579469299251,-0.08290033166077519,0,0.36080824224653396,2.1381366119869956,-0.7593526479778213
2018-01-26 00:00:00-05:00,1.3747386599243263,1.882141813909713,0.3368306956944671,2.2101440041731535,-0.3689004668099396,0,0.6694990452641361,2.299573271475304,-0.8643731314854017
2018-01-29 00:00:00-05:00,-0.6999116587035282,-2.0746503186278544,-3.9567921325375677,2.121959937663069,1.4656060718261914,0,-0.5167997103122581,1.9302732987258473,-0.8270780147542655
2018-01-30 00:00:00-05:00,-1.1453583303536619,-0.44544667165013363,1.6292036469777207,1.775728318711386,-0.4723452338645561,0,-0.759206890527772,1.7888906205468957,-0.8125439237658694
2018-01-31 00:00:00-05:00,0.9581079454458689,2.103466275799531,2.5489129474496646,1.3843203708718625,-1.1367992056690428,0,0.033050793400723345,1.421756285327067,-0.7836912765302093
2018-02-01 00:00:00-05:00,0.30896985671441807,-0.6491380887314508,-2.7526043645309817,1.226384217380268,-0.020800633343893503,1,0.25103268789412453,1.2213126447548703,-0.766444209743725
2018-02-02 00:00:00-05:00,-2.0682214101341434,-2.3771912668485613,-1.7280531781171105,1.1418149525210963,1.8533949432753853,0,-0.6586162001087363,0.9945053291863268,-0.7657109271487539
2018-02-05 00:00:00-05:00,-3.504821558557842,-1.4366001484236985,0.9405911184248628,0.8577446268089666,-0.23437130233853606,0,-1.3894771018555407,0.1714722988074539,-0.6529350749539141
2018-02-06 00:00:00-05:00,1.4901030154096613,4.994924573967503,6.4315247223912015,0.48585126406858575,0.18960750616954217,0,-0.7191589001533127,0.38052297176538324,-0.3382577746774042
2018-02-07 00:00:00-05:00,-3.922891830183942,-5.412994845593603,-10.407919419561107,0.25779845303089033,0.17510860949294704,0,-1.9671619298307248,-0.07917236550943206,-0.2876688085710414
2018-02-08 00:00:00-05:00,-3.629454709259517,0.2934371209244251,5.7064319665180285,-0.22721672954492056,-0.8174930299858415,0,-2.9316781511094048,-0.2894512332905418,0.012037819168797197
2018-02-09 00:00:00-05:00,2.7502821290255732,6.3797368382850905,6.086299717360665,-0.9290799325570843,-0.3420617838503786,1,-1.770443836066652,0.16050432108436136,0.3360324075244667
2018-02-12 00:00:00-05:00,2.55603155768464,-0.19425057134093304,-6.573987409626024,-1.3844577011697659,-1.1332846160008025,1,-0.2151270930964048,0.4535534404718594,0.514034069885974
2018-02-13 00:00:00-05:00,-0.3526852985311022,-2.9087168562157424,-2.7144662848748093,-1.4936046556222915,-0.4568217208486814,1,-0.6929842024198616,0.06412633251728093,0.6703286823877035
2018-02-14 00:00:00-05:00,1.580931303469643,1.9336166020007453,4.842333458216488,-1.67394926360842,0.2772489782184882,1,0.7872578858462678,-0.008529464982112921,0.6579971539356377
2018-02-15 00:00:00-05:00,1.0917771444236966,-0.4891541590459465,-2.4227707610466918,-1.5019187959943703,-0.445662726077224,0,2.125675001077823,-0.30017345229873627,0.674322168046795
2018-02-16 00:00:00-05:00,-0.09191675915138174,-1.1836939035750782,-0.6945397445291317,-1.0071437455360792,-0.7202364286170128,0,1.332948409704849,-0.3415768098874186,0.7001584836900455
2018-02-20 00:00:00-05:00,0.5979778760477288,0.6898946351991105,1.8735885387741886,-0.6735611960713769,2.213781191200597,1,0.8009222646124636,-0.7484867975217414,0.6990639538841495
2018-02-21 00:00:00-05:00,-1.9433204399058657,-2.5412983159535942,-3.2311929511527047,-0.40322383308325005,-0.9025596354218531,0,0.3646047917989989,-0.9679103379837222,0.6897419662949167
2018-02-22 00:00:00-05:00,-1.1657638334511544,0.7775566064547113,3.3188549224083053,-0.20697718823259534,0.35618182202551957,0,-0.3626849859508992,-0.8551400812527966,0.7830600153468688
2018-02-23 00:00:00-05:00,3.5621500635207073,4.727913896971861,3.9503572905171502,-0.19613423190461984,-0.41820829598769615,0,0.2768305827549765,-0.3411454389522237,0.7720679573039532
2018-02-26 00:00:00-05:00,1.161748961952407,-2.4004011015683,-7.128314998540161,-0.09783168240482706,-1.3360059307993648,0,0.6132420461781981,-0.36862702340098247,0.5790760002686173
2018-02-27 00:00:00-05:00,-1.7788600826557257,-2.9406090446081325,-0.5402079430398325,0.08395849213339361,1.1986513039493416,1,-0.02813835927295746,-0.5104512911326886,0.598145536834923
2018-02-28 00:00:00-05:00,-0.6190003614332169,1.1598597212225088,4.100468765830641,0.13094270472160874,-0.0006984995172218643,0,0.329823589697153,-0.4417066306795085,0.3185862604792679
2018-03-01 00:00:00-05:00,-1.4532789286062133,-0.8342785671729964,-1.9941382883955052,0.25273985536926646,0.38195853250746753,0,0.2516787144744411,-0.7517245658263959,0.33184021542979086
2018-03-02 00:00:00-05:00,0.6788289093649186,2.132107837971132,2.9663864051441284,0.3940530397408184,-1.139129672902819,0,-0.49403819270445604,-0.705009325437488,0.3953916279534215
2018-03-05 00:00:00-05:00,1.1160077743733543,0.4371788650084357,-1.6949289729626962,0.35357588861584066,0.4394520894107965,0,-0.5058118186379613,-0.29154202672040885,0.3809266911151569
2018-03-06 00:00:00-05:00,0.11500082896857569,-1.0010069454047785,-1.4381858104132141,0.25743935504874127,0.957368070528127,0,-0.003971185419874632,0.20099446314402244,0.3922221593865811
2018-03-07 00:00:00-05:00,1.515806929294973,1.4008061003263972,2.401813045731176,0.22455042233282338,-1.3909290916944081,0,0.565894115729781,0.20444451695450735,0.3346449321354856
2018-03-08 00:00:00-05:00,-0.9049663421118178,-2.420773271406791,-3.821579371733188,0.3253832364132644,1.3076409734952137,1,0.7166704721264586,0.6324495465610226,0.36643193647671535
2018-03-09 00:00:00-05:00,1.8036750080378219,2.7086413501496396,5.12941462155643,0.41212141445463846,0.2748739199697969,0,1.021117591772589,1.424764781581413,0.39611457713881754
2018-03-12 00:00:00-04:00,1.4128546531655917,-0.3908203548722302,-3.09946170502187,0.4876568943526696,-1.1329890680798365,0,1.1020075835598264,1.2315240795192837,0.44534100124011455
2018-03-13 00:00:00-04:00,-0.508627582064998,-1.9214822352305898,-1.5306618803583596,0.6022252464900286,0.15638521865181282,0,0.9298674841966881,0.7936569499986224,0.4754722533805011
2018-03-14 00:00:00-04:00,0.35563416740959225,0.8642617494745903,2.78574398470518,0.7229349628179006,-0.8405278983478844,0,0.6160113851263436,0.8947006324114876,0.4877363442568153
2018-03-15 00:00:00-04:00,0.3543936207570024,-0.0012405466525898246,-0.8655022961271801,0.7601610780650111,-0.38198217547599694,1,0.9610340775783084,0.7218422466609675,0.4880230389473962
2018-03-16 00:00:00-04:00,-0.7504073204448128,-1.1048009412018152,-1.1035603945492254,0.8967757285069247,2.524126898187507,1,0.2712620074445992,0.4641132797719787,0.4883285545462979
2018-03-19 00:00:00-04:00,-0.8227809302197804,-0.07237360977496754,1.0324273314268475,0.8993043835045184,-1.1107503543556967,0,-0.31962909664600964,0.36253639358757084,0.5066095933629435
2018-03-20 00:00:00-04:00,0.5157082568142054,1.3384891870339857,1.4108627968089533,0.7691953459010786,0.46862755254797966,0,-0.04974623224604337,0.3512638898980343,0.5304611110290518
2018-03-21 00:00:00-04:00,-0.2899654163489313,-0.8056736731631366,-2.144162860197122,0.7066712526383221,0.08023354639026323,0,-0.22011436449025842,0.5834861098299098,0.5325171602419422
2018-03-22 00:00:00-04:00,-2.2595259065602322,-1.9695604902113009,-1.1638868170481642,0.5762023122611941,-0.42949232564133816,0,-0.9054760303014755,0.4285002883147825,0.5247994391160324
2018-03-23 00:00:00-04:00,-2.540607570497821,-0.2810816639375888,1.688478826273712,0.29502247582001906,-0.3291642307648744,0,-1.3677238995337955,-0.3876471379686365,0.6590013017738475
2018-03-26 00:00:00-04:00,3.9689796481891526,6.509587218686974,6.790668882624563,-0.0027801687829015946,-0.396890407014269,0,-0.1518733711134594,-0.02596424666424648,0.7530467712652725
2018-03-27 00:00:00-04:00,-2.2136885987295756,-6.182668246918729,-12.692255465605703,-0.04542575021516661,0.5825025532219076,1,-0.8682173405956993,-0.08526588507201971,1.1058177390409576
2018-03-28 00:00:00-04:00,-1.385994584495856,0.8276940142337195,7.010362261152448,-0.25612854346164327,0.3987957702443083,0,-1.1503258795905742,-0.18818960431074183,1.1938190928460595
2018-03-29 00:00:00-04:00,2.5064268827203704,3.8924214672162263,3.064727452982507,-0.5228514267154691,-0.4088943286107699,0,0.08735309544695692,0.3435300574306833,1.2488111945401081
2018-04-02 00:00:00-04:00,-2.8793259196325742,-5.385752802352945,-9.27817426956917,-0.5503188007882448,-0.6278413418975514,0,-0.005164512862332153,-0.14294164287488828,1.1147896880247794
2018-04-03 00:00:00-04:00,2.3058820126804807,5.185207932313055,10.570960734666,-0.5434526413428524,-0.24495174332828915,0,-0.42950192701118056,0.013310353261431821,1.2697955082187482
2018-04-04 00:00:00-04:00,1.0579332807055442,-1.2479487319749365,-6.433156664287992,-0.6572971639751742,-0.44900016024090666,1,0.4438297699676004,0.13984415117510546,1.3845901140334471
2018-04-05 00:00:00-04:00,-1.4110008850429365,-2.4689341657484807,-1.2209854337735442,-0.5777868186942506,0.11503689164432068,1,0.4369891198343925,-0.25113797872441485,1.2822212195051115
2018-04-06 00:00:00-04:00,-2.0775624407832405,-0.666561555740304,1.8023726100081767,-0.45490738439263095,-0.5781862985869891,0,-0.7690708192440231,-0.4069811277987814,1.3358029159010834
2018-04-09 00:00:00-04:00,1.5322903398799692,3.6098527806632097,4.276414336403514,-0.5987490628034675,0.6028922136651168,1,0.401219334109152,-0.4416742462428533,1.436396389758468
2018-04-10 00:00:00-04:00,1.1841162521439448,-0.34817408773602443,-3.958026868399234,-0.4614129972311108,-0.554961521276608,0,0.10589340338455076,-0.47095001353206706,1.3763687969312965
2018-04-11 00:00:00-04:00,-0.4589307184052086,-1.6430469705491535,-1.294872882813129,-0.3876858839083814,-0.5700541794590106,0,-0.2939481959559743,-0.46448119291511375,1.3911516925283753
2018-04-12 00:00:00-04:00,1.083461570090161,1.5423922884953698,3.1854392590445233,-0.4104545630932215,1.307429386553632,1,0.3699357208479913,-0.37051209205378854,1.3972857419944666
2018-04-13 00:00:00-04:00,-2.736598821387122,-3.8200603914772833,-5.3624526799726535,-0.2868516212031828,-0.7821373639945154,0,0.18887574608263705,-0.7724864280088519,1.27490492986912
2018-04-16 00:00:00-04:00,0.5158023736348926,3.252401195022015,7.072461586499298,-0.15746560831324696,-0.4102193771619478,0,-0.07864691565209161,-0.6111149649277813,1.357528332921754
2018-04-17 00:00:00-04:00,-1.3062319575912233,-1.8220343312261158,-5.074435526248131,-0.1104826833914863,2.0846091780528777,0,-0.7297359966822626,-0.6735597258483301,1.0842879932153155
2018-04-18 00:00:00-04:00,-0.9217810792304789,0.38445087836074443,2.20648520958686,-0.21131533651362427,-0.3986705757093297,0,-0.8497158623552644,-0.8558669776877086,1.1207320306855546
2018-04-19 00:00:00-04:00,-5.701321969304202,-4.779540890073723,-5.163991768434467,-0.31720787496384656,5.102304191203984,0,-2.5735752824177722,-1.5378048139578802,0.7517909113921389
2018-04-20 00:00:00-04:00,-1.4672520668140308,4.234069902490171,9.013610792563895,-0.7548766887614632,-1.2970650603187566,0,-2.2608937159465854,-1.4414784613387026,1.502638816176061
2018-04-23 00:00:00-04:00,-0.5134724340871054,0.9537796327269253,-3.280290269763246,-1.1184570378379104,-0.8560774071670567,0,-2.509435605797476,-1.192300632983679,1.4584868223804375
2018-04-24 00:00:00-04:00,0.0,0.5134724340871054,-0.44030719863981993,-1.5756410805679,0.24428817459531893,0,-2.1914824789918117,-1.65913848057593,1.4585698908700193
2018-04-25 00:00:00-04:00,-1.4968095034502416,-1.4968095034502416,-2.010281937537347,-1.8907930991288033,-0.29633219579189696,0,-2.3327537711188926,-1.5729091453706796,1.3949403997041112
2018-04-26 00:00:00-04:00,0.0,1.4968095034502416,2.993619006900483,-2.2478696059081402,-1.1305760065125303,0,-0.8696172018262737,-1.4063830291180877,1.4279116554847193
2018-04-27 00:00:00-04:00,0.0,0.0,-1.4968095034502416,-2.281121499605571,0.024593451017737064,1,-0.487467581221479,-1.700164746098622,1.4102167131583183
2018-04-30 00:00:00-04:00,0.7336004867801048,0.7336004867801048,0.7336004867801048,-2.191854183691688,-0.26495519789001515,0,-0.16098780875227756,-1.264133961839317,1.3751210119501187
2018-05-01 00:00:00-04:00,1.248349593483693,0.5147491067035882,-0.2188513800765166,-2.088851651637499,-0.9546838408327821,0,0.1682237017014668,-1.3898021864698051,1.391658244937143
2018-05-02 00:00:00-04:00,-3.0310750573001246,-4.279424650783818,-4.794173757487406,-1.8983883997033477,2.6030919097214786,1,-0.24766486108793492,-1.876620969561376,1.3625333875332537
2018-05-03 00:00:00-04:00,0.9271497083456569,3.9582247656457814,8.2376494164296,-1.7353905903422993,-1.1622869411540069,0,-0.003962975613311134,-1.6028257048306116,1.2904856915027947
2018-05-04 00:00:00-04:00,1.2861066929097502,0.3589569845640933,-3.599267781081688,-1.556851934556855,0.7165231179129997,0,0.33722524586255653,-1.1968570373669611,1.2511039889292255
2018-05-07 00:00:00-04:00,-0.3627849047318877,-1.6488915976416378,-2.0078485822057313,-1.3577120641440397,-1.4793962485550394,0,0.044772439871485374,-1.4250232845859312,0.9527181637951385
2018-05-08 00:00:00-04:00,1.8985625609328523,2.26134746566474,3.9102390633063777,-1.190740033233305,1.7803960886593864,1,0.21545211459938673,-1.3403193127707924,0.6443614097346244
2018-05-09 00:00:00-04:00,0.43387863515444525,-1.464683925778407,-3.726031391443147,-0.9955767987447576,-0.8759431132229705,0,1.1712346524242934,-1.2319618902914269,0.5431186418646522
2018-05-10 00:00:00-04:00,1.0673232859803696,0.6334446508259244,2.0981285766043314,-0.6186243554678259,0.737790135997279,0,1.2097115494677235,-1.233907955642614,0.3755465436446656
2018-05-11 00:00:00-04:00,0.3520545943303734,-0.7152686916499962,-1.3487133424759206,-0.22974586741742944,-1.374469824083049,0,0.9538730672633755,-0.8468905004050812,0.4079745918195274
2018-05-14 00:00:00-04:00,0.10020864153349128,-0.2518459527968821,0.4634227388531141,0.06010608066984006,0.33299453989559047,1,1.0815976213165954,-0.8988807962628014,0.34288432886436737
2018-05-15 00:00:00-04:00,-1.6270278206384348,-1.727236462171926,-1.475390509375044,0.3824838395332,0.13788231149093091,0,0.1261690257631129,-0.9395838798045675,0.30767243018457535
2018-05-16 00:00:00-04:00,1.2468363051534541,2.873864125791889,4.601100587963815,0.5086160802540565,0.7547437952148426,0,0.3419583096085085,-0.6663848898529289,0.3623576726837577
2018-05-17 00:00:00-04:00,-2.085958265164854,-3.332794570318308,-6.206658696110197,0.6492062399121106,-0.07354586230776987,0,-0.4965268656236661,-0.17736783553317534,0.3968179367883373
2018-05-18 00:00:00-04:00,-1.386043791535246,0.6999144736296079,4.032709043947916,0.5527110912377713,-0.2279112045774717,0,-0.9474740754928802,-0.16645251027046015,0.41004791253900597
2018-05-21 00:00:00-04:00,2.7329555854290963,4.118999376964342,3.419084903334734,0.3564639635121955,-0.13183606253614022,0,-0.2745534115109811,0.26607753660953565,0.422376399246339
2018-05-22 00:00:00-04:00,0.4306908226634558,-2.3022647627656405,-6.421264139729983,0.2610520642416665,-0.8613455552019641,0,0.2747024869836518,0.32502782102459477,0.28652820442595217
2018-05-23 00:00:00-04:00,0.025234038403375205,-0.40545678426008064,1.8968079785055598,0.27803831625983366,-0.5838848362244875,1,-0.04874483190637135,0.5374322246074665,0.2515320500968054
2018-05-24 00:00:00-04:00,-0.9583819784111329,-0.9836160168145082,-0.5781592325544276,0.20430894952081344,1.4723461632768813,1,0.25624422561842813,0.40365423830992797,0.18741301009289701
2018-05-25 00:00:00-04:00,0.07639268653436004,1.034774664945493,2.018390681760001,0.20936803005735846,-0.9797497369226829,0,0.6535223754842466,0.41421549324054796,0.19819722694764164
2018-05-29 00:00:00-04:00,-2.900762822440764,-2.977155508975124,-4.011930173920617,0.29574517861690475,0.6732458291102831,0,-0.8373300763798766,-0.0849555308495975,0.15644247946576548
2018-05-30 00:00:00-04:00,0.47170048040692963,3.372463302847694,6.349618811822818,0.11684613718286303,0.2582400659764669,0,-0.8268376714939479,-0.1872550857294417,0.3261255687194286
2018-05-31 00:00:00-04:00,0.9389718261987938,0.4672713457918642,-2.9051919570558296,-0.04976422041280767,-0.256139100926938,0,-0.5920124944938164,0.35456574883494657,0.29467995810246217
2018-06-01 00:00:00-04:00,1.2919794347549696,0.35300760855617574,-0.11426373723568845,-0.22143446333656266,-0.8449093934480428,0,-0.0026038581443451237,0.40436251623351627,0.3239282243203825
2018-06-04 00:00:00-04:00,1.964296263979968,0.6723168292249984,0.3193092206688226,-0.27130948711233865,1.0873467629013116,0,0.49787697233856015,0.4969361307607684,0.30630501120436116
2018-06-05 00:00:00-04:00,-1.0757818441130835,-3.0400781080930512,-3.7123949373180496,-0.2243252745241295,-0.9046352131297682,0,1.0059174183014616,0.3973381977585192,0.4046871004628717
2018-06-06 00:00:00-04:00,0.050550639283118044,1.1263324833962016,4.166410591489253,-0.06421795443402972,1.223551740084498,0,0.8904829621026102,0.14672611993087167,0.32960728257425104
2018-06-07 00:00:00-04:00,-0.10110648614826505,-0.1516571254313831,-1.2779896088275846,0.09841769873704562,-0.5870432485063203,0,0.6079133423042894,0.0744527707220808,0.2668530581793641
2018-06-08 00:00:00-04:00,-1.49292298968202,-1.3918165035337549,-1.2401593781023719,0.2108168157755841,-0.21233010602376387,0,-0.13828628840270824,-0.26742285154164075,0.2648376465892086
2018-06-11 00:00:00-04:00,-0.4366649868926144,1.0562580027894055,2.4480745063231604,0.202142772629817,-1.2920490609465118,0,-0.7597982677336715,-0.37080610089741295,0.2970600133933759
2018-06-12 00:00:00-04:00,1.1351721831971078,1.5718371700897222,0.5155791673003167,0.06878205531528583,0.9951626430365001,1,-0.18377387584011343,-0.23587344799265256,0.28929211153442264
2018-06-13 00:00:00-04:00,-0.38264552572859434,-1.5178177089257021,-3.0896548790154243,0.046733825511046635,0.9999190122248539,0,-0.2978588635826837,-0.0690825848296267,0.32879082277772254
2018-06-14 00:00:00-04:00,-1.152368787208321,-0.7697232614797267,0.7480944474459754,-0.017958859017306174,-0.6933902942668058,0,-0.5739352828553802,-0.3854846794586098,0.3202331781890649
2018-06-15 00:00:00-04:00,0.23317908823169026,1.3855478754400112,2.1552711369197377,-0.10795048731115334,1.0265796295833889,0,-0.11906922380356132,-0.07672560191842252,0.3282946843670993
2018-06-18 00:00:00-04:00,-1.1372604452810102,-1.3704395335127004,-2.755987408952712,-0.1328867920117414,-0.6934436391329243,0,-0.30493372219988985,-0.04305989861910977,0.33353591927672727
2018-06-19 00:00:00-04:00,-1.8039207924019947,-0.6666603471209844,0.703779186391716,-0.20047141443581243,0.09355679616293382,0,-1.067140618411687,-0.633867657846633,0.2510731770547862
2018-06-20 00:00:00-04:00,2.1032676404574584,3.907188432859453,4.5738487799804375,-0.36852749954187264,-0.47472603355080006,0,-0.43165657963280873,-0.4209052172229146,0.17906428800192487
2018-06-21 00:00:00-04:00,-1.9034908868530225,-4.006758527310481,-7.913946960169934,-0.4231021839554385,-0.0010905270370462586,0,-0.6299930624238786,-0.6715838400773624,-0.12133511173127931
2018-06-22 00:00:00-04:00,1.3290579465571128,3.232548833410135,7.239307360720616,-0.49140918725978316,0.1293875157470997,0,-0.3467908357787546,-0.3771196210880736,-0.1495631872665615
2018-06-25 00:00:00-04:00,-0.7205897437874574,-2.04964769034457,-5.282196523754705,-0.5322507479910309,-0.1238599916200372,0,-0.23642657900580188,-0.48100009997941623,-0.12668624443825055
2018-06-26 00:00:00-04:00,-0.13691940172046554,0.5836703420669919,2.633318032411562,-0.5381814177581257,-0.5831145250876141,0,0.20998606044314386,-0.11266593679838094,-0.3020112147775886
2018-06-27 00:00:00-04:00,-2.6056128488292276,-2.468693447108762,-3.052363789175754,-0.491181592214172,-0.17586983138032883,0,-1.023355898103486,-0.5202915739848343,-0.4790067873775073
2018-06-28 00:00:00-04:00,1.2109267193477613,3.8165395681769887,6.285233015285751,-0.6586511452507811,-0.631938680873086,1,-0.21347144796881096,-0.48553301986122765,-0.4972479165360315
2018-06-29 00:00:00-04:00,1.7251036711329368,0.5141769517851755,-3.302362616391813,-0.6592517611720707,0.14320733732580485,1,-0.1106023479260712,-0.4302197089775016,-0.4866346989036091
2018-07-02 00:00:00-04:00,-0.05472810520297919,-1.779831776335916,-2.2940087281210912,-0.6443816280115272,-0.3973100189912016,0,0.066609420172239,-0.6874598531231846,-0.4253500967040518
2018-07-03 00:00:00-04:00,-0.4104915386607266,-0.3557634334577474,1.4240683428781686,-0.5642210111717076,-0.4644570831722918,0,-0.0062587260267457775,-0.6018215594004127,-0.5128383434165575
2018-07-05 00:00:00-04:00,0.5496134429136278,0.9601049815743543,1.3158684150321016,-0.5089674046206598,0.8894101896513097,1,0.8531030449248891,-0.5378766290800574,-0.5855060148873298
2018-07-06 00:00:00-04:00,1.8584431166411979,1.30882967372757,0.34872469215321567,-0.2881525667167352,-0.7148839782641081,0,1.0283091731273402,-0.2851640237231768,-0.6195421778746155
2018-07-09 00:00:00-04:00,1.502548880391276,-0.3558942362499218,-1.6647239099774918,-0.056794637810139145,-0.21507180903390202,0,0.9680109711971174,0.11428879549554861,-0.5160490756016222
2018-07-10 00:00:00-04:00,0.2643063837055887,-1.2382424966856873,-0.8823482604357655,0.1232690979308719,-0.13927544943899034,0,1.0557958559638083,0.2095855342397241,-0.4854771617387098
2018-07-11 00:00:00-04:00,-2.530944852322754,-2.7952512360283426,-1.5570087393426553,0.3114248515807865,-0.13356159695642128,0,0.4683828085425741,-0.2845296708920975,-0.6471916898685445
2018-07-12 00:00:00-04:00,0.919629675082466,3.45057452740522,6.2458257634335625,0.4300672194179472,-0.8787513550057118,0,0.5677451920811286,-0.11279561940939314,-0.517600438986135
2018-07-13 00:00:00-04:00,1.2329137829776944,0.3132841078952284,-3.1372904195099913,0.551528289121303,-0.32820900772494177,1,0.4013167609360381,0.2083506356066255,-0.521638832737991
2018-07-16 00:00:00-04:00,0.052963468743192584,-1.1799503142345018,-1.4932344221297302,0.6065246842983053,0.06139822286610676,1,0.016664368709954865,0.18384501595796301,-0.49217081886299185
2018-07-17 00:00:00-04:00,0.6615451029552092,0.6085816342120166,1.7885319484465185,0.5831050897213511,0.22428841561417084,0,0.12185082009414742,0.4313903778127836,-1.28259030483162
2018-07-18 00:00:00-04:00,0.9726662245216974,0.3111211215664882,-0.2974605126455284,0.5568968924815515,1.5771956615580442,0,1.079973140818656,0.8230883367298114,-1.326321865776312
2018-07-19 00:00:00-04:00,3.6448847563167748,2.6722185317950773,2.361097410228589,0.6911916508496168,1.5726692020682678,0,1.8256323759010733,1.0381587780737256,-1.3124601999507663
2018-07-20 00:00:00-04:00,2.310977515536745,-1.3339072407800296,-4.006125772575107,0.9604344973524673,-0.6395024545378991,0,2.127630200577954,1.6593729076108097,-0.9982776842512023
2018-07-23 00:00:00-04:00,0.02454665689723084,-2.2864308586395143,-0.9525236178594847,1.2377606700156583,-1.51151335915975,0,2.1194901517890927,1.4652241596733129,-0.9490476635151751
2018-07-24 00:00:00-04:00,-0.8590908913543888,-0.8836375482516196,1.402793310387895,1.5312831113279406,-0.10149160317321439,0,1.6866575932403296,1.4444565014952875,-0.9492497849435008
2018-07-25 00:00:00-04:00,1.2378983343070122,2.096989225661401,2.9806267739130203,1.7380797683884543,0.08550789227195693,0,1.7607834674592269,1.6491137915713754,-0.9236491541820246
2018-07-26 00:00:00-04:00,-0.17117530217048307,-1.4090736364774954,-3.5060628621388963,1.9437511659271238,0.07637043709091419,0,0.7190558513988696,2.025808849271726,-0.9032082863415224
2018-07-27 00:00:00-04:00,1.543377210446262,1.7145525126167451,3.1236261490942407,1.8961728562290399,0.12670028580320825,0,0.5145960950369067,2.076548423684477,-0.9298047496459484
2018-07-30 00:00:00-04:00,-0.868505964299304,-2.411883174745566,-4.126435687362311,1.7976455284540085,-1.322015020396707,0,0.2731085360936593,1.6814112268414678,-1.1409860241946845
2018-07-31 00:00:00-04:00,0.2920000192394197,1.1605059835387237,3.57238915828429,1.6803875630123983,-0.30096159770997105,1,0.5843418601683136,1.7338052529050059,-1.124876916455837
2018-08-01 00:00:00-04:00,1.213308611763764,0.9213085925243443,-0.23919739101437942,1.6283120782263008,0.4538314528151513,1,0.5777553818532488,1.9809082323633114,-1.1545588061595105
2018-08-02 00:00:00-04:00,-0.3836011536876803,-1.5969097654514441,-2.5182183579757886,1.5518882694338416,-0.7707399623555512,0,0.520066958519234,1.8379582374081378,-1.1363132720798035
2018-08-03 00:00:00-04:00,0.33693318829130287,0.7205343419789831,2.3174441074304273,1.4754636558498433,-0.22159903169614278,1,0.19865079570795088,1.6100231331533081,-1.2009975516796643
2018-08-06 00:00:00-04:00,-1.4871471113463373,-1.8240802996376402,-2.544614641616623,1.345840229457582,1.3117324176451903,1,0.031830644849459064,1.1672845927285622,-1.2020518240859346
2018-08-07 00:00:00-04:00,0.4139536591588856,1.9011007705052227,3.725181070142863,1.2214619514043756,-0.08313302748813368,0,0.06413276873794804,1.1890584642778683,-1.157215806813552
2018-08-08 00:00:00-04:00,1.7700998613236854,1.3561462021647999,-0.5449545683404229,1.1019571689601375,-0.9853178457438783,0,0.21044652430525176,1.8337739633267152,-1.1564184474202988
2018-08-09 00:00:00-04:00,-0.30973998507040373,-2.0798398463940893,-3.435986048558889,0.9536044730469243,-0.45794222616770636,0,0.23027540930563814,1.6479416656393269,-1.0903779351313851
2018-08-10 00:00:00-04:00,-1.9359415271251257,-1.626201542054722,0.45363830433936725,0.8273547327622077,1.2585280722393652,1,-0.37597147944534887,1.17623489819801,-1.1642589626168351
2018-08-13 00:00:00-04:00,-0.7799276461370853,1.1560138809880405,2.7822154230427625,0.6063243716856713,-0.29448496451051126,0,-0.18819326819715604,1.0547176761360644,-1.0866687450524286
2018-08-14 00:00:00-04:00,0.49129041542012974,1.271218061557215,0.11520418056917459,0.4429854916728122,-0.6887806042333992,0,-0.16790325091552735,1.030233548844327,-1.1879870749300983
2018-08-15 00:00:00-04:00,-1.1244300186036214,-1.6157204340237512,-2.8869384955809663,0.2860141222713197,0.16899809569179405,0,-0.9177676303664182,0.7300903464840687,-1.2443395851206076
2018-08-16 00:00:00-04:00,-0.09887690955965202,1.0255531090439693,2.6412735430677206,-0.0181858102296931,-0.3838722918658149,0,-0.8635873192245064,0.21892727649938198,-1.3711374905534601
2018-08-17 00:00:00-04:00,-0.692908466569354,-0.594031557009702,-1.6195846660536715,-0.25495209919828676,0.9073571478281872,0,-0.5382123459901148,-0.18155459104524388,-1.3727407541157055
2018-08-20 00:00:00-04:00,-0.07471957942052124,0.6181888871488328,1.2122204441585347,-0.36734188065503787,-1.373113895723849,0,-0.3534559591302476,-0.19469396400198008,-1.3574875068457248
2018-08-21 00:00:00-04:00,1.9700154618790378,2.044735041299559,1.4265461541507263,-0.4347737536460875,1.0014624726050583,1,0.03177090962868356,0.18274335343284728,-1.3843236942272648
2018-08-22 00:00:00-04:00,0.024471627202446448,-1.9455438346765912,-3.9902788759761503,-0.4565037688780602,-0.4054918597203588,0,0.34044166044521973,0.019686718009948877,-1.2994108151572237
2018-08-23 00:00:00-04:00,-0.53789742352334,-0.5623690507257865,1.3831747839508046,-0.38944548011676483,-0.8091063064041076,0,0.22234616406455562,-0.029688877121713534,-1.5311233030021711
2018-08-24 00:00:00-04:00,1.376629812337378,1.914527235860718,2.4768962865865043,-0.3437415298997062,-0.10525615661802099,1,0.7799161131358064,-0.05167964191180707,-1.5206991294474879
2018-08-27 00:00:00-04:00,0.7031746572498875,-0.6734551550874904,-2.5879823909482083,-0.1695369984376305,0.7301714991524313,0,0.9925384674685767,0.16028907142516235,-1.4992671991327526
2018-08-28 00:00:00-04:00,1.9744558977523952,1.2712812405025078,1.9447363955899983,0.02826595228009816,2.022192465295656,0,0.9937370961020044,0.3881280467923724,-1.523459030195625
2018-08-29 00:00:00-04:00,4.203091440270797,2.2286355425184023,0.9573543020158946,0.20434226789029034,0.20859265063792146,0,2.1436820068050078,0.7960506335667961,-1.5225495571454233
2018-08-30 00:00:00-04:00,-1.5182466487058641,-5.721338088976662,-7.949973631495064,0.5977044105309436,-1.0911234999712391,0,1.8610326808508832,0.6341128955670705,-1.1677444809795674
2018-08-31 00:00:00-04:00,0.32214524651881754,1.8403918952246816,7.561729984201343,0.9427389825560167,0.13997260332622122,0,1.5656906244724649,0.6320413687645946,-1.092038692883076
2018-09-04 00:00:00-04:00,1.1697199587816158,0.8475747122627983,-0.9928171829618833,1.224834027928848,-0.34620372782504444,0,1.6958671079476026,1.0110565145748895,-1.0945403178869435
2018-09-05 00:00:00-04:00,0.2493814651996313,-0.9203384935819845,-1.7679132058447828,1.4975650018952735,-0.4538573167024897,0,1.218331561244437,0.9874027822072743,-1.1496054036188483
2018-09-06 00:00:00-04:00,-0.3844268924323692,-0.6338083576320005,0.286530135949984,1.6661506398302426,0.9352965025393221,1,-0.0034027688538026332,0.6823629087508458,-1.1624305479002577
2018-09-07 00:00:00-04:00,1.8842077521902167,2.268634644622586,2.9024430022545866,1.5762402954812633,0.762715078183459,0,0.913161122794195,0.9927513270739967,-1.1698906416621901
2018-09-10 00:00:00-04:00,-0.5793226936059298,-2.4635304457961467,-4.732165090418732,1.6751433804231912,-1.4940109150960923,0,0.6665397113591783,1.1921554261400693,-1.1172600852943377
2018-09-11 00:00:00-04:00,-0.1568755233356674,0.4224471702702624,2.885977616066409,1.6935003533808553,1.9445957399309324,1,0.30988729036524343,1.283920580151709,-1.1505694619773275
2018-09-12 00:00:00-04:00,-1.369281856362014,-1.2124063330263466,-1.634853503296609,1.6155777008367977,-0.6181965710156924,0,-0.12352343056128263,1.011656905106491,-1.1453536360318546
2018-09-13 00:00:00-04:00,-1.1606496548216192,0.20863220154039475,1.4210385345667413,1.4601046923119825,-0.3378056987591097,0,-0.329308781391324,1.0063698913879577,-1.12745124381114
2018-09-14 00:00:00-04:00,2.2565149479177125,3.417164602739332,3.208532401198937,1.255555174170709,-1.3125568835847938,0,-0.23355575241246798,1.346534427501586,-1.1845000229898217
2018-09-17 00:00:00-04:00,-1.4636488991795715,-3.720163847097284,-7.137328449836616,1.0352727863452085,0.2682765207225676,1,-0.4674814081352634,1.231918563678108,-1.1703096804888506
2018-09-18 00:00:00-04:00,-0.45703848097099914,1.0066104182085724,4.726774265305856,0.7704084886583542,0.8942255431153238,0,-0.545842552430711,1.1758546438148483,-1.213960338955648
2018-09-19 00:00:00-04:00,1.0560149006942585,1.5130533816652576,0.5064429634566852,0.4924323663528855,-0.8678686923738448,0,0.09316636883017337,1.0450141350314925,-1.2254404406714352
2018-09-20 00:00:00-04:00,0.34073962879671993,-0.7152752718975386,-2.228328653562796,0.38716225367450624,-0.8317964392269145,0,0.49761897004658845,1.0907552680911077,-1.2376524890443086
2018-09-21 00:00:00-04:00,-0.24905248389096163,-0.5897921126876815,0.1254831592098571,0.37554766322441757,0.8717817975016935,1,-0.16469928780479864,1.1328993007250132,-1.2429395276537114
2018-09-24 00:00:00-04:00,1.883839624922964,2.132892108813926,2.7226842215016074,0.19647188956966483,0.4237629864149364,0,0.7310784861652766,1.2057172012729176,-1.450498596002269
2018-09-25 00:00:00-04:00,-1.6039494850139455,-3.4877891099369096,-5.6206812187508355,0.22906594666778757,-0.648977119841586,0,0.4169512078488689,0.8706101147653648,-1.411341071896732
2018-09-26 00:00:00-04:00,0.2263980847743554,1.830347569788301,5.31813667972521,0.22157269365965554,-0.9741771127913109,0,0.19570849400568355,0.6256165313086478,-1.3632563514153233
2018-09-27 00:00:00-04:00,1.1068495926615312,0.8804515078871757,-0.9498960619011252,0.18710572570527095,1.0242071750900101,1,0.3997823480538727,0.20823299548392718,-1.366610692837934
2018-09-28 00:00:00-04:00,-1.3404733608648456,-2.4473229535263767,-3.3277744614135525,0.25191735842224716,0.21395005629338668,0,0.10510139808688106,0.23283620406802796,-1.3661024480417305
2018-10-01 00:00:00-04:00,1.132256326424821,2.4727296872896667,4.920052640816044,0.24068037615957316,-1.0569124898530575,0,-0.09140226428236903,0.34309469219250566,-1.297326777889703
2018-10-02 00:00:00-04:00,-2.32870600101166,-3.460962327436481,-5.933692014726148,0.16650322341143328,0.0368059823857399,0,-0.28616133193969057,-0.13287499716182488,-1.3397796162499789
2018-10-03 00:00:00-04:00,0.7794491908144308,3.108155191826091,6.569117519262572,0.10244294406993498,-0.08137321585283273,0,-0.141332295300706,-0.06261255970426019,-1.2083745780245254
2018-10-04 00:00:00-04:00,-3.4804227806790045,-4.259871971493435,-7.3680271633195265,0.0657302858210556,0.8459096361559871,0,-1.338724168587506,-0.4777930786944796,-1.2014520925013679
2018-10-05 00:00:00-04:00,-1.8854686235201126,1.5949541571588919,5.854826128652327,-0.22273339687128785,-0.15870500692000597,0,-1.4778958548779302,-0.9566978879078574,-1.0482832210217325
2018-10-08 00:00:00-04:00,-1.609401054618453,0.2760675689016596,-1.3188865882572323,-0.4801041196333919,-0.22158643711354087,0,-2.15712291608501,-1.0858412268788402,-0.9510581166610905
2018-10-09 00:00:00-04:00,-0.14650535378625135,1.4628957008322017,1.186828131930542,-0.8974419678005066,-0.8518922041059356,0,-1.6125160123085511,-1.0845600088393976,-0.900712440956716
2018-10-10 00:00:00-04:00,-3.7897160903760114,-3.64321073658976,-5.106106437421962,-1.168300191868967,3.0377402874858914,0,-2.7423551606231205,-1.3873081938325993,-0.8988294472007512
2018-10-11 00:00:00-04:00,-1.0419369011712565,2.747779189204755,6.390989925794515,-1.6871629748351558,-0.6928450266451056,0,-2.1413114168620218,-1.3728545531381906,-0.5304263956180083
2018-10-12 00:00:00-04:00,1.8489765961212294,2.8909134972924857,0.14313430808773075,-2.0419384216625223,-0.8246632479588512,0,-1.2129228542642574,-1.4208730497807607,-0.5218760933149997
2018-10-15 00:00:00-04:00,-2.294476940506748,-4.143453536627978,-7.034367033920463,-2.159198318603811,0.040787459013723035,0,-1.3892200622371627,-1.5220569496110565,-0.7648125038846322
2018-10-16 00:00:00-04:00,3.251590908234138,5.546067848740886,9.689521385368863,-2.30268234765725,0.61496368536023,0,-0.5335658824517718,-1.0787319113572864,-0.7744966937436009
2018-10-17 00:00:00-04:00,-1.0997253639665712,-4.351316272200709,-9.897384120941595,-2.3030572195534527,-0.7786421034740109,0,0.1933574975571226,-1.3420252321740929,-0.5050472021568297
2018-10-18 00:00:00-04:00,-2.6029556190258,-1.503230255059229,2.8480860171414797,-2.1033803922296257,0.2589026963012812,0,-0.2282344200986489,-1.6963948294380617,-0.4936071819618205
2018-10-19 00:00:00-04:00,-0.23354033389500886,2.369415285130791,3.87264554019002,-1.9524042368761942,0.2841283397816382,0,-0.7660852152323566,-1.6945715033239945,-0.37403488766062687
2018-10-22 00:00:00-04:00,0.7022163679670532,0.9357567018620621,-1.433658583268729,-1.9235572891570616,-0.8692228159794886,0,0.024194836014008517,-1.8305751784905406,-0.3736790123208428
2018-10-23 00:00:00-04:00,-1.8595154347848037,-2.561731802751857,-3.4974885046139192,-1.69690610305374,1.1307175802273148,1,-1.29041208817316,-1.8606799937599994,-0.4244710509442341
2018-10-24 00:00:00-04:00,-4.000012210981335,-2.1404967761965317,0.4212350265553253,-1.7669619183599172,0.02744534659086678,0,-2.030652263037291,-2.3481756012258126,-0.36284641340432516
2018-10-25 00:00:00-04:00,2.4945125364559906,6.494524747437326,8.635021523633858,-1.93816844040219,-0.8160978108453808,0,-0.7482873700326877,-2.1962000799362924,-0.0010299302139716994
2018-10-26 00:00:00-04:00,-1.9256263617465241,-4.420138898202515,-10.914663645639841,-1.8343979762669362,0.3528715059676618,0,-1.1856035956853745,-2.2627765361047176,0.12814728406268652
2018-10-29 00:00:00-04:00,-0.9271768838238015,0.9984494779227227,5.418588376125237,-1.8205367297725226,-0.9559249270853412,0,-1.5957279684486563,-2.490006079519643,0.2025717736451424
2018-10-30 00:00:00-04:00,3.9911743491780265,4.918351233001828,3.9199017550791053,-1.866616034760711,1.0078042521514345,1,-0.10909733383945382,-1.782689990067287,0.20823636675876414
2018-10-31 00:00:00-04:00,0.8470091921194938,-3.1441651570585325,-8.06251639006036,-1.6807991662648374,-0.06461305876866354,0,1.225026825349169,-1.7748877585600322,0.5944682721567831
2018-11-01 00:00:00-04:00,2.493444520963719,1.6464353288442253,4.7906004859027576,-1.2185045363401725,0.1794577556826711,0,1.2247375834047625,-1.0540585661213966,0.6105936614529125
2018-11-02 00:00:00-04:00,-0.6914378725841649,-3.184882393547884,-4.831317722392109,-0.8431233680528352,-0.9866587147066834,0,1.5740433514644856,-0.9035521335433798,0.6910364187466673
2018-11-05 00:00:00-05:00,-0.7735727354248961,-0.08213486284073124,3.102747530707153,-0.4201663044420076,-0.46885962634432116,0,1.617620555882012,-0.7972138315192987,0.69846963344812
2018-11-06 00:00:00-05:00,0.649682639515626,1.4232553749405221,1.5053902377812534,-0.005075917110757236,-0.17450521115976578,1,0.7130807558488139,-0.6965548922763264,0.6262213792545865
2018-11-07 00:00:00-05:00,1.1619068411163198,0.5122242016006938,-0.9110311733398283,0.21857870819751893,-0.7652274569883212,1,0.7981565668746339,-0.0416545693844576,0.6272614241160804
2018-11-08 00:00:00-05:00,-1.2251367863982863,-2.387043627514606,-2.8992678291152996,0.3867889913613701,0.3649584714641039,1,-0.1934396921420921,-0.06642415020008115,0.6568230089315441
2018-11-09 00:00:00-05:00,-1.6279128891804016,-0.4027761027821153,1.9842675247324906,0.34333169718863066,-0.8019933050566507,0,-0.441817927114412,-0.5223288967459081,0.6624027217752817
2018-11-12 00:00:00-05:00,-2.65298015188262,-1.0250672627022186,-0.6222911599201033,0.296503131282952,2.2480426150232646,1,-0.9359952455122962,-0.5696580842585959,0.7224783240096277
2018-11-13 00:00:00-05:00,0.917442785902386,3.5704229377850063,4.595490200487225,0.14702614159774294,0.5674757193135617,0,-0.867899800918887,-0.8601876399220596,0.8753533072076656
2018-11-14 00:00:00-05:00,1.1764359895419232,0.25899320363953715,-3.3114297341454693,0.04550233350681449,-0.9549633481537014,0,-0.864213748444386,-0.5710972251194494,0.901412315158997
2018-11-15 00:00:00-05:00,1.7970405772148381,0.6206045876729149,0.3616113840333778,-0.09048989116326206,-0.06414811603411938,0,-0.07884386831244942,0.009421920099415665,0.8353029479626789
2018-11-16 00:00:00-05:00,-4.283484475203245,-6.080525052418084,-6.701129640090999,-0.11671370135880622,1.127700579913295,0,-0.7929710652305869,-0.5357881525966577,0.9240163895455533
2018-11-19 00:00:00-05:00,-2.2240424187358583,2.059442056467387,8.139967108885472,-0.23734406524150087,-0.3549797752015772,0,-0.6795546198829392,-0.9102222749282839,1.3504578841826769
2018-11-20 00:00:00-05:00,-1.1373215495609093,1.086720869174949,-0.972721187292438,-0.2886698062351812,-0.7584714396930953,0,-1.205947054985629,-0.8181560415776262,1.394668890427237
2018-11-21 00:00:00-05:00,1.4871178915196386,2.624439441080548,1.5377185719055988,-0.46399951673994666,-1.1841473209581672,0,-1.1281762541793898,-0.09779034984881828,1.3942689813193525
2018-11-23 00:00:00-05:00,-0.5806155110026942,-2.067733402522333,-4.692172843602881,-0.7026390384814083,-1.8694512501707616,1,-1.7215460279021002,-0.4975337227373671,1.346618871991386
2018-11-26 00:00:00-05:00,2.447158564421749,3.027774075424443,5.095507477946776,-1.0326894383856746,5.034677389612684,1,0.02313938799242496,0.07869076747161965,0.8493798016681079
2018-11-27 00:00:00-05:00,-0.10854269622065528,-2.555701260642404,-5.583475336066847,-1.043554928876582,-0.24473023325216756,0,0.5977073217423606,0.19024058176661737,0.998057668994005
2018-11-28 00:00:00-05:00,3.2880496997209288,3.396592395941584,5.952293656583988,-0.9487723765850775,0.3876624311192587,0,1.8121418280110975,0.09820766976053569,0.9901776301939554
2018-11-29 00:00:00-05:00,-0.2104935475736103,-3.4985432472945392,-6.895135643236124,-0.6022375121836545,-0.5714768159805204,0,1.3380070203540135,-0.04356071648556486,1.250384664366974
2018-11-30 00:00:00-05:00,-0.8963656824915144,-0.6858721349179041,2.812671112376635,-0.3321295147825205,0.43330043471330276,0,1.249491190350916,-0.4860085399972476,1.2445987832640923
2018-12-03 00:00:00-05:00,3.032710212008771,3.929075894500285,4.614948029418189,-0.033172638162563266,-0.54160799376587,0,1.4082845078106763,-0.0009250321947044151,1.254704113313211
2018-12-04 00:00:00-05:00,-3.330757456453592,-6.363467668462363,-10.292543562962647,0.251922509088059,1.8260365969752206,0,0.5069867884081987,-0.3467843161650202,1.4082290387385388
2018-12-06 00:00:00-05:00,-1.5491227035360158,1.7816347529175762,8.145102421379939,0.3867889913613701,-0.4078354734734151,0,-0.7593335860408369,-0.6324118213715227,1.6408213725006504
2018-12-07 00:00:00-05:00,-0.9224207717184598,0.626701931817556,-1.1549328211000203,0.28451495660310916,-0.4381045523554517,0,-0.9432084415858573,-0.8959125427698216,1.6800420995574579
2018-12-10 00:00:00-05:00,-0.2464344533412549,0.6759863183772049,0.04928438655964895,0.17287620660522382,0.21421210886932895,0,-0.7753898952582187,-0.7718057935607108,1.661138512328926
2018-12-11 00:00:00-05:00,0.7411415528237387,0.9875760061649936,0.3115896877877887,0.08408854644517398,-0.9467950431797563,0,-1.3482633879236294,-0.4671732057484043,1.6420032393302981
2018-12-12 00:00:00-05:00,1.8528495453717453,1.1117079925480065,0.12413198638301282,-0.16878693272860704,-0.23817165432927798,1,0.002180282085995654,0.13242496436802806,1.507837949802375
2018-12-13 00:00:00-05:00,-0.1337326654707545,-1.9865822108424998,-3.098290203390506,-0.18976591650171995,-0.9496704730526754,1,0.38366235476363764,-0.008753249295087093,1.5844934095047285
2018-12-14 00:00:00-05:00,-2.143082891315222,-2.009350225844467,-0.022768015001967346,-0.11671257465066082,-0.10779577384868322,1,0.05204526986223133,-0.44880834694896954,1.5836237559021107
2018-12-17 00:00:00-05:00,-0.8486001819495893,1.2944827093656324,3.3038329352100995,-0.06613834799075552,1.8557486068395388,0,-0.10843460099840298,-0.7859552409070776,1.6277951079616604
2018-12-18 00:00:00-05:00,1.4909010505558347,2.339501232505424,1.0450185231397917,-0.011442783888893603,-1.0298369805355492,0,0.08822651064102696,-0.023690141034139637,1.6249787879815556
2018-12-19 00:00:00-05:00,-1.4417903923495978,-2.9326914429054325,-5.272192675410857,0.00166968456295118,1.5053476657604408,0,-0.7728830217261452,0.08349682720839165,1.7041912822330707
2018-12-20 00:00:00-05:00,-0.9660443624761815,0.4757460298734163,3.4084374727788487,-0.17740303088397147,-0.00798935271833034,0,-0.9875723336712161,0.10689356162583494,1.6165630156137551
2018-12-21 00:00:00-05:00,-0.4738015607580825,0.49224280171809903,0.016496771844682734,-0.40368071323669946,0.7287112039167094,0,-0.5518131399040984,-0.15449626759737953,1.5864376076468019
2018-12-24 00:00:00-05:00,-1.1761471526959175,-0.702345591937835,-1.194588393655934,-0.5093251344572058,-1.7692930002854343,0,-0.6376411761047089,-0.23396570113000642,1.5791622494280586
2018-12-26 00:00:00-05:00,4.165492314287255,5.341639466983173,6.043985058921008,-0.6235875853327643,1.3538171664428622,1,0.044772439871485374,-0.01277612292191372,1.5425441209188289
2018-12-27 00:00:00-05:00,0.054383588381804814,-4.11110872590545,-9.452748192888624,-0.6205911854960338,-0.5173161440167547,0,0.44823517186782974,0.009093626948406165,2.018667546479661
2018-12-28 00:00:00-05:00,0.978804732363356,0.9244211439815512,5.035529869887001,-0.5374240284461541,-0.55607265515662,0,0.9780928485229611,-0.29117413812821374,1.9712202037891442
2018-12-31 00:00:00-05:00,-0.6192726935354418,-1.5980774258987978,-2.522498569880349,-0.31601799068187575,-1.1243566032101227,0,0.9378820264141798,-0.3449605766944242,1.9057406185207302
