Date,Returns,ReturnVelocity,ReturnAcceleration,SmaDiffWeekMonth,VolumeVelocity,IsBiggestVolume,WeekMomentum,MonthMomentum,SeasonVolatility
2020-01-29 00:00:00-05:00,-0.7224005933997231,-1.799959290952908,-4.068325647272698,0.19641308464104498,-1.2308056727461,0,-0.062044610674105515,-0.029146005241327447,-1.017468572130643
2020-01-30 00:00:00-05:00,-0.3320390042883071,0.39036158911141594,2.190320880064324,0.18353948113095653,-0.2658683816205566,1,-0.43383474548346007,-0.07382353758219919,-1.0166761136277755
2020-01-31 00:00:00-05:00,-1.587755503325341,-1.255716499037034,-1.64607808814845,0.07240402571687708,3.0781249776150847,1,-0.8015377659911714,-0.5098772724887817,-1.0206699638834078
2020-02-03 00:00:00-05:00,0.05762160268283896,1.6453771060081799,2.901093605045214,-0.08891310660833783,-1.078339379673244,0,-0.46975976326582236,-0.3385478740204397,-1.007365542430665
2020-02-04 00:00:00-05:00,1.4612718154718982,1.4036502127890593,-0.24172689321912055,-0.1773223141218963,0.4620426251654922,0,-0.3688145506686722,-0.11411569596196941,-1.0074586615277603
2020-02-05 00:00:00-05:00,0.5462960547233559,-0.9149757607485424,-2.3186259735376016,-0.26533764036213314,-1.2271263407581754,0,-0.027711261127606468,-0.11088742335683649,-0.9951182151593814
2020-02-06 00:00:00-05:00,1.502967022626118,0.9566709679027622,1.8716467286513045,-0.25916362657111236,1.8839394767586268,1,0.46999844842023175,0.1652812431778912,-1.0120017686270513
2020-02-07 00:00:00-05:00,-1.0497112975708773,-2.5526783201969954,-3.5093492880997577,-0.1489474279099133,-1.2722618753666528,0,0.6205156645849312,0.07047542920981513,-1.0053771635253383
2020-02-10 00:00:00-05:00,-0.7446941027576666,0.30501719481321077,2.857695515010206,0.010924871734359357,0.6530334081463001,1,0.3985527583502959,0.04012526883716937,-1.0004206946448149
2020-02-11 00:00:00-05:00,0.587487144837317,1.3321812475949835,1.0271640527817727,0.11457257398576653,0.0748227855555935,0,0.1620735512859987,0.03909582086891987,-0.9980446499938391
2020-02-12 00:00:00-05:00,0.22517209489504333,-0.3623150499422737,-1.694496297537257,0.15516479536746913,-0.8976205098391936,0,0.07512964834491602,0.09643031221403246,-0.9957924598071858
2020-02-13 00:00:00-05:00,-0.9337826586097799,-1.1589547535048232,-0.7966397035625495,0.16541092013424707,0.6225163691271315,0,-0.5763118380345683,0.062015314068722245,-0.9966743929764463
2020-02-14 00:00:00-05:00,-0.67328998294606,0.2604926756637199,1.4194474291685433,-0.001949333121186019,-0.11440794934981385,0,-0.47556133648124477,-0.12860322764244303,-0.992316754651298
2020-02-18 00:00:00-05:00,-0.5494035299356441,0.1238864530104159,-0.13660622265330402,-0.11768267588757261,1.9177089683238273,0,-0.42325351806189904,-0.20827835977074685,-0.9909985835050018
2020-02-19 00:00:00-05:00,-1.1048991899639253,-0.5554956600282812,-0.6793821130386971,-0.20885045545372485,0.13736584911326863,0,-0.8714291830231713,-0.6353424078258718,-0.9908386810466588
2020-02-20 00:00:00-05:00,0.9213612204020554,2.026260410365981,2.5817560703942624,-0.3735834304143356,-0.6658144748061252,0,-0.6895118988975237,-0.40621091011217425,-0.9899974157657262
2020-02-21 00:00:00-05:00,-0.0503251555686792,-0.9716863759707346,-2.9979467863367155,-0.5158523440929919,-0.9624396502351884,0,-0.4543375713229325,-0.575834551873291,-0.9865638430448983
2020-02-24 00:00:00-05:00,-3.2724309642372114,-3.222105808668532,-2.2504194326977975,-0.5712893793877171,3.3334492905382134,0,-1.1505622595276828,-1.0446324226108454,-0.9871330742696595
2020-02-25 00:00:00-05:00,-0.3420378430206615,2.9303931212165497,6.152498929885082,-0.7600617402750584,-0.597769993422316,0,-1.096536689469288,-0.9174520040976535,-0.9262629113141043
2020-02-26 00:00:00-05:00,0.8207163422622809,1.1627541852829424,-1.7676389359336073,-0.9488349029563372,-0.17198312814367409,0,-0.5909806899981478,-0.95539697510425,-0.9264535092707855
2020-02-27 00:00:00-05:00,-2.7603129220359808,-3.5810292642982615,-4.743783449581204,-0.9933675406590567,-0.24706768652205915,0,-1.5566128353639885,-1.2611505826051754,-0.9217157538740988
2020-02-28 00:00:00-05:00,-0.4946681329349481,2.2656447891010325,5.846674053399294,-1.2651638600579898,0.2744484624433492,0,-1.669995551141297,-1.284955814000677,-0.8846300394753928
2020-03-02 00:00:00-05:00,1.4990491119443117,1.9937172448792597,-0.2719275442217728,-1.565071876807891,-0.7644731673559283,0,-0.41749556879173355,-0.8280986613209749,-0.8838819904884012
2020-03-03 00:00:00-05:00,-1.326207276456337,-2.825256388400649,-4.818973633279908,-1.5780771749727271,0.0333459870471141,1,-0.6806098719890633,-1.0358603543741292,-0.869776432295625
2020-03-04 00:00:00-05:00,0.6872922308117082,2.0134995072680453,4.838755895668694,-1.6352214300154493,-0.4921831065309656,0,-0.7155207641026308,-1.1488696351770973,-0.8849305245915519
2020-03-05 00:00:00-05:00,-2.0098665397049067,-2.697158770516615,-4.71065827778466,-1.6880305856699027,1.199530401832694,1,-0.5122020262732786,-1.522620035036844,-0.8812535106211241
2020-03-06 00:00:00-05:00,-1.61764426258298,0.3922222771219266,3.0893810476385415,-1.6391622472334426,-0.7455402155455434,0,-0.8118175133315465,-1.9631104648595294,-0.8607264672173099
2020-03-09 00:00:00-04:00,-3.398630850507924,-1.7809865879249438,-2.1732088650468704,-1.610524372608963,0.8731736476449203,0,-2.078417210930833,-2.292769586690544,-0.8494952806351875
2020-03-10 00:00:00-04:00,3.420471469115418,6.819102319623342,8.600088907548287,-1.8749643328272316,-0.03472314354089372,0,-0.8766502029782756,-1.7238396666656586,-0.7895170537838128
2020-03-11 00:00:00-04:00,-3.307344687687754,-6.727816156803172,-13.546918476426514,-1.8953259901727209,0.3091521955864592,0,-1.9154685243836496,-2.2708276295042076,-0.713388530425242
2020-03-12 00:00:00-04:00,-8.624483987560577,-5.317139299872823,1.4106768569303494,-2.1175974021220965,-0.27560804561761076,0,-3.612844921472149,-3.469863367851189,-0.6564944458569886
2020-03-13 00:00:00-04:00,3.5918061660468954,12.216290153607472,17.533429453480295,-2.6137665351644443,-0.512796877091851,0,-2.3712556203819135,-2.9042950283360884,-0.24904029298264976
2020-03-16 00:00:00-04:00,-6.6506092520666416,-10.242415418113538,-22.458705571721012,-2.8587637941173796,-0.3519433699746955,0,-3.2023987661880797,-3.683363814775901,-0.1594407634494125
2020-03-17 00:00:00-04:00,9.576036303823445,16.226645555890087,26.469060974003625,-3.193878382350056,1.5657912163074137,1,-1.7823571905510316,-2.444603328141043,0.07156962141211264
2020-03-18 00:00:00-04:00,-2.371940204644119,-11.947976508467564,-28.17462206435765,-3.3503350398074243,-0.6330278783363058,0,-1.5378144940761402,-2.6163565644631244,0.6558935921444038
2020-03-19 00:00:00-04:00,1.8609491408533998,4.232889345497519,16.18086585396508,-3.4174631327741176,-0.5277922526201854,0,1.3909634176371917,-2.4931473356236085,0.6795826895561016
2020-03-20 00:00:00-04:00,-1.4970855300725454,-3.358034670925945,-7.590924016423464,-2.8263161955841865,-0.8899332259323571,0,-0.0067096195729399455,-2.686490469129463,0.7068087464183088
2020-03-23 00:00:00-04:00,-4.602439165797829,-3.105353635725284,0.252681035200661,-2.517606586075706,0.978758472341594,1,0.5868795803900393,-2.8674932611033563,0.714958697638355
2020-03-24 00:00:00-04:00,4.7254726121557065,9.327911777953535,12.433265413678818,-2.0737211329839895,-0.5163033834528662,0,-0.6369864120523185,-2.2073307221775824,0.8226473537212405
2020-03-25 00:00:00-04:00,4.245812209877269,-0.4796604022784372,-9.807572180231972,-1.9749340058246765,0.248379786928142,0,1.1541548604765506,-1.743850181326103,0.9729782178714309
2020-03-26 00:00:00-04:00,4.163571097571646,-0.08224111230562325,0.39741928997281395,-1.5188314180117215,-0.6439259800862587,0,1.7919671256032335,-0.739411052739406,1.09313886332344
2020-03-27 00:00:00-04:00,0.7123646920741382,-3.4512064054975076,-3.3689652931918843,-1.026209621811025,-0.43384726058718637,0,2.4391413719812287,-0.5561110687377298,1.2045674195974585
2020-03-30 00:00:00-04:00,-1.5875484729488263,-2.2999131650229643,1.1512932404745433,-0.41365037654070486,-0.5221115836953042,1,3.371437968419764,-1.0212087537571657,1.2088079407088834
2020-03-31 00:00:00-04:00,-4.208596247473613,-2.621047774524787,-0.3211346095018226,0.4266976252326702,0.47010452015799176,1,0.7752893836037913,-1.4543853477975268,1.2099230220182606
2020-04-01 00:00:00-04:00,-2.7011237567330557,1.5074724907405574,4.128520265265344,0.7603669798874314,0.08113935435545236,0,-1.0797001570242837,-1.9388487704219504,1.300666782268236
2020-04-02 00:00:00-04:00,0.9510758453079615,3.6521996020410175,2.14472711130046,0.7185926135645808,-0.7286709840751758,0,-1.8809770662631076,-1.5184903969669283,1.3357154650296077
2020-04-03 00:00:00-04:00,-2.3934813292552573,-3.344557174563219,-6.9967567766042364,0.4203921172353974,0.15695918445508095,0,-2.6574891394220623,-1.631510059203504,1.3408126516238554
2020-04-06 00:00:00-04:00,6.4434814453125,8.836962774567757,12.181519949130976,-0.06369117484349059,-0.22202763349407909,0,-0.6660441786520178,-0.18284716113598096,1.3670786314448469
2020-04-07 00:00:00-04:00,-0.4166343607326712,-6.8601158060451715,-15.697078580612928,-0.20635447091667386,-0.739178426233412,0,0.3788048918863009,-0.764140513400603,1.6320194347579091
2020-04-08 00:00:00-04:00,1.3453645357832682,1.7619988965159394,8.622114702561111,-0.03702360860375229,-0.17217141442295886,1,1.5199657347008657,-0.038217100226589466,1.6315323958995616
2020-04-09 00:00:00-04:00,-0.10522685159024457,-1.4505913873735128,-3.212590283889452,0.3120157349951246,-0.36683622335617905,1,1.2209115395958943,1.4359973561556831,1.6417805176682803
2020-04-13 00:00:00-04:00,-1.7421614634786757,-1.6369346118884311,-0.18634322451491836,0.45848885520125443,-0.7745990515943008,1,1.4096323431361977,0.5459222096964919,1.6417999935934273
2020-04-14 00:00:00-04:00,2.7873966632630194,4.529558126741695,6.166492738630126,0.7213521878596003,1.8087491691921191,1,0.43174270058456227,2.203646352047297,1.6544904741797302
2020-04-15 00:00:00-04:00,-1.3238138109425857,-4.111210474205605,-8.6407686009473,0.6265057776940288,-0.13459566920107457,0,0.18129337965620457,0.40776838147509215,1.7034705527510607
2020-04-16 00:00:00-04:00,-0.9431629017505303,0.38065090919205535,4.49186138339766,0.629921119208208,-0.9163730138774978,0,-0.43387109153176817,0.6457034943362386,1.7113372453789009
2020-04-17 00:00:00-04:00,2.2818671406998723,3.2250300424504026,2.8443791332583475,0.46440008102824054,-0.32353395905371024,0,0.20240606676919085,0.7138695603262162,1.6939535076261771
2020-04-20 00:00:00-04:00,-2.327262267614497,-4.609129408314369,-7.834159450764772,0.44364414151246834,-0.21526604912315223,0,0.04006105497194468,0.5742678113139412,1.7294471695276568
2020-04-21 00:00:00-04:00,-0.85449094022712,1.472771327387377,6.081900735701746,0.39832273902069093,0.37477995548920734,1,-0.9201535046405315,1.2195504385602787,1.7468623704151625
2020-04-22 00:00:00-04:00,0.6298186357526959,1.484309575979816,0.011538248592438904,0.06399641445586371,-0.5490689577716895,0,-0.40261186278561245,0.5519749750870537,1.7491441446654659
2020-04-23 00:00:00-04:00,0.20587993030692936,-0.42393870544576656,-1.9082482814255826,-0.08470970187480928,-0.4651283140354932,0,-0.09338238236127129,-0.08367680245428258,1.7479168133598246
2020-04-24 00:00:00-04:00,0.7232061564849877,0.5173262261780582,0.9412649316238249,-0.09771500003964165,-0.737269446213134,1,-0.5043341907740485,-0.6044241174037869,1.7390625275822456
2020-04-27 00:00:00-04:00,1.338119633091852,0.6149134766068642,0.097587250428806,-0.15577891273221678,0.6937880798995422,1,0.4922514903759144,-0.5096971657384861,1.7426813768311327
2020-04-28 00:00:00-04:00,1.0386481056556682,-0.29947152743618366,-0.9143850040430479,0.014996682037395516,0.30294109925231033,0,1.0183628988683961,-0.10032407060946548,1.7562940531798783
2020-04-29 00:00:00-04:00,1.8885989217681658,0.8499508161124976,1.1494223435486812,0.26472332254889736,-0.43287700449895977,0,1.3696045224799394,0.9021730902505666,1.7523915346310583
2020-04-30 00:00:00-04:00,-3.339593502328857,-5.228192424097022,-6.07814324020952,0.49868599261872526,1.0030462873703225,0,0.36368632929930994,0.7922443773589603,1.7759292069627655
2020-05-01 00:00:00-04:00,-1.9985384452603312,1.3410550570685258,6.569247481165548,0.5086696300942082,-0.8230579764953574,0,-0.37737623250838004,0.30597858996287614,1.8215681253167924
2020-05-04 00:00:00-04:00,-0.3467683196958119,1.6517701255645192,0.3107150684959934,0.3896523397956541,-0.09294932383013838,0,-0.8210239376064579,0.6447596835239847,1.8374918785830427
2020-05-05 00:00:00-04:00,1.043912318217175,1.390680637912987,-0.26108948765153217,0.13086151901004164,-0.8898074323751568,0,-0.8196568243584577,-0.19198630224424232,1.819683011516474
2020-05-06 00:00:00-04:00,-0.31157531671903915,-1.3554876349362142,-2.746168272849201,-0.04871556829390194,-0.0554660831959797,1,-1.3863039798879808,-0.17546701405368192,1.825378856770097
2020-05-07 00:00:00-04:00,-0.04935448847224821,0.26222082824679094,1.6177084631830052,-0.37450298783994823,0.08126986162780589,0,-0.5123688415611362,-0.39118455155127413,1.8237540567150698
2020-05-08 00:00:00-04:00,1.3001990410644386,1.3495535295366867,1.087332701289896,-0.45673798111399777,0.8399755630529779,0,0.38125049993577553,-0.1736894311005118,1.8201156341289335
2020-05-11 00:00:00-04:00,0.4224242720606292,-0.8777747690038094,-2.2273282985404963,-0.3486239859407796,-0.5303334253706506,0,0.5930665225161468,0.17166056224157886,1.832497710135317
2020-05-12 00:00:00-04:00,-2.7908141894391822,-3.2132384614998113,-2.3354636924960017,-0.22619065255834903,1.921802214591647,0,-0.45642433464939325,-0.6978411084511947,1.8314306958862012
2020-05-13 00:00:00-04:00,-2.005488948519966,0.7853252409192164,3.9985637024190277,-0.2615281169019113,-0.25384259814599164,0,-0.9084864360116366,-0.8025172965355731,1.8699745609523157
2020-05-14 00:00:00-04:00,-0.6878440669958786,1.317644881524087,0.5323196406048707,-0.39355090581378216,-0.697269956463387,0,-1.0755480975986351,-0.7637316896207063,1.8881228624316484
2020-05-15 00:00:00-04:00,-0.051301889832726495,0.6365421771631521,-0.681102704360935,-0.5695811573972908,-0.799725470923947,0,-1.4222302178029596,-1.1078737097033946,1.8848504156262058
2020-05-18 00:00:00-04:00,2.207204931582169,2.258506821414896,1.6219646442517437,-0.7944795469687677,0.5121720067445946,0,-0.9665644679012191,-0.42345551603380643,1.8770870780470483
2020-05-19 00:00:00-04:00,-1.0462877602979264,-3.2534926918800955,-5.511999513294992,-0.9831211152195466,-0.3070445686936953,0,-0.498276181808489,-0.45329869945947865,1.9120273623235786
2020-05-20 00:00:00-04:00,1.3534075939773347,2.399695354275261,5.653188046155357,-1.0534017617363882,-0.7242343121850554,0,0.4121876737180178,-0.34258507254709125,1.8601049362892164
2020-05-21 00:00:00-04:00,-1.5606766410823103,-2.914084235059645,-5.3137795893349065,-0.9240064515678278,-0.5616452006287068,1,0.17073446980467905,-0.6159745818364779,1.8734343945531744
2020-05-22 00:00:00-04:00,-0.3306480709953504,1.23002857008696,4.144112805146605,-0.8224605519074253,-0.17399271438628974,1,0.09462542984894685,-0.7753692963405497,1.8792555696911928
2020-05-26 00:00:00-04:00,5.5716257126436,5.90227378363895,4.6722452135519905,-0.7215716221570962,3.8116640638603663,1,0.9885151328992006,-0.14559873622453723,1.8394686751595755
2020-05-27 00:00:00-04:00,2.175487015521781,-3.396138697121819,-9.298412480760769,-0.4765742629799207,-0.4379031685749887,0,1.9017530244868122,0.031102984689157953,2.028547775496422
2020-05-28 00:00:00-04:00,1.222303510448066,-0.9531835050737152,2.442955192048104,-0.04254145427864083,-0.09201774993641239,0,1.8642890950752193,-0.07275258639617797,2.0435618638533657
2020-05-29 00:00:00-04:00,-1.8307872101486766,-3.0530907205967424,-2.099907215523027,0.3996362779438655,-0.6171072153605103,0,1.7849209406058584,0.17352453089851042,2.042276563495101
2020-06-01 00:00:00-04:00,0.34917451357237234,2.179961723721049,5.233052444317791,0.7913696455154459,-0.44687026658135653,0,1.9816705896387536,0.5573893647673742,2.0590605801788944
2020-06-02 00:00:00-04:00,0.02372986114319488,-0.3254446524291775,-2.5054063761502263,1.1884888634344462,-0.12595651948729938,1,0.4554641820172081,0.6183910492728307,2.036146405400525
2020-06-03 00:00:00-04:00,1.7789313020935533,1.7552014409503585,2.080646093379536,1.2370943136826276,-0.17400080992752034,0,0.34867051159576606,0.7381883950368912,2.0202041871710352
2020-06-04 00:00:00-04:00,-0.4427810800492008,-2.221712382142754,-3.9769138230931125,1.2490485602155916,-0.5252330471671989,0,-0.10220772562193348,0.7163553301588961,1.9656395641023097
2020-06-05 00:00:00-04:00,2.294009330053932,2.736790410103133,4.958502792245887,1.1521006481317402,0.2869530387350753,1,1.0305132716134464,1.1047637771585026,1.9016470230077809
2020-06-08 00:00:00-04:00,0.7398941079661118,-1.5541152220878205,-4.290905632190953,1.2937131932457762,-0.6050339287081518,0,1.139889264286813,1.0109831151111084,1.8610473078759082
2020-06-09 00:00:00-04:00,-1.120626110586066,-1.8605202185521779,-0.30640499646435737,1.471188979079928,-0.09537685795922175,1,0.8172506072782894,0.7518996222382738,1.3981858789510484
2020-06-10 00:00:00-04:00,0.3216158823211868,1.4422419929072527,3.302762211459431,1.595592219950146,-0.5715492353472108,0,0.4180817575748112,1.283466169195838,1.3442015815912096
2020-06-11 00:00:00-04:00,-5.0148785137815475,-5.336494396102735,-6.778736389009987,1.5729972658073814,1.2871237310333223,1,-0.8438629355209202,0.7572923705612086,1.0590681967758455
2020-06-12 00:00:00-04:00,2.716166174144433,7.73104468792598,13.067539084028715,1.2897722758035464,-0.36652307884210555,0,-0.7356687153351453,1.326531620822695,0.7035626362433894
2020-06-15 00:00:00-04:00,-0.3285856438335756,-3.0447518179780086,-10.775796505903989,0.9746250627460765,-0.6370394645105476,0,-1.0148805576412827,1.2788786408108852,0.7052103814073928
2020-06-16 00:00:00-04:00,1.7268481564263005,2.055433800259876,5.100185618237885,0.5911676117807694,-0.3805605790769788,0,-0.26482702825268745,1.19837441656004,0.6897179659142282
2020-06-17 00:00:00-04:00,-0.5555564712921675,-2.282404627718468,-4.337838427978344,0.40607348059587856,-0.3129682635264376,0,-0.4991195659218716,1.2829221551143133,0.6873242861397709
2020-06-18 00:00:00-04:00,0.18621215493684795,0.7417686262290154,3.0241732539474833,0.1541141446325658,-0.7477596495448273,1,0.9553106387677146,1.085614472699248,0.5522599035168098
2020-06-19 00:00:00-04:00,-1.0300451145874596,-1.2162572695243075,-1.9580258957533228,0.27786051581695803,0.2914233252846698,1,-0.06647521201069169,1.1769064891843874,0.432777943917036
2020-06-22 00:00:00-04:00,0.2660646097889209,1.2961097243763806,2.512366993900688,0.14702007229471956,-0.38319701137862866,0,0.09457525035068651,1.278846988353286,0.3417954698813311
2020-06-23 00:00:00-04:00,0.7492323565866806,0.48316774679775976,-0.8129419775786209,0.046525224266196596,1.8823875954775258,0,-0.16639257106056746,0.49640728264174633,0.24302831881127715
2020-06-24 00:00:00-04:00,-0.9992976394207137,-1.7485299960073943,-2.231697742805154,-0.045694108053040645,1.471638310586664,0,-0.28640043188640696,-0.011515333087208963,0.24332845645950368
2020-06-25 00:00:00-04:00,-0.02347919246859464,0.9758184469521191,2.7243484429595135,-0.11544957953878915,-1.34908198764789,0,-0.3424394866267546,-0.20644935087743904,0.23397414670239478
2020-06-26 00:00:00-04:00,-1.2600712399286107,-1.236592047460016,-2.212410494412135,-0.17863645439052409,0.25095805957428263,0,-0.4045381284437567,-0.11550241456643397,0.12466411467392959
2020-06-29 00:00:00-04:00,0.5786269073788144,1.838698147307425,3.075290194767441,-0.2662573982362339,-0.04764535481135865,0,-0.32144208065820223,-0.0795241967724516,0.08853746606365234
2020-06-30 00:00:00-04:00,-0.9929877392160132,-1.5716146465948277,-3.4103127939022526,-0.33719531533587,-0.3445909986621759,0,-0.7838345507564441,-0.2398302981788639,0.08579979632633457
2020-07-01 00:00:00-04:00,-1.186020772382831,-0.19303303316681786,1.3785816134280098,-0.507839516123478,0.14952105549988298,0,-0.8333948065481885,-0.6945831770230556,0.05516791378200795
2020-07-02 00:00:00-04:00,1.8124698010813902,2.9984905734642213,3.1915236066310393,-0.6398625054838333,0.428333293703355,0,-0.3517616305874285,-0.3512638340241685,-0.17330110694104806
2020-07-06 00:00:00-04:00,0.46681222417465934,-1.345657576906731,-4.344148150370952,-0.689124524745112,-0.4313038434984214,0,0.11535677213495238,-0.6281106814268075,-0.15635074268154764
2020-07-07 00:00:00-04:00,-1.5908050236719713,-2.057617247846631,-0.7119596709398999,-0.5919137244729932,-0.9203211988158754,0,-0.4708176911940084,-0.9802881200126208,-0.1650809147020827
2020-07-08 00:00:00-04:00,0.3601189027958593,1.9509239264678306,4.008541174314462,-0.5999269533394794,-0.21784106307752424,1,-0.10741962121192312,-0.7576058877353313,-0.14931798687177308
2020-07-09 00:00:00-04:00,-1.2598690574251805,-1.6199879602210399,-3.5709118866888705,-0.5434393675340987,-0.3018521248315243,1,-0.1275630678948592,-0.9955291995546524,-0.16784241846541498
2020-07-10 00:00:00-04:00,0.920616468377179,2.1804855258023594,3.8004734860233995,-0.4654079794420695,0.21906040190125325,1,-0.36349109423251064,-0.06727484682063384,-0.20271123775973007
2020-07-13 00:00:00-04:00,0.06401682825735606,-0.8565996401198229,-3.0370851659221825,-0.5469861030302896,0.04241181799377264,0,-0.47052659989191287,-0.47479502903207393,-0.2086440502890861
2020-07-14 00:00:00-04:00,1.1035563532507924,1.0395395249934363,1.8961391651132593,-0.6120122931817267,-0.4218972635167755,0,0.25749030699673164,-0.25387019482432355,-0.2144692460365835
2020-07-15 00:00:00-04:00,0.71185756838288,-0.39169878486791243,-1.4312383098613486,-0.5220265583324932,-0.05974583470311559,0,0.3532341813502979,-0.4094851442390053,-0.23743993855465662
2020-07-16 00:00:00-04:00,-0.6597062398535886,-1.3715638082364685,-0.9798650233685561,-0.39131750879227395,-0.05110759532093233,0,0.5198617583620604,-0.425656547029976,-0.268778572382058
2020-07-17 00:00:00-04:00,0.4506282745281886,1.110334514381777,2.4818983226182456,-0.22014783230085933,-0.9197326531473103,0,0.39141880375295285,-0.38494713821144205,-0.27073255685739017
2020-07-20 00:00:00-04:00,0.17314750899602147,-0.27748076553216716,-1.3878152799139443,-0.08326476896962297,-0.032678240769671754,1,0.4213583302621924,-0.19693265125956358,-0.2716887960805383
2020-07-21 00:00:00-04:00,-0.7935277702051281,-0.9666752792011496,-0.6891945136689824,0.040613096421021344,-0.058051155723909585,0,-0.0943089080788356,-0.3623542942661832,-0.2717281560183031
2020-07-22 00:00:00-04:00,-0.007915187377548804,0.7856125828275793,1.7522878620287288,0.05663965437823434,-0.8348885566914166,0,-0.2870337753084131,-0.4787487468663978,-0.26974685912398577
2020-07-23 00:00:00-04:00,-0.3168077927381402,-0.3088926053605914,-1.0945051881881707,0.037591535955912254,0.5229008674293877,1,-0.1946175868371734,-0.3727806080109372,-0.2795357856208277
2020-07-24 00:00:00-04:00,-0.516448055559159,-0.19964026282101877,0.10925234253957261,0.02997248903546857,-0.39237570161400215,0,-0.4532676376604959,-0.4490978240043184,-0.28487011611277524
2020-07-27 00:00:00-04:00,1.8848339809981096,2.4012820365572685,2.6009222993782872,-0.033608567762301554,0.2723983408524685,0,0.0013811063782775536,0.04143611962139983,-0.30449254258549396
2020-07-28 00:00:00-04:00,-1.6539943681109608,-3.53882834910907,-5.940110385666339,-0.036892615518709364,0.007191827054757212,0,-0.2333417217943872,-0.3113247479250609,-0.3508061710696808
2020-07-29 00:00:00-04:00,-1.1716891690022908,0.48230519910867,4.02113354821774,-0.06066971460262557,0.6607948554465137,0,-0.5455763443049523,-0.33937160109326703,-0.35853540911782983
2020-07-30 00:00:00-04:00,-1.233969518233159,-0.062280349230868115,-0.5445855483395381,-0.1584061910270429,-0.5315068979368508,0,-0.7895358659764862,-0.34689815800108464,-0.3504969540014419
2020-07-31 00:00:00-04:00,-2.547772962524571,-1.313803444291412,-1.2515230950605438,-0.3149944429149115,0.8129804877300513,0,-1.325959075869249,-1.0108497153587424,-0.34692215801409937
2020-08-03 00:00:00-04:00,1.3407123785939035,3.888485341118474,5.202288785409886,-0.5308287524365181,-0.4096168309245812,0,-1.4633969286694317,-0.8817703902975781,-0.3090513417611605
2020-08-04 00:00:00-04:00,1.6289078724449155,0.28819549385101206,-3.600289847267462,-0.7998659986616408,-0.8566920960106473,0,-0.6089293853541559,-0.3920363514432022,-0.2982990781145726
2020-08-05 00:00:00-04:00,1.5539793147883993,-0.07492855765651618,-0.36312405150752824,-0.906929042427227,-0.03260570939153383,1,0.12060629799164489,-0.2081486067966534,-0.2926233736361253
2020-08-06 00:00:00-04:00,2.8200582051534537,1.2660788903650544,1.3410074480215706,-0.8555648196779675,0.7616079490673712,0,1.2363117802697783,0.4381822676812206,-0.279634122551657
2020-08-07 00:00:00-04:00,1.2622802105365782,-1.5577779946168755,-2.8238568849819297,-0.6058382793907097,-0.44936500493830916,0,2.342629749922755,0.493326402290022,-0.28367745048477927
2020-08-10 00:00:00-04:00,0.46937563776416247,-0.7929045727724158,0.7648734218444597,-0.1133469751538432,-0.5700838007576846,0,2.0898171549421236,0.5595343030589269,-0.3038488447201739
2020-08-11 00:00:00-04:00,2.435469477982797,1.9660938402186343,2.7589984129910503,0.3201607587405914,1.2215228976685162,0,2.3211656447895996,0.7757132374788964,-0.3079006998097509
2020-08-12 00:00:00-04:00,2.0112167786214954,-0.4242526993613014,-2.3903465395799355,0.7936033432096788,-0.43239993816811145,0,2.453454832007335,0.9902177626044063,-0.2791643007055787
2020-08-13 00:00:00-04:00,-0.586340543420447,-2.5975573220419426,-2.173304622680641,1.2845179196623822,-0.9550459512230022,0,1.4756591659818932,1.0026549667109046,-0.283514225288708
2020-08-14 00:00:00-04:00,-1.0468874781296127,-0.46054693470916575,2.1370103873327766,1.5479067280245422,-0.8025662012282208,1,0.8249207385470377,0.7514116489262517,-0.2892590513210719
2020-08-17 00:00:00-04:00,0.9760077087465306,2.022895186876143,2.483442121585309,1.6776959194664167,0.7566382245926518,1,0.9655382525151293,0.8844697094819587,-0.2873100369338997
2020-08-18 00:00:00-04:00,0.40581646625221485,-0.5701912424943159,-2.5930864293704587,1.8299485708447962,-0.6687228674074726,0,0.41022713441925984,1.0867824820017487,-0.3027951083087389
2020-08-19 00:00:00-04:00,-0.6393262092012695,-1.0451426754534843,-0.4749514329591684,1.823511668865508,-0.3288973339960973,0,-0.3035462794816702,0.9798314802969477,-0.3046502780487626
2020-08-20 00:00:00-04:00,-0.8283487318706669,-0.18902252266939745,0.8561201527840868,1.6413073032667382,-0.05021862802012662,0,-0.3686827231898784,0.893464907723548,-0.4710596187302034
2020-08-21 00:00:00-04:00,-0.19389552832918475,0.6344532035414822,0.8234757262108796,1.4517461775903504,-0.08319385460075977,0,-0.13859311717298195,0.9477526773496623,-0.49048169970168165
2020-08-24 00:00:00-04:00,0.6949059725451256,0.8888015008743104,0.25434829733282827,1.3180156678092623,0.3830514292494361,0,-0.21354016057445474,0.7515658697583288,-0.497582688593285
2020-08-25 00:00:00-04:00,0.022260893825840324,-0.6726450787192854,-1.561446579593596,1.183102712414294,-0.5443981304248935,0,-0.31609777313402143,1.034535640246039,-0.5175752756114927
2020-08-26 00:00:00-04:00,0.07419401179383664,0.051933117967996316,0.7245781966872816,0.9927531226215769,0.026605930838870046,0,-0.12404170645777095,1.2473948796351821,-0.5178354658947749
2020-08-27 00:00:00-04:00,-0.9859899451943751,-1.0601839569882117,-1.112117074956208,0.83274902809832,0.24396039366265118,0,-0.1668596761208376,1.2903233676631578,-0.5178756841128968
2020-08-28 00:00:00-04:00,0.26954224088962536,1.2555321860840005,2.315716143072212,0.6590833670698432,-0.998573490375181,0,-0.04198129184666115,1.7858534277337887,-0.5277961892282009
2020-08-31 00:00:00-04:00,-1.1126086570613318,-1.3821508979509571,-2.6376830840349577,0.4722808134460416,1.5911304120549037,1,-0.526978455347642,1.3589063669115182,-0.5291728107688866
2020-09-01 00:00:00-04:00,-0.09815723870172044,1.0144514183596114,2.3966023163105685,0.1989083676084099,-0.6223754183430541,0,-0.5589227658510962,1.066456102594233,-0.5508310157087288
2020-09-02 00:00:00-04:00,0.16628965655961256,0.264446895261333,-0.7500045230982784,-0.05528416492793042,-0.4743609449487259,0,-0.5345338709763425,0.8352963544805037,-0.5538312566414311
2020-09-03 00:00:00-04:00,-1.9393353768196526,-2.105625033379265,-2.370071928640598,-0.2809706177187604,0.702355986724304,0,-0.7899382011156911,0.06294444765915538,-0.5614481337438582
2020-09-04 00:00:00-04:00,2.477877103749083,4.417212480568736,6.5228375139480015,-0.4918129581662613,0.1979276003862834,0,-0.2113511696321806,0.2539738926043614,-0.5393990568294782
2020-09-08 00:00:00-04:00,-1.4567864144182667,-3.9346635181673495,-8.351875998736086,-0.573391081754485,0.0882048444995719,0,-0.30480040810984543,-0.054771134749929375,-0.657140562659105
2020-09-09 00:00:00-04:00,-0.07619511390838145,1.3805913005098853,5.315254818677235,-0.6451165609522689,-0.6087580406809082,0,-0.29891846874841604,-0.4420690426216549,-0.6840404169973694
2020-09-10 00:00:00-04:00,-0.7244811802457045,-0.6482860663373231,-2.028877366847208,-0.6721779082410736,-0.7112607815682365,0,-0.5369089316650042,-0.8552808178957924,-0.684803754427973
2020-09-11 00:00:00-04:00,0.8910767609262453,1.6155579411719498,2.263844007509273,-0.7129018242775164,0.18500991061924627,1,0.2286710598145203,-0.6324353383118747,-0.6983546186094874
2020-09-14 00:00:00-04:00,1.850165983192793,0.9590892222665477,-0.6564687189054021,-0.5833750199026965,0.34101618013665863,0,0.06151452627591491,-0.1869017456602067,-0.6959285302604862
2020-09-15 00:00:00-04:00,0.19435934703746005,-1.655806636155333,-2.614895858421881,-0.54593545229539,-1.1792288299539988,0,0.5159622869625752,-0.3081509541737144,-0.6768844590181331
2020-09-16 00:00:00-04:00,0.0,-0.19435934703746005,1.461447289117873,-0.3791005745195306,0.35802695115387095,1,0.5369903846733233,-0.3709685854221114,-0.6840507566366939
2020-09-17 00:00:00-04:00,0.7237194878292855,0.7237194878292855,0.9180788348667456,-0.19978637540385077,-0.05456877025935507,0,0.9395771018723367,-0.1586207789227413,-0.6842047471815028
2020-09-18 00:00:00-04:00,-0.5555555555555556,-1.2792750433848412,-2.0029945312141266,0.05624627422613303,-0.23653207888651248,0,0.5380934565254438,-0.11545743566359525,-0.684402640522202
2020-09-21 00:00:00-04:00,-2.256982330947393,-1.7014267753918373,-0.42215173200699607,0.20705449382054655,2.7917740884188684,0,-0.5748391511809733,-0.44071132254640993,-0.6889376942803488
2020-09-22 00:00:00-04:00,0.7849403823465045,3.0419227132938973,4.743349488685735,0.10734760878712515,-1.2869069388134196,0,-0.4187220609541854,-0.426933145574787,-0.6569059087731313
2020-09-23 00:00:00-04:00,0.786384337340501,0.0014439549939964103,-3.040478758299901,0.046787912005975985,0.6343215269870184,0,-0.20921365647158432,-0.3091058968456078,-0.6643271190199562
2020-09-24 00:00:00-04:00,-1.0803415523669326,-1.8667258897074337,-1.86816984470143,0.027608199153157778,-0.1617021387089433,0,-0.6901503716756117,-0.48840135677245383,-0.662862673076139
2020-09-25 00:00:00-04:00,0.8494463900958718,1.9297879424628044,3.796513832170238,-0.09797738710670004,-0.2745296005168308,0,-0.31757365343765626,-0.2036359300647751,-0.6616982268968238
2020-09-28 00:00:00-04:00,2.286224906538914,1.4367785164430422,-0.49300942601976216,-0.15748613248021368,0.16717044374368528,0,0.925477813121731,0.1110591746199086,-0.6682825758262056
2020-09-29 00:00:00-04:00,-1.294018511814203,-3.580243418353117,-5.017021934796159,0.06675518695694935,-0.9658552381008316,0,0.3481878959668979,0.08177793035765153,-0.6574857049799274
2020-09-30 00:00:00-04:00,-1.348229093924581,-0.05421058211037799,3.526032836242739,0.14793922882336336,0.13581029086580848,1,-0.23232104552967295,-0.11758003900960187,-0.646459827688804
2020-10-01 00:00:00-04:00,-0.007557962428631405,1.3406711314959494,1.3948817136063274,0.10143618251164717,-0.5078266293810649,0,0.05863278212701779,-0.14488557272327346,-0.6509769224976671
2020-10-02 00:00:00-04:00,-0.5285788620074452,-0.5210208995788138,-1.8616920310747633,0.13309481580730204,-0.6854388367336443,1,-0.311930842549194,0.081061297383353,-0.6513037500333315
2020-10-05 00:00:00-04:00,0.28088543837947555,0.8094643003869207,1.3304851999657346,0.044553913639010845,2.786931837714758,1,-0.8363453331878731,-0.2604860188528015,-0.6599544466881273
2020-10-06 00:00:00-04:00,-0.6358906569780484,-0.9167760953575239,-1.7262403957444445,-0.14684572554315276,0.017419268414745094,0,-0.6614928746246047,-0.13061808894018,-0.6637113963301079
2020-10-07 00:00:00-04:00,0.8913593005554938,1.527249957533542,2.444026052891066,-0.3043537353051221,-1.3302451603303802,0,-0.06217899260207505,0.02159425961012909,-0.6605620135998495
2020-10-08 00:00:00-04:00,0.3926635212719722,-0.49869577928352166,-2.025945736817064,-0.32195712127073856,-0.47008702837526917,0,0.04588308800998554,0.20020012877603163,-0.6628526445555465
2020-10-09 00:00:00-04:00,-0.6543776887232209,-1.0470412099951931,-0.5483454307116715,-0.33102120132061263,0.01578792808066006,0,0.011602112484065348,-0.04566204946210545,-0.6646315125537021
2020-10-12 00:00:00-04:00,-0.21199180452391667,0.44238588419930425,1.4894270941944974,-0.3223508020955721,0.554942329308084,0,-0.12145739833658332,-0.36565794053993805,-0.6646779920733104
2020-10-13 00:00:00-04:00,0.6449095789419454,0.8569013834658621,0.41451549926655784,-0.3122357706380774,-0.7512090957741857,0,0.22578869221066017,-0.29602723302269174,-0.665035654545633
2020-10-14 00:00:00-04:00,-0.8443235346558001,-1.4892331135977455,-2.3461344970636073,-0.22106779062344448,-0.15581821464918486,0,-0.24363410324289847,-0.4273555260588957,-0.6631529290373768
2020-10-15 00:00:00-04:00,-0.2737022836559377,0.5706212509998625,2.0598543645976077,-0.23551772102073468,0.19566598171788738,0,-0.42163496902219416,-0.5800819120603704,-0.6626145747994484
2020-10-16 00:00:00-04:00,-0.4040548804569191,-0.13035259680098144,-0.7009738478008439,-0.2787370202487641,0.20345810440779394,0,-0.3545120559793249,-0.5568182023483998,-0.6619412190036038
2020-10-19 00:00:00-04:00,0.18371516708923064,0.5877700475461498,0.7181226443471312,-0.30698081315145637,-0.7188590859603162,0,-0.2486092716020971,-0.1749317322173937,-0.6614962173421509
2020-10-20 00:00:00-04:00,0.3285396238839213,0.14482445679469064,-0.4429455907514592,-0.350856982065319,0.46029711955860725,0,-0.3328911543246194,-0.2459169898861303,-0.6635000018961069
2020-10-21 00:00:00-04:00,1.393650038138258,1.0651104142543366,0.920285957459646,-0.40892049386092905,0.21171883389154164,0,0.2703637460841491,-0.151896354184213,-0.6826496086357621
2020-10-22 00:00:00-04:00,0.21030402627344819,-1.1833460118648098,-2.248456426119146,-0.32235040119860325,-1.3664550466910002,0,0.4030109161796468,0.052927049204321744,-0.6902559122311137
2020-10-23 00:00:00-04:00,-0.10493133830744093,-0.31523536458088913,0.8681106472839206,-0.22474541898043798,-0.49286593830579856,1,0.4854946445000887,-0.09757130040541342,-0.7000483898349423
2020-10-26 00:00:00-04:00,-0.32262355921332975,-0.2176922209058888,0.09754314367500033,-0.09009535177374477,2.7443152686380117,1,0.34627332363089464,-0.49935026459063786,-0.710853171080909
2020-10-27 00:00:00-04:00,-0.2935636972004,0.02905986201292976,0.24675208291881856,0.054932534854481505,-0.1240993920865783,0,0.1763319075746948,-0.34375766148632025,-0.7530707697559174
2020-10-28 00:00:00-04:00,-1.804317732529776,-1.5107540353293758,-1.5398138973423054,0.13887575011894623,1.0760668289747464,0,-0.6827275672543263,-0.41544773576157285,-0.7598930464999303
2020-10-29 00:00:00-04:00,0.9840844985164708,2.7884022310462466,4.299156266375622,0.008692476955269424,-0.9884719742478391,0,-0.4790482515921134,-0.26237772668490306,-0.7510796357308217
2020-10-30 00:00:00-04:00,-0.04568923836632105,-1.029773736882792,-3.8181759679290384,-0.08589074434929488,-0.5374764756525762,0,-0.4632841767106296,-0.1867053321527204,-0.7590020297176996
2020-11-02 00:00:00-05:00,1.485271008264432,1.530960246630753,2.560733983513545,-0.18467817218134028,0.3868317980572403,1,0.019125570951070342,0.0014162036907724293,-0.8038236172871519
2020-11-03 00:00:00-05:00,1.9738738483903546,0.4886028401259226,-1.0423574065048304,-0.17916082762766458,-0.14563509661822524,0,0.634951726368423,0.41775584538901167,-0.8003131835877718
2020-11-04 00:00:00-05:00,-1.2585497288074987,-3.2324235771978533,-3.7210264173237757,-0.06053801994788164,0.3734976940554626,0,0.788883188167552,0.07109764967301989,-0.7795971278662899
2020-11-05 00:00:00-05:00,2.1690545488045805,3.427604277612079,6.6600278548099325,0.13164998312636725,-0.5009298709851384,0,1.1156765796191164,0.35281752302377906,-0.8035506720882434
2020-11-06 00:00:00-05:00,0.09483447660141021,-2.07422007220317,-5.50182434981525,0.37809237543297314,-0.04066524793809303,0,1.1552891806520973,0.47501278706166405,-0.7996640726277312
2020-11-09 00:00:00-05:00,1.7784274749850943,1.6835929983836841,3.757813070586854,0.6213823144136711,0.869335619729151,0,1.2367956096405368,0.8006450556887017,-0.8017977195439404
2020-11-10 00:00:00-05:00,0.21484034164214685,-1.5635871333429474,-3.2471801317266316,0.8546879143491889,-0.4063131590452398,0,0.7486680618075033,0.7294933744494076,-0.7911567797830815
2020-11-11 00:00:00-05:00,1.8150587693439004,1.6002184277017535,3.163805561044701,0.9727861483433432,-0.5734771318472975,0,1.614313991845988,1.1741676635639342,-0.7959393709464239
2020-11-12 00:00:00-05:00,-1.9581649142298172,-3.7732236835737174,-5.373442111275471,1.2661258691319481,-1.0888957426380745,0,0.45595827113752607,0.8866100005275711,-0.7785765713331148
2020-11-13 00:00:00-05:00,1.3816254864701547,3.3397904006999717,7.113014084273689,1.2918732766006134,0.6172125756388326,1,0.8097047851138818,1.1866900085553853,-0.7571717218119183
2020-11-16 00:00:00-05:00,1.758230178657778,0.3766046921876234,-2.9631857085123485,1.3798884023923619,-0.2595070843741901,0,0.8041740749280626,1.454447889276238,-0.751987863449563
2020-11-17 00:00:00-05:00,-0.950659295944165,-2.708889474601943,-3.085494166789567,1.440973675101573,0.15856660264720096,0,0.4801052061417864,1.233810761850198,-0.7365195990669405
2020-11-18 00:00:00-05:00,-0.637525309716312,0.31313398622785293,3.022023460829796,1.4379523150849483,0.9445047097857332,0,-0.18331492816321765,0.8915723442113338,-0.7317674803753765
2020-11-19 00:00:00-05:00,-0.6416157726581395,-0.004090462941827466,-0.3172244491696804,1.289640480924562,-0.9889236473285951,0,0.1776065981317766,0.7492444337382537,-0.7286072256564348
2020-11-20 00:00:00-05:00,0.8586479772846307,1.5002637499427702,1.5043542128845977,1.255747849261942,-0.5754687177853336,0,0.03709764645500403,0.9093621183572871,-0.7254786992389531
2020-11-23 00:00:00-05:00,0.7950394604961313,-0.06360851678849944,-1.5638722667312697,1.1662880912377243,2.1828561145123833,1,-0.21939615088524855,1.0972848244538256,-0.7289378070879189
2020-11-24 00:00:00-05:00,0.4048595932530289,-0.3901798672431024,-0.32657135045460295,0.9848715884098345,-0.6093707372373323,0,0.14793496860231914,1.215999129558328,-0.7263359666554615
2020-11-25 00:00:00-05:00,-1.7588979725456357,-2.1637575657986647,-1.7735776985555622,0.8931778320186591,0.32004274516258224,0,-0.15913295114031975,1.2238930276845588,-0.735059857741441
2020-11-27 00:00:00-05:00,-0.8138092961239587,0.945088676421677,3.108846242220342,0.7181983313942941,-1.5799966733565431,0,-0.20575485454896478,0.9199088292682167,-0.7142295187146877
2020-11-30 00:00:00-05:00,-4.066778538322138,-3.2529692421981795,-4.198057918619856,0.5625300378290069,7.467607080935068,1,-1.51721501080715,0.2452559536055719,-0.7092140168232407
2020-12-01 00:00:00-05:00,1.249436703774899,5.316215242097037,8.569184484295217,0.11785632106945333,-0.560506980182229,0,-1.4020615979563484,0.2078526770506681,-0.6314508118947416
2020-12-02 00:00:00-05:00,0.14690535414927766,-1.1025313496256213,-6.418746591722659,-0.2943695967084226,-0.8363022719720034,0,-1.4679822778183882,-0.07984570957355204,-0.6577827864197543
2020-12-03 00:00:00-05:00,0.37407201065272566,0.227166656503448,1.3296980061290693,-0.6946415686260667,-0.4492226680877573,0,-0.9123236522497733,0.18090768774163646,-0.671317641330649
2020-12-04 00:00:00-05:00,1.0449343164073954,0.6708623057546698,0.44369564925122174,-0.9643353838642866,-0.5832068264142807,0,-0.42230440646366657,0.004523628349341947,-0.6709209389397703
2020-12-07 00:00:00-05:00,-0.09401568119768033,-1.1389499976050756,-1.8098123033597453,-1.0790179756715332,0.023560620725973626,1,0.6808385789097383,-0.025389842101038125,-0.6695131399340792
2020-12-08 00:00:00-05:00,0.42708043629866715,0.5210961174963475,1.6600461151014232,-0.8976022746375737,-0.4404033052839712,0,0.45551945189974413,-0.2355024484007607,-0.6730017515278588
2020-12-09 00:00:00-05:00,1.542453009167481,1.115372572868814,0.5942764553724664,-0.7491585453739665,0.8022866631146346,1,0.8389582265894764,-0.028642981255748,-0.6908573474853176
2020-12-10 00:00:00-05:00,1.554516159498964,0.012063150331482975,-1.103309422537331,-0.5229460155338618,1.2800880928484861,0,1.1670708265610836,-0.06913024320614455,-0.6782483343321042
2020-12-11 00:00:00-05:00,5.54273591236398,3.9882197528650165,3.9761566025335338,-0.2038582859311273,2.4153566620896667,0,2.423570714051774,1.138241150062204,-0.6658327008843672
2020-12-14 00:00:00-05:00,1.7086104841421772,-3.834125428221803,-7.82234518108682,0.31595675266159845,-0.8073428022655463,0,2.955562191999084,1.1930340622527873,-0.4958709583811163
2020-12-15 00:00:00-05:00,-0.47531952001282857,-2.183930004155006,1.6501954240667973,0.9696338954659158,-1.0647486225026341,0,2.685847282624909,0.8189403982669358,-0.4861798361393076
2020-12-16 00:00:00-05:00,1.4654825940000267,1.9408021140128553,4.124732118167861,1.5962492900844523,-0.30886345446019026,0,2.6632990317102463,1.2255581831059175,-0.5202707024871428
2020-12-17 00:00:00-05:00,-0.2901521431864571,-1.7556347371864838,-3.696436851199339,2.1806959359856113,-0.5170646958849924,1,2.123382781299783,1.285255680957377,-0.5133713546782203
2020-12-18 00:00:00-05:00,-0.5625938441679387,-0.27244170098148157,1.483193036205002,2.6203772827740943,0.8397728878363877,1,0.4351709280855316,1.2988839600373587,-0.5131410642782513
2020-12-21 00:00:00-05:00,-1.30064378255219,-0.7380499383842513,-0.4656082374027697,2.597125659393992,-0.6213858458245342,0,-0.37835007617649763,0.9317357910020764,-0.5197838747062118
2020-12-22 00:00:00-05:00,-0.6588917255380565,0.6417520570141334,1.3798019953983847,2.375380124045399,-0.7878555108375476,0,-0.4275653991171733,0.6896612862452225,-0.507722430164851
2020-12-23 00:00:00-05:00,0.2586717374788012,0.9175634630168576,0.27581140600272425,2.1674276494082636,1.423614866322108,1,-0.7443348540806263,0.6655793854102169,-0.5289436428915254
2020-12-24 00:00:00-05:00,-0.456471569654513,-0.7151433071333142,-1.6327067701501718,1.8647608601572803,-1.2860800450182124,0,-0.788231461891627,0.88453766919888,-0.5420320108802218
2020-12-28 00:00:00-05:00,1.4155677979215922,1.8720393675761051,2.5871826747094193,1.5253113729848162,0.7585742033020383,1,-0.26557899824876174,1.2606811531096878,-0.5538282778810306
2020-12-29 00:00:00-05:00,0.48492149723311967,-0.9306463006884724,-2.8026856682645773,1.3004129834133393,0.3215328344822084,0,0.2191703843623991,2.0725375926934158,-0.5458957928709834
2020-12-30 00:00:00-05:00,0.4891091808476022,0.004187683614482518,0.934833984302955,1.1348916445606434,-0.7394532213529528,0,0.5344207941970954,1.937947032811384,-0.5492054663746205
2020-12-31 00:00:00-05:00,0.31151339978978937,-0.17759578105781282,-0.18178346467229534,1.0735433834389283,-0.533574157775734,0,0.5489648974775314,1.9671849484929769,-0.5489069772447691
2021-01-04 00:00:00-05:00,-0.8281128145391367,-1.139626214328926,-0.9620304332711132,1.01324647462181,1.8989772309275803,0,0.44588543702822614,1.7537842523057028,-0.5537985663008753
2021-01-05 00:00:00-05:00,0.07175981157898163,0.8998726261181182,2.0394988404470444,0.9454614117450506,-0.7297691537936146,0,0.08140904821012958,1.5842375509272224,-0.5489998292042474
2021-01-06 00:00:00-05:00,0.0847489491428718,0.012989137563890168,-0.886883488554228,0.7888726587359691,0.42303358533849,0,-0.02668209594259732,1.615433647152582,-0.5489314789411782
2021-01-07 00:00:00-05:00,-0.5601515125313291,-0.6449004616742009,-0.6578895992380911,0.5968157489710035,0.18469453621684262,0,-0.3089588618826918,1.4437397238967091,-0.5536467645254455
2021-01-08 00:00:00-05:00,0.11790655448303268,0.6780580670143618,1.3229585286885626,0.3392073737992749,0.28393325250765283,0,-0.3605912376599482,1.2011205372842357,-0.5509945745339844
2021-01-11 00:00:00-05:00,0.35328313023887564,0.23537657575584298,-0.4426814912585188,0.09158253587878142,-0.5854553012794171,0,-0.04252317877206065,0.9994287056623054,-0.5518172596952626
2021-01-12 00:00:00-05:00,-1.0691696956608199,-1.4224528258996956,-1.6578294016555386,-0.03873203104265932,1.6263689226146265,0,-0.3505605745203245,-0.05615074526011918,-0.5589219636101326
2021-01-13 00:00:00-05:00,-0.7248804636017299,0.34428923205909,1.7667420579587856,-0.13528566095623518,-0.959430941417916,0,-0.566630667030213,-0.43404296473477316,-0.5501575172160664
2021-01-14 00:00:00-05:00,0.4580169063135635,1.1828973699152934,0.8386081378562034,-0.24812913791224914,-0.563785471760942,0,-0.2953567941872898,-0.289470342695584,-0.5470645940977621
2021-01-15 00:00:00-05:00,-1.9360332672663578,-2.394050173579921,-3.5769475434952147,-0.29817952106561324,0.34446899145930154,1,-0.8444535796767041,-0.8111292383420048,-0.5468306944951429
2021-01-19 00:00:00-05:00,-0.1886657047286103,1.7473675625377476,4.141417736117669,-0.44373318407037454,-0.2844747853054878,0,-0.9860320920117431,-0.7958221167490142,-0.519034895653653
2021-01-20 00:00:00-05:00,1.2488967688822488,1.437562473610859,-0.3098050889268886,-0.6346076482214601,-0.815405141673805,0,-0.3750715695825063,-0.5215689301345406,-0.5265753223960356
2021-01-21 00:00:00-05:00,0.906788004463079,-0.3421087644191698,-1.7796712380300288,-0.6778271478979776,1.6015441641342174,1,0.06352887428146557,-0.17873889242662508,-0.5200062443969778
2021-01-22 00:00:00-05:00,-2.2399890786832874,-3.1467770831463664,-2.8046683187271966,-0.6359211871446309,-0.5086169357864748,0,-0.6649481118781657,-0.42816480361811665,-0.5177513715676871
2021-01-25 00:00:00-05:00,-0.8313590759784576,1.4086300027048297,4.555407085851196,-0.7770080561063684,-0.2949658598939097,0,-0.3676042896210889,-0.5958369892741033,-0.4839838370315622
