Date,Returns,ReturnVelocity,ReturnAcceleration,SmaDiffWeekMonth,VolumeVelocity,IsBiggestVolume,WeekMomentum,MonthMomentum,SeasonVolatility
2020-12-24 00:00:00-05:00,0.713085410767833,1.4568271561542963,0.9800277274238494,1.0343879163158454,-1.1738189630721063,1,-1.006291791189504,1.0767644218368904,1.6966998538344518
2020-12-28 00:00:00-05:00,-0.0960063954985879,-0.809091806266421,-2.2659189624207174,0.7683873209869578,1.9753355450110466,1,-0.8683999703417263,0.8472763961033956,1.6319761083662756
2020-12-29 00:00:00-05:00,0.04804458537522821,0.14405098087381613,0.9531427871402371,0.5438066120597532,0.06739959083670437,0,-0.5106404020445878,0.9971551167598913,1.5633992447489033
2020-12-30 00:00:00-05:00,0.25812156146052145,0.21007697608529324,0.06602599521147712,0.3711006276700745,-0.45342180061000775,0,-0.17079918518774806,1.0351849913736453,1.5626944118617372
2020-12-31 00:00:00-05:00,1.0957597279740918,0.8376381665135704,0.6275611904282772,0.2532334359482434,0.07965315993676,0,0.25624098170453946,1.198989128271793,1.5581214319449355
2021-01-04 00:00:00-05:00,-1.9782136453899568,-3.0739733733640486,-3.911611539877619,0.1937479364182131,1.2843931424818193,0,-0.3709179107376161,1.0462637231522152,1.5284522229131317
2021-01-05 00:00:00-05:00,0.4954684013404749,2.4736820467304317,5.547655420094481,0.04253532228125155,-0.5981978385618256,0,-0.23568212372609929,0.7548655100678229,1.4876568605095717
2021-01-06 00:00:00-05:00,-1.2025096067351553,-1.6979780080756302,-4.171660054806062,-0.06545696366156131,0.704501422830831,0,-0.5228896254419585,0.6952515348848133,1.415159760605966
2021-01-07 00:00:00-05:00,0.9189410720110939,2.1214506787462493,3.8194286868218796,-0.21614671203337746,-0.4371226534218922,0,-0.3733340977932831,0.6545111245093704,1.39348318204541
2021-01-08 00:00:00-05:00,0.34976633513548316,-0.5691747368756107,-2.69062541562186,-0.3395909245073024,0.03766484024040081,0,-0.5418707403535853,0.057317105016819525,1.3740725962280225
2021-01-11 00:00:00-05:00,11.736062286553375,11.386295951417893,11.955470688293504,-0.4449110810572393,3.4791475243991976,0,2.6300767774914005,1.113561326104839,1.2909981071718861
2021-01-12 00:00:00-05:00,-3.839941874633117,-15.576004161186493,-26.962300112604385,-0.11483562116861074,-0.7623871149657971,0,1.5151914603998546,0.722076252635956,2.448404383914103
2021-01-13 00:00:00-05:00,3.747201020396446,7.587142895029563,23.163147056216054,0.066177405680096,-0.15036406406183497,0,2.754069649555674,1.3193788261447532,2.589476552058926
2021-01-14 00:00:00-05:00,0.6415239303095686,-3.1056770900868775,-10.69281998511644,0.3980542248305164,-0.8030383045921868,0,2.6826881291451645,0.6993544522388182,2.6827774040416927
2021-01-15 00:00:00-05:00,2.1854357915457028,1.5439118612361342,4.649588951323012,0.7708857734376626,0.6138489035685175,0,3.156392968880119,0.6346592059541046,2.614997189757052
2021-01-19 00:00:00-05:00,4.041503118305513,1.8560673267598098,0.31215546552367557,1.2281819330129042,0.08561714937168276,0,1.3404896482453477,1.0599105539705445,2.6402010270241894
2021-01-20 00:00:00-05:00,1.4006575387026456,-2.6408455796028667,-4.4969129063626765,1.3694023887918256,-0.6669727306697326,0,2.6786305448207113,1.3141113905497617,2.7065209336547555
2021-01-21 00:00:00-05:00,0.5415833018917228,-0.8590742368109229,1.7817713427919437,1.7178350335585173,0.8179361965916823,0,1.8786176403260078,1.5705442012257311,2.7105090189408325
2021-01-22 00:00:00-05:00,1.8729950273204148,1.331411725428692,2.190485962239615,1.9143586132278538,-0.6445314456953558,0,2.185645653000847,1.9605802854025864,2.7104563736514136
2021-01-25 00:00:00-05:00,3.012508486130922,1.1395134588105074,-0.19189826661818454,2.1373131077863436,-0.22152639801888985,0,2.391219344357698,2.446657514353442,2.712068888733442
2021-01-26 00:00:00-05:00,0.17423088991853383,-2.8382775962123885,-3.977791055022896,2.366483548730992,-0.007474974351644749,0,1.4394933295520989,2.375335047981247,2.2262970686577286
2021-01-27 00:00:00-05:00,-2.421009498765434,-2.5952403886839677,0.24303720752842084,2.4298031525469685,0.00325782085832594,0,0.5103658854530568,2.0667665926535594,2.2152433388501094
2021-01-28 00:00:00-05:00,1.2284898059930338,3.649499304758468,6.244739693442435,2.3378441934430048,-0.5852138839724006,0,0.6724463493669851,2.2195659556322345,2.3102218083140067
2021-01-29 00:00:00-05:00,-1.023219846936816,-2.2517096529298497,-5.9012089576883175,2.265461827689576,0.6732069769171791,1,-0.006612644245829071,2.0521010684746264,2.259822735317177
2021-02-01 00:00:00-05:00,-2.322447488040748,-1.2992276411039323,0.9524820118259174,2.0700416883707353,-0.7452581293372046,0,-1.2084644609541026,1.614722329814382,2.2907335853994826
2021-02-02 00:00:00-05:00,-2.746880458570666,-0.4244329705299177,0.8747946705740146,1.656779193541335,-0.19808877197695987,1,-1.8501273889753271,1.5167125150607765,2.3634841513534712
2021-02-03 00:00:00-05:00,-0.30370335017810207,2.4431771083925637,2.8676100789224814,1.1182716774578005,-0.663983760570473,1,-1.386584721607274,1.4181007746347374,0.9912484580727448
2021-02-04 00:00:00-05:00,2.3659748790125574,2.6696782291906596,0.2265011207980958,0.6937389895083698,-0.5018639694975685,1,-1.1413239832417261,1.8624305587096353,0.9368199646368868
2021-02-05 00:00:00-05:00,0.07438516695852451,-2.2915897120540327,-4.961267941244692,0.2795474652461006,-0.2815629520820489,1,-0.8965581962456797,1.7557628521895936,0.9097869379954338
2021-02-08 00:00:00-05:00,1.9824614053700969,1.9080762384115724,4.199665950465605,-0.07330013363267783,-0.07537900740271022,1,0.08699251483687073,1.9614069271083836,0.9050698626945709
2021-02-09 00:00:00-05:00,-1.9730824543350458,-3.9555438597051427,-5.863620098116715,-0.2408358114195723,-0.3124532036782236,0,0.27238082510623574,0.3854163781194029,0.871791497993763
2021-02-10 00:00:00-05:00,1.328650264808483,3.301732719143529,7.257276578848671,-0.23601414315817268,0.06050026854172898,1,0.6569153217072381,0.9911283242206657,0.9013110530338818
2021-02-11 00:00:00-05:00,-0.47165780078682634,-1.8003080655953094,-5.102040784738838,-0.21202195346703107,0.07084644991352898,0,-0.0047736084994032335,0.5082421870000382,0.8403413654638898
2021-02-12 00:00:00-05:00,2.3250171676435287,2.796674968430355,4.596983034025664,-0.27419196822574293,-0.5937868755263713,0,0.5171729295443653,0.6988017233174838,0.8504712570959483
2021-02-16 00:00:00-05:00,-0.7381065197853979,-3.0631236874289267,-5.859798655859281,-0.2505074977443375,-0.09877016597648511,1,-0.11587623758374754,0.3674253660081495,0.842717789652895
2021-02-17 00:00:00-05:00,0.3402095803531633,1.078316100138561,4.141439787567488,-0.32284408177872725,0.16101087483528342,0,0.4291853032193522,-0.03283409149838139,0.8601744481964044
2021-02-18 00:00:00-05:00,-2.58647194582902,-2.9266815261821835,-4.004997626320744,-0.2438010722600101,0.10189772913986804,0,-0.48430332711682084,-0.4594947957605876,0.84343773631761
2021-02-19 00:00:00-05:00,-0.0994330011992175,2.4870389446298025,5.413720470811986,-0.30433468874057,-0.37307428708061935,0,-0.3993000576415455,-0.5259554991999855,0.9122077541202167
2021-02-22 00:00:00-05:00,-0.1194461905049074,-0.020013189305689905,-2.5070521339354923,-0.3396355135162321,-0.7165031119774892,0,-0.9443044271010934,-0.7285325548702781,0.90975078130826
2021-02-23 00:00:00-05:00,0.8969295188044137,1.016375709309321,1.036388898615011,-0.46702135768034475,0.5369639208205802,1,-0.5774935812333929,-0.9370896440127244,0.8768656296483676
2021-02-24 00:00:00-05:00,1.0075209871077115,0.1105914683032978,-0.9057842410060233,-0.4911319009137013,-0.3886856944723856,0,-0.4269555147492932,-0.854349957701682,0.8757387157831723
2021-02-25 00:00:00-05:00,-0.34224919201735493,-1.3497701791250665,-1.4603616474283643,-0.49372613716135455,-0.43404420126155685,0,0.09799478274861838,-0.6406918112543334,0.8727071020080971
2021-02-26 00:00:00-05:00,0.5249561353351125,0.8672053273524675,2.216975506477534,-0.413884654093926,0.815905533392942,0,0.24369181024269138,-0.7118800505628867,0.8662083349570319
2021-03-01 00:00:00-05:00,0.7711475858833298,0.24619145054821723,-0.6210138768042502,-0.2958391063363966,-0.6209012840485676,0,0.4528466697626834,-0.527473937643879,0.8368931448125344
2021-03-02 00:00:00-05:00,-1.1285021169412803,-1.8996497028246102,-2.145841153372827,-0.1570328793246581,0.18811767732566342,0,-0.02223048513053144,-0.40088672807499237,0.8330312306236585
2021-03-03 00:00:00-05:00,-1.0482975450326713,0.08020457190860908,1.9798542747332193,-0.12906015724417552,-0.07919540201235181,0,-0.49423780730718575,-0.21779880659190218,0.8532457856393557
2021-03-04 00:00:00-05:00,-0.7227571206100997,0.3255404244225716,0.2453358525139625,-0.2185541515275943,0.10194456490051929,0,-0.5809818900457536,-0.262630685467664,0.861961482257348
2021-03-05 00:00:00-05:00,3.1814035855483067,3.9041607061584065,3.578620281735835,-0.3207506002856229,-0.3363740223364276,0,0.01708972754788087,-0.1780254448858915,0.8231537876826027
2021-03-08 00:00:00-05:00,0.05316852888268683,-3.12823505666562,-7.032395762824026,-0.3091913125830349,-0.41239867239381023,0,-0.14842207441558417,-0.1802951338037304,0.8702849473712866
2021-03-09 00:00:00-05:00,-0.4443955204457492,-0.497564049328436,2.6306710073371837,-0.33170270679260333,0.2659646333242407,1,0.011166098160626742,-0.43500120647967994,0.8686784973807612
2021-03-10 00:00:00-05:00,-0.3202114770819973,0.12418404336375188,0.6217480926921879,-0.29271044421016473,-0.4868864816979108,0,0.18205036814562037,-0.2588220821097487,0.6241565185504364
2021-03-11 00:00:00-05:00,-0.1168125030334199,0.20339897404857743,0.07921493068482555,-0.23891949325205022,0.11823153664845906,0,0.32484428260009396,-0.4103864990086205,0.610908327597571
2021-03-12 00:00:00-05:00,1.398568544068218,1.515381047101638,1.3119820730530605,-0.13969344316264967,0.019475540599835563,0,-0.08186013574021547,-0.2135842139366919,0.603991511290889
2021-03-15 00:00:00-04:00,-9.092667486720002,-10.491236030788219,-12.006617077889857,-0.14471007365442737,2.5520048418825265,0,-2.1962843158166403,-1.4041790875213278,0.5825094392160074
2021-03-16 00:00:00-04:00,0.9198582098667405,10.012525696586742,20.50376172737496,-0.45592282306998344,-0.9677023251862956,0,-1.9082812855969356,-1.2458438380117733,1.1002483564927523
2021-03-17 00:00:00-04:00,-2.184383651503089,-3.1042418613698297,-13.116767557956571,-0.7241426849356656,-0.4481349587276006,0,-2.306716258732668,-1.4883346930042711,1.0467236363041466
2021-03-18 00:00:00-04:00,-1.4994985499768416,0.6848851015262476,3.789126962896077,-1.045854861495987,-0.45293379468359213,0,-2.596124446574011,-1.383498367863295,1.097323787858703
2021-03-19 00:00:00-04:00,0.1957323674124848,1.6952309173893263,1.0103458158630787,-1.4421185765216922,0.49610278325204665,1,-2.840692841019576,-1.3554292500339007,1.115312862148771
2021-03-22 00:00:00-04:00,0.8410547364055088,0.645322368993024,-1.0499085483963024,-1.90021614554747,-1.061123181854573,0,-0.6145338808121775,-1.2638009913330104,1.0893209948664684
2021-03-23 00:00:00-04:00,-1.162281926678955,-2.003336663084464,-2.6486590320774877,-1.8911160426087141,0.1884105348161291,1,-1.0807796074113407,-1.460133410508123,1.0747899398595808
2021-03-24 00:00:00-04:00,-1.9109323042185116,-0.7486503775395565,1.2546862855449072,-1.9499168347856402,0.13330565555454812,0,-1.0189068473130733,-1.7324115780308444,1.0836029557816624
2021-03-25 00:00:00-04:00,1.6206749716336486,3.53160727585216,4.2802576533917165,-1.9609421553443127,-0.7005740601694892,0,-0.3158663622724728,-1.552162472293604,1.1209045264719812
2021-03-26 00:00:00-04:00,1.2125369272570619,-0.40813804437658674,-3.939745320228747,-1.8596161097296386,-0.03502472421557398,1,-0.08350071426176361,-1.4883359008305523,1.1388670111670627
2021-03-29 00:00:00-04:00,0.5558260652880103,-0.6567108619690516,-0.24857281759246486,-1.7215978053694379,-0.10375411795372744,0,-0.14892282454536365,-1.508411260044247,1.1477753211580208
2021-03-30 00:00:00-04:00,-0.45076829635139964,-1.00659436163941,-0.34988349967035837,-1.5925040920671798,-0.42980988606315396,0,0.017111975125834657,-1.4441467545905826,1.148788707729329
2021-03-31 00:00:00-04:00,0.7115685573942677,1.1623368537456673,2.1689312153850775,-1.4413015700927285,0.5094005674845398,1,0.6381938333882086,-1.276263925378472,1.1455896462592503
2021-04-01 00:00:00-04:00,-0.8457277229527379,-1.5572962803470056,-2.719633134092673,-1.1975819006803627,-0.736587474060345,0,0.05930592905644693,-1.2881642170565182,1.1043390919105762
2021-04-05 00:00:00-04:00,-0.18894817068640726,0.6567795522663307,2.2140758326133363,-1.0581624371755103,0.17620000428246102,1,-0.2629464216205569,-1.6015949191825865,1.1140999301618022
2021-04-06 00:00:00-04:00,-1.1303909403356482,-0.941442769649241,-1.5982223219155718,-0.9394525498837712,-0.3853527321413445,0,-0.6477972882397713,-1.7113953833496502,1.0972600532905068
2021-04-07 00:00:00-04:00,-0.26258970058149167,0.8678012397541566,1.8092440094033977,-0.8807096500208997,0.4051608883118295,0,-0.6051418771606512,-1.6946452227108522,1.1091903292631191
2021-04-08 00:00:00-04:00,0.15905556981325766,0.4216452703947493,-0.44615596935940727,-0.8161346729351294,-0.6477516221254342,0,-0.729171415421301,-1.6504637952341985,1.110861826132226
2021-04-09 00:00:00-04:00,1.0295235919068184,0.8704680220935608,0.4488227516988115,-0.7811342276146548,-0.0338740151123428,0,-0.30394434567237205,-1.5444964707010034,-0.11105202898750324
2021-04-12 00:00:00-04:00,-1.447236765234059,-2.4767603571408774,-3.347228379234438,-0.6777662622826282,-0.01751303963700017,0,-0.5927537680171481,-1.806605310658839,-0.23771342250845345
2021-04-13 00:00:00-04:00,0.3904974090826049,1.837734174316664,4.314494531457541,-0.596215166885352,-0.06078289230548803,0,-0.2447896839370089,-0.8597149915261113,-0.34215251471902997
2021-04-14 00:00:00-04:00,0.25747215098461274,-0.13302525809799215,-1.9707594324146562,-0.5638402435163284,-0.7336958704501937,0,-0.12502559835613086,-0.9255070586755957,-0.34453575963758853
2021-04-15 00:00:00-04:00,1.5956466674825671,1.3381745164979544,1.4711997745959464,-0.5018902379004128,0.28343736235499056,1,0.20612939304538247,-0.5406794817047269,-0.3879922012122909
2021-04-16 00:00:00-04:00,1.7910818210334294,0.19543515355086227,-1.142739362947092,-0.4199307769090514,0.5216750659475227,0,0.38266326379822385,-0.19515401414597652,-0.5151578862779925
2021-04-19 00:00:00-04:00,0.20608681625288494,-1.5849950047805446,-1.7804301583314068,-0.33989708401920304,-0.501808406906155,0,0.7785069416742749,-0.1940494395435207,-0.5033450093358245
2021-04-20 00:00:00-04:00,0.5115117936907961,0.3054249774379112,1.8904199822184558,-0.18863694497148686,-0.4469986634062631,0,0.8074273450549226,-0.22898251365595346,-0.5061013648512176
2021-04-21 00:00:00-04:00,0.17835237065079926,-0.3331594230399969,-0.6385844004779081,-0.02792632145192779,-0.3325618893409492,0,0.7884711365346448,-0.08446242786183215,-0.5377235507192591
2021-04-22 00:00:00-04:00,-2.0424133930302593,-2.2207657636810585,-1.8876063406410615,0.11516760667729145,0.36510033870656483,1,-0.07100743751256106,-0.09893795722830277,-0.6259385720257443
2021-04-23 00:00:00-04:00,0.8928088698187114,2.9352222628489706,5.155988026530029,0.10140070429826521,-0.4425172342822255,0,-0.27522912446383824,-0.17618443010083065,-0.595523686659888
2021-04-26 00:00:00-04:00,-0.7948348775607762,-1.6876437473794876,-4.622866010228458,0.05619203659501138,0.02246359283221474,0,-0.5043474092437803,-0.38854842504511583,-0.6313830301424733
2021-04-27 00:00:00-04:00,-2.67598632797487,-1.8811514504140936,-0.19350770303460596,-0.011417378517881339,2.1043960962740997,0,-1.2245058641555084,-0.7258561248321637,-0.6448795364073638
2021-04-28 00:00:00-04:00,-0.9110259045585909,1.764960423416279,3.646111873830373,-0.18332846748919315,-0.675822951563124,0,-1.463618740073726,-0.7728199202710552,-0.5952409132757053
2021-04-29 00:00:00-04:00,0.9138529380327967,1.8248788425913876,0.05991841917510854,-0.39712184739919054,-0.9369617302373845,0,-0.8072391547188035,-0.7525117622759404,-0.631654127786455
2021-04-30 00:00:00-04:00,0.3128478773096291,-0.6010050607231676,-2.4258839033145554,-0.483339833983677,0.25826894576935494,1,-0.9360347075087128,-0.6341335115851243,-0.682671767896938
2021-05-03 00:00:00-04:00,1.7234806664540592,1.4106327891444301,2.011637849867598,-0.6077663808579317,-0.13039652472850327,0,-0.37053223901328664,-0.43774740887511276,-0.6814217080532498
2021-05-04 00:00:00-04:00,1.2263274350507236,-0.49715323140333556,-1.9077860205477657,-0.644108166323431,0.07250890223638712,0,0.5453670996953174,-0.18875187866849857,-0.7063595492269409
2021-05-05 00:00:00-04:00,2.449533609008098,1.2232061739573743,1.7203594053607099,-0.5358403643439924,0.06574993091834064,0,1.3511263487112526,0.10207107934384468,-0.6906955122130023
2021-05-06 00:00:00-04:00,0.5601369426660515,-1.8893966663420465,-3.112602840299421,-0.31096294583888157,-0.6112518317607479,0,1.2650254656854263,0.14606285721523843,-0.6712736202941001
2021-05-07 00:00:00-04:00,0.7890937346307897,0.22895679196473817,2.1183534583067845,-0.10399324399223703,-0.47061291438040903,1,1.3812381179172755,0.11981432817801803,-0.7005547413374853
2021-05-10 00:00:00-04:00,-0.3377279087935855,-1.1268216434243752,-1.3557784353891134,0.12741784052435293,-0.3557921760077476,1,0.882885813623704,0.24369172768131062,-0.7113294969060037
2021-05-11 00:00:00-04:00,-0.005136020559602248,0.3325918882339832,1.4594135316583583,0.25820272502313646,-0.45386475910005647,1,0.5897469756901412,0.19983941871289523,-0.7121808291084146
2021-05-12 00:00:00-04:00,-0.7958898741868612,-0.7907538536272589,-1.1233457418612423,0.3397539121673459,0.2894538968065661,1,-0.1642870018552765,0.0833897960273947,-0.7638700751884668
2021-05-13 00:00:00-04:00,1.3465059788222538,2.142395853009115,2.9331497066363736,0.2893528268507113,-0.3247999816139929,0,0.015952407674046053,0.056495532533642485,-0.7631651216929135
2021-05-14 00:00:00-04:00,0.651496122888408,-0.6950098559338458,-2.8374057089429607,0.27631109222176753,-0.4325254329837493,0,-0.015760019859705977,-0.06598329933991298,-0.7463687806484963
2021-05-17 00:00:00-04:00,-0.3465796764554064,-0.9980757993438143,-0.3030659434099685,0.2693185998036373,0.3786260604705409,1,-0.017820355849689454,-0.12564605555561512,-0.8001023113030085
2021-05-18 00:00:00-04:00,-0.46028581349727526,-0.11370613704186888,0.8843696623019455,0.26804799654314293,-0.23966881878667956,0,-0.12339920103869101,-0.22966020138516455,-0.799207231254634
2021-05-19 00:00:00-04:00,0.9659321481360534,1.4262179616333288,1.5399240986751976,0.25684964127082555,0.289684369810753,0,0.2866644893160181,-0.14590078498174877,-0.7975920772584913
2021-05-20 00:00:00-04:00,1.5368207885998677,0.5708886404638143,-0.8553293211695145,0.31684708868109784,0.04032137898714845,0,0.3307938814626528,0.24644228231169343,-0.7963968621472187
2021-05-21 00:00:00-04:00,0.1754133459483321,-1.3614074426515357,-1.93229608311535,0.34647740258101634,-0.591637188458533,0,0.219430821180379,0.1673019481947858,-0.7840246205060774
2021-05-24 00:00:00-04:00,0.5703407159643372,0.3949273700160051,1.7563348126675407,0.3622364060933485,-0.48658087321766974,0,0.4350360315727291,0.3193758157311555,-0.7846577078778094
2021-05-25 00:00:00-04:00,-0.8954457244402374,-1.4657864404045746,-1.8607138104205796,0.40522112816627054,0.46499027547650995,1,0.3316528170655908,0.5243352283680377,-0.7842006779934263
2021-05-26 00:00:00-04:00,0.8884688165028188,1.7839145409430563,3.249700981347631,0.4084335552413682,-0.1928281206670905,0,0.3135887275146846,0.7315090338998097,-0.7830665179009718
2021-05-27 00:00:00-04:00,-0.890593369499112,-1.779062186001931,-3.5629767269449872,0.38901412438525396,3.345996076803464,0,-0.24885846875361078,0.5238174141919545,-0.786649634783211
2021-05-28 00:00:00-04:00,0.2710865582540682,1.1616799277531802,2.9407421137551113,0.2769766244660931,-1.354039089770193,0,-0.22692628052601835,0.5190683555443626,-0.7893965071521855
2021-06-01 00:00:00-04:00,-0.6608479663189161,-0.9319345245729842,-2.0936144523261646,0.16955326124826783,0.27524219809622874,0,-0.5083249389950355,0.25179605711434694,-0.7935548229418165
2021-06-02 00:00:00-04:00,0.35782416204062,1.0186721283595361,1.9506066529325203,0.03058537614244083,-0.7128818936800435,0,-0.22120136680544467,0.15625583169608565,-0.8820709220773068
2021-06-03 00:00:00-04:00,1.7927991891753114,1.4349750271346915,0.41630289877515536,-0.0404157395505638,0.6285879485049475,1,-0.015109398389405457,0.08548637982046958,-0.8806841221939489
2021-06-04 00:00:00-04:00,-0.3354752807240505,-2.128274469899362,-3.5632494970340534,-0.06325604651115233,-0.306008988187788,0,0.11482421329335747,-0.01220747956200714,-0.8524494110539832
2021-06-07 00:00:00-04:00,10.147524809341817,10.483000090065868,12.61127455996523,-0.04979732207652201,7.9036830982918485,0,2.4125667436753573,0.9972251996595106,-0.85236119412691
2021-06-08 00:00:00-04:00,-0.8179134091678838,-10.965438218509702,-21.448438308575568,0.32027071719353045,-1.3341712630709224,0,2.3720498681589857,0.9399815500560474,0.06132024490228158
2021-06-09 00:00:00-04:00,2.401450160283039,3.219363569450923,14.184801787960625,0.685433231506391,-0.06955334685364034,0,2.8930510719574016,1.2245424580661528,0.05552031495729056
2021-06-10 00:00:00-04:00,3.336284227584536,0.9348340673014972,-2.2845295021494256,1.127058464623967,0.03456184824323141,0,3.2888993696572415,1.728888796336529,-0.683905585005849
2021-06-11 00:00:00-04:00,-4.046435279215386,-7.382719506799922,-8.317553574101419,1.6085075545151226,-0.1671154108144267,0,2.3021090699784392,1.0577381527933936,-0.6059367530101036
2021-06-14 00:00:00-04:00,0.896985542452054,4.94342082166744,12.32614032846736,1.954960483984321,-0.9949701016511643,0,0.15925783857771733,1.086863289935751,-0.48983086596698333
2021-06-15 00:00:00-04:00,-1.1410940973592774,-2.0380796398113312,-6.98150046147877,1.8637328396748858,-0.4865825235879217,1,0.08309987515519734,0.9914249302926792,-0.517861692618244
2021-06-16 00:00:00-04:00,-1.2347863685077605,-0.09369227114848311,1.9443873686628481,1.7658258352260434,0.0819731806781568,1,-0.7441405297316415,0.8990269824728506,-0.49788078028797406
2021-06-17 00:00:00-04:00,0.6568179906278023,1.8916043591355627,1.9852966302840458,1.4899169382349111,-0.5856937875525784,0,-1.3267520508849209,0.8629534529496502,-0.47824120377531393
2021-06-18 00:00:00-04:00,-1.6470937589890258,-2.303911749616828,-4.195516108752391,1.0737975356916971,1.598571741956744,1,-0.7794779041123274,0.4946118448118434,-0.497213830820243
2021-06-21 00:00:00-04:00,1.8851502281592294,3.532243987148255,5.8361557367650825,0.8325171419589353,-0.31359756485683354,0,-0.5597672086971929,0.6888098261925353,-0.5073084274801684
2021-06-22 00:00:00-04:00,-0.5523812872488046,-2.437531515408034,-5.969775502556288,0.6185977935113813,-1.0437976914902403,0,-0.4248645696281375,0.5596199048847774,-0.5006070229835252
2021-06-23 00:00:00-04:00,-1.9599058104754026,-1.407524523226598,1.0300069921814359,0.4502048323923978,0.5467965734082102,1,-0.5921726399819974,0.4367100922239125,-0.5004501551857732
2021-06-24 00:00:00-04:00,7.309995805124685,9.269901615600087,10.677426138826686,0.2596636114204853,6.267212369164073,0,0.9030194609283058,1.1572493975809628,-0.4550307221832227
2021-06-25 00:00:00-04:00,-1.1803979733073708,-8.490393778432056,-17.76029539403214,0.3244658456566808,-0.858828603881018,0,1.017453367157465,1.122040701104255,-0.023152806452640427
2021-06-28 00:00:00-04:00,-0.8687417500787242,0.3116562232286466,8.802050001660703,0.41622094307786534,-1.1910614902513088,0,0.3625157201970006,0.9855662097215959,-0.00178688117521559
2021-06-29 00:00:00-04:00,0.5038941831135164,1.3726359331922406,1.060979709963594,0.3794253772869684,-0.7361875663206718,0,0.6129227280510656,1.1247318454027901,-0.0012751802495844604
2021-06-30 00:00:00-04:00,0.06539402167976686,-0.43850016143374954,-1.8111360946259902,0.38393666567759654,-0.01650627129529796,1,1.1051183890702378,1.0897408738544132,-0.004074545937582026
2021-07-01 00:00:00-04:00,0.7014739754315041,0.6360799537517373,1.0745801151854868,0.4969602616212982,-0.009251330417285366,0,-0.3924839681068001,0.961373424990341,-0.02412057941258265
2021-07-02 00:00:00-04:00,1.224427827001015,0.5229538515695108,-0.11312610218222652,0.2872604463207896,-0.16443967408884255,0,0.16286828160914518,1.1467665272569292,-0.027525079519090733
2021-07-06 00:00:00-04:00,0.6240237184831613,-0.6004041085178536,-1.1233579600873644,0.18777154127136536,0.718614407529097,0,0.5148752047212126,0.10659928477331289,-0.022540263010364964
2021-07-07 00:00:00-04:00,0.16990925402488957,-0.45411446445827175,0.1462896440595819,0.28093256867766553,-0.16964444411205667,0,0.4360245533986061,0.21605891118072387,-0.025384577620012852
2021-07-08 00:00:00-04:00,0.5512601194113491,0.38135086538645957,0.8354653298447313,0.3435088388510271,-0.5348340321583056,0,0.5508527071173518,0.01550899349250172,-0.05706221734943859
2021-07-09 00:00:00-04:00,-0.8982728128744908,-1.44953293228584,-1.8308837976722994,0.4564739002521477,0.8608810117033338,0,0.17333726342518463,-0.43112195447341617,-0.05703832515388197
2021-07-12 00:00:00-04:00,0.434063091076964,1.3323359039514548,2.7818688362372948,0.5384436368998861,-0.6095781469261922,0,-0.009265322610013402,0.056953828140892816,-0.040894704735256804
2021-07-13 00:00:00-04:00,-0.30082585957237,-0.734888950649334,-2.0672248546007888,0.5166465843024368,-0.6927394517766781,0,-0.2225353498610433,-0.07292914451528032,-0.05303768919428736
2021-07-14 00:00:00-04:00,0.4462283938186846,0.7470542533910547,1.4819432040403888,0.4599302824192803,-0.07422159646585369,1,-0.15911568095039447,0.10065286351990219,-0.06575572242970437
2021-07-15 00:00:00-04:00,-2.0647297767149193,-2.5109581705336037,-3.2580124239246584,0.3971785003651086,0.9546992592632492,0,-0.7589001020478325,0.008349474931300562,-0.06604291201133579
2021-07-16 00:00:00-04:00,0.42770243210771847,2.492432208822638,5.003390379356242,0.2020098393867252,-0.7824233115753579,0,-0.4584637795129721,-0.01644298817003664,-0.012644862279508338
2021-07-19 00:00:00-04:00,0.7226988661317693,0.2949964340240508,-2.197435774798587,0.08265864104069255,-0.12356494338018036,0,-0.393069512746478,0.24540049347585696,-0.01287235702242863
2021-07-20 00:00:00-04:00,0.37585723350457495,-0.3468416326271943,-0.6418380666512451,-0.052512756021278396,-0.1831273284564133,0,-0.238184058117084,0.08053815957195122,-0.06465034820395604
2021-07-21 00:00:00-04:00,0.9658568455774363,0.5899996120728614,0.9368412447000558,-0.1314359440468716,-0.622138968761082,0,-0.11933004111044139,0.2479255202447467,-0.06685783428101227
2021-07-22 00:00:00-04:00,0.5057239982425668,-0.4601328473348696,-1.050132459407731,-0.20227356670715568,-0.12803941658105278,1,0.4868004752638566,0.5278761531768073,-0.07709023582363499
2021-07-23 00:00:00-04:00,2.3732556036204975,1.8675316053779307,2.3276644527128,-0.16307551575636892,0.5127596597562903,0,0.9459315897801984,0.0028940805160306083,-0.1650966140030201
2021-07-26 00:00:00-04:00,-0.38499834691027335,-2.758253950530771,-4.625785555908702,0.04539388143983412,-0.028905585626173402,0,0.6802424246319251,0.09052008250259158,-0.15158443408746936
2021-07-27 00:00:00-04:00,0.15213122133897197,0.5371295682492453,3.295383518780016,0.18185487337721468,-0.5093999881250763,0,0.6269868908589036,0.2035343951285415,-0.1456120767412594
2021-07-28 00:00:00-04:00,1.202890403240257,1.050759181901285,0.5136296136520396,0.2924759841610265,-0.49762943525793407,0,0.6829554021800515,0.2806449583954655,-0.14481577247238045
2021-07-29 00:00:00-04:00,-0.4786843859121784,-1.6815747891524353,-2.7323339710537202,0.4081369374103918,0.0431871480172114,1,0.4489039476630112,0.2199420435641029,-0.15384089244872465
2021-07-30 00:00:00-04:00,-0.7459322793979268,-0.26724789348574846,1.4143268956666868,0.47581030013485237,-0.19338305586772717,0,-0.27204941110536535,0.06034722736058001,-0.1504822995619341
2021-08-02 00:00:00-04:00,1.2730968368488862,2.019029116246813,2.286277009732561,0.3880988569921803,-0.13316838669752212,0,0.10980574584827121,0.06560914238753414,-0.17407792580782344
2021-08-03 00:00:00-04:00,3.8077835961174533,2.534686759268567,0.5156576430217541,0.39348917273776757,2.602418516143204,0,0.9611162424209388,0.4120459563050119,-0.16771427779941173
2021-08-04 00:00:00-04:00,2.531338872839828,-1.2764447232776255,-3.8111314825461924,0.5638152417128127,-0.6201528081372334,0,1.2784416250247865,0.678333820798206,-0.06725715916069727
2021-08-05 00:00:00-04:00,0.655340474815209,-1.8759983980246189,-0.5995536747469934,0.7817174162229995,-0.8393583787741395,0,1.5575180783360016,0.6903016186831155,-0.036474667381105885
2021-08-06 00:00:00-04:00,-0.28390531858384943,-0.9392457933990583,0.9367526046255605,1.065126533153647,-0.25264008013065203,0,1.6728252835963833,0.7620528416151541,-0.038928020160971105
2021-08-09 00:00:00-04:00,1.4120964184213407,1.69600173700519,2.635247530404248,1.3657607695690954,0.6163088830934579,0,1.706981817308489,0.8754596063028268,-0.04890458871287073
2021-08-10 00:00:00-04:00,0.857158330584453,-0.5549380878368877,-2.250939824842078,1.6651066955661837,-0.752588793913798,0,0.998654164003924,1.0120393007417359,-0.04791882440895471
2021-08-11 00:00:00-04:00,-1.985513957210873,-2.842672287795326,-2.2877341999584386,1.780474242127194,0.39971824491588803,1,-0.06795713457015289,0.7240514553743308,-0.047153669083586834
2021-08-12 00:00:00-04:00,0.0835642011294389,2.069078158340312,4.911750446135638,1.65608503625424,-0.57783543306823,0,-0.1994341431101026,0.9786766958122485,0.0031408587649648942
2021-08-13 00:00:00-04:00,0.2808621335996182,0.1972979324701793,-1.8717802258701328,1.4666694583903535,-0.6429550760155023,0,-0.06909020263234814,0.9613321777942428,-0.003872493844925769
2021-08-16 00:00:00-04:00,2.1687095460437398,1.8878474124441216,1.6905494799739422,1.313682366842657,1.0381817935575808,1,0.10358236882673431,1.131383174809851,-0.0050788680907430115
2021-08-17 00:00:00-04:00,1.026153232715155,-1.1425563133285848,-3.0304037257727066,1.1843969941995687,-0.4952295200055785,0,0.1426515463528954,1.209223995268752,0.010044546155947548
2021-08-18 00:00:00-04:00,-1.5364215456384953,-2.5625747783536506,-1.4200184650250658,1.0554451216540943,0.14728731609244114,0,0.24966538215776132,0.9095208990330731,0.011013087995165066
2021-08-19 00:00:00-04:00,0.7001395977798279,2.2365611434183235,4.799135921771974,0.991291813467541,-0.5693326242934076,0,0.39421044342127487,0.9323333281297638,0.04938454490209265
2021-08-20 00:00:00-04:00,0.188603639240963,-0.5115359585388649,-2.7480971019571885,0.9621501437271623,-0.4804511766216117,0,0.3724916625862549,0.6801791082530614,0.03153252721757926
2021-08-23 00:00:00-04:00,-1.14059958854252,-1.3292032277834829,-0.817667269244618,0.9577656495964737,0.7494710774880291,1,-0.3914616773770219,0.5924648447547458,0.03142955596286386
2021-08-24 00:00:00-04:00,-1.8855910274712824,-0.7449914389287624,0.5842117888547205,0.758658843311317,0.6625285555197749,0,-1.0492207987577422,0.35896837318569746,0.038362274143161006
2021-08-25 00:00:00-04:00,0.4186318310114487,2.304222858482731,3.0492142974114933,0.4075375547039994,-0.7475943096488911,0,-0.6091430127547884,0.27184503947793437,0.08928634251176705
2021-08-26 00:00:00-04:00,-0.9663963767219242,-1.3850282077333729,-3.6892510662161038,0.19149848514080356,-0.611416452792696,0,-0.9832275425606305,0.21717658007855345,0.07732604114683678
2021-08-27 00:00:00-04:00,-0.6007972921953513,0.36559908452657297,1.7506272922599457,-0.1206261370313381,-0.08041670622919772,0,-1.1583802878083198,0.23340886992737916,0.09632265037841356
2021-08-30 00:00:00-04:00,0.9855706382308533,1.5863679304262046,1.2207688458996317,-0.483149917834549,-0.6406442854247661,0,-0.6840484509379559,0.2018461876915396,0.09047106373688057
2021-08-31 00:00:00-04:00,-1.5325260587861924,-2.5180966970170457,-4.10446462744325,-0.7097128192264123,1.5623707200342523,1,-0.602977474565534,-0.3684393076570727,0.08746002151636645
2021-09-01 00:00:00-04:00,-0.34459141226279877,1.1879346465233938,3.7060313435404395,-0.8334099779917102,-0.048663896058659485,0,-0.774824041111901,-0.6633838797884358,-0.7427366811549695
2021-09-02 00:00:00-04:00,0.8430399841855495,1.1876313964483483,-0.0003032500750455025,-0.9606996713711412,-0.972344383485895,0,-0.36485517523133926,-0.6443253566670081,-0.7500159779873152
2021-09-03 00:00:00-04:00,-0.015405616904749017,-0.8584456010902985,-2.0460769975386466,-0.9796876164063245,-0.5488489603549653,0,-0.2302948172656759,-0.6167544796222538,-0.7882149882852165
2021-09-07 00:00:00-04:00,-1.8225211177276328,-1.8071155008228839,-0.9486698997325853,-0.9668608448389268,1.6193841927935202,1,-0.8693754424405019,-0.944225625219746,-0.8751506486579453
2021-09-08 00:00:00-04:00,0.015694017381756038,1.838215135109389,3.6453306359322726,-1.0758400525286598,-0.7438702073945597,0,-0.5180608976418444,-1.0271516701071701,-1.0013269627735057
2021-09-09 00:00:00-04:00,-5.823263360758633,-5.838957378140389,-7.6771725132497775,-1.0761774977443548,3.3397486935376075,0,-1.7657489346239885,-1.4130827450669798,-1.0050252407901017
2021-09-10 00:00:00-04:00,-0.2083312332638007,5.614932127494832,11.453889505635221,-1.3486274436542627,-0.28670010100769916,0,-1.9893554769588513,-1.440703866847959,-0.6961112655603748
2021-09-13 00:00:00-04:00,-0.6430015925637174,-0.43467035929991665,-6.049602486794749,-1.6796229417764255,-0.7917448329066822,0,-2.1225755810794134,-1.5276996400426053,-0.7121806276887175
2021-09-14 00:00:00-04:00,-2.0465734246652976,-1.4035718321015802,-0.9689014728016636,-2.0324851284173846,0.37611585545837267,0,-2.1707066632017558,-1.913708724496186,-0.7089566429427849
2021-09-15 00:00:00-04:00,0.27458590468843747,2.321159329353735,3.724731161455315,-2.3263322020483947,-0.6004048550733082,0,-2.116238073894319,-1.980439243116526,-0.6947164673804608
2021-09-16 00:00:00-04:00,-1.1509027920703403,-1.4254886967587779,-3.746648026112513,-2.593550646151909,-0.08972953461428163,1,-1.069564460048448,-1.9455800460948067,-0.7227753357591047
2021-09-17 00:00:00-04:00,-0.40685912122077866,0.7440436708495617,2.1695323676083396,-2.5839103372778647,0.6345302206455867,0,-1.1136173972701455,-2.0438366213668897,-0.7125584326297293
2021-09-20 00:00:00-04:00,0.669262571193587,1.0761216924143657,0.33207802156480404,-2.5680394025085604,-0.7690186534533564,0,-0.8217365603252343,-2.0014271726810944,-0.7485809115635962
2021-09-21 00:00:00-04:00,-0.6345993426256844,-1.3038619138192713,-2.379983606233637,-2.485805526443756,-0.5331506609107425,0,-0.49897017897760854,-1.9559644697354615,-1.218982543570059
2021-09-22 00:00:00-04:00,-0.8124337138935679,-0.17783437126788348,1.126027542551388,-2.3331511092712875,0.0816439312491352,1,-0.7452014809301767,-1.8583149053037,-1.2280103682340002
2021-09-23 00:00:00-04:00,1.6995088423889118,2.5119425562824795,2.689776927550363,-2.2582055177332,-0.5633088135720975,0,-0.09731638689468017,-1.7431931808699535,-1.2288789016470048
2021-09-24 00:00:00-04:00,-0.2153479913021588,-1.9148568336910705,-4.42679938997355,-2.0451245527497495,-0.4006751051739275,1,-0.052866173386976856,-1.673873900560504,-1.205677439781135
2021-09-27 00:00:00-04:00,-2.2790024727448457,-2.0636544814426867,-0.1487976477516162,-1.8337481540148937,0.9219882224901652,1,-0.7311527396730213,-1.82936732634104,-1.2051309043454375
2021-09-28 00:00:00-04:00,-2.12014470454683,0.15885776819801567,2.2225122496407024,-1.7609178797397105,0.27440646182795814,0,-1.0672657424679723,-2.1078237171254526,-1.1624328856636823
2021-09-29 00:00:00-04:00,3.9530661916947722,6.073210896241602,5.914353128043587,-1.7231214466682352,-0.00685119300446941,0,-0.0032600642748012994,-1.6189242240698725,-1.1382540235503387
2021-09-30 00:00:00-04:00,0.2995354720316003,-3.653530719663172,-9.726741615904775,-1.510510684710999,-0.25134346739687974,0,-0.3227621542893433,-1.5590411730168892,-0.9980724850313513
2021-10-01 00:00:00-04:00,-0.6318963354943828,-0.9314318075259831,2.722098912137189,-1.382191499008217,-0.8330637312399012,0,-0.4183173960488428,-1.6954237072249267,-0.9974814021836692
2021-10-04 00:00:00-04:00,-2.0645471732220364,-1.4326508377276537,-0.5012190302016706,-1.2551068600216744,1.653951967326219,1,-0.36829263806382856,-1.8837328297183091,-0.9971967160662839
2021-10-05 00:00:00-04:00,2.704008292194913,4.7685554654169495,6.201206303144604,-1.0876984352293895,-0.832436486462639,0,0.7576490609270121,-1.4687856613008081,-0.9670256670297239
2021-10-06 00:00:00-04:00,-1.333721202395005,-4.037729494589918,-8.806284960006867,-0.7280177083532638,-0.36908714848228735,0,-0.4614437380662847,-1.595811568004589,-0.9012831043983736
2021-10-07 00:00:00-04:00,2.339252072298476,3.672973274693481,7.710702769283399,-0.6283834761636446,-0.4734508629697196,0,0.00124036479318699,-0.7908116679301032,-0.8865671136957523
2021-10-08 00:00:00-04:00,0.32592732018891896,-2.013324752109557,-5.686298026803039,-0.53821349048566,0.26511805331039695,1,0.22500710913023828,-0.7367771540783747,-0.8383544596297816
2021-10-11 00:00:00-04:00,-0.11542398733298466,-0.4413513075219036,1.5719734445876536,-0.40325246913863794,-0.5912004113427579,0,0.6914758210705894,-0.6828979915697238,-0.8765092981788248
2021-10-12 00:00:00-04:00,-0.3808717420754197,-0.26544775474243504,0.17590355277946856,-0.17065665648985473,-0.3222988542337854,1,-0.026537576918875178,-0.5094335324660096,-0.8777325720406235
2021-10-13 00:00:00-04:00,1.5722984311480308,1.9531701732234505,2.2186179279658855,-0.12533614927656225,0.17738424921636864,1,0.6563776566791094,-0.37517446127334125,-0.8807851162011266
2021-10-14 00:00:00-04:00,0.1057406100582183,-1.4665578210898125,-3.419727994313263,0.060705343418148455,-0.38860627309517354,0,0.13543552445105825,-0.2415826710470945,-0.8601672636277174
2021-10-15 00:00:00-04:00,0.502775973846127,0.3970353637879087,1.8635931848777212,0.11002271397465502,0.4920007624145137,0,0.17659301204593306,-0.14438307139502046,-0.8681493358609719
2021-10-18 00:00:00-04:00,0.46240806905164356,-0.04036790479448349,-0.4374032685823922,0.15693044311058285,-0.20958227979712366,0,0.3119025330478084,-0.16645007755734334,-0.8681753996161744
2021-10-19 00:00:00-04:00,1.3934181844900357,0.9310101154383922,0.9713780202328757,0.23863649907591145,-0.7814178918953163,0,0.7309007346223744,0.05228505244220569,-0.9170929638932082
2021-10-20 00:00:00-04:00,0.5819070315623597,-0.8115111529276761,-1.7425212683660682,0.391349542537898,-0.2136330427471053,1,0.4974318993917375,0.20601847040876725,-0.900824357269411
2021-10-21 00:00:00-04:00,-1.0462822764873683,-1.6281893080497278,-0.8166781551220518,0.4718800450642244,0.007378141655792305,1,0.22456927874381102,-0.09339261148002065,-0.8980984731158104
2021-10-22 00:00:00-04:00,1.0697775921927135,2.1160598686800816,3.7442491767298094,0.5243715842252085,0.04571261795074554,0,0.3567966290557365,0.04557523011282583,-0.9012711060474893
2021-10-25 00:00:00-04:00,0.5333446203725714,-0.5364329718201422,-2.6524928405002237,0.59144005942736,0.46874807627354,0,0.3734393677221021,0.3601117523564176,-0.8928589300872917
2021-10-26 00:00:00-04:00,1.3833928778320899,0.8500482574595185,1.3864812292796607,0.6245341869959,0.8341731159717682,0,0.371107237721845,0.7625745617692565,-0.8957209025461906
2021-10-27 00:00:00-04:00,0.6963340825430779,-0.6870587952890119,-1.5371070527485304,0.610897657007161,-0.6488727993561108,0,0.3979378603413812,0.39771097143484335,-0.8931380046251504
2021-10-28 00:00:00-04:00,1.271140044271129,0.574805961728051,1.261864757017063,0.6461071935855386,-0.07588080164257947,0,0.9508915695927262,0.5069940144717223,-1.0192281060735016
2021-10-29 00:00:00-04:00,0.5565436028258732,-0.7145964414452557,-1.2894024031733067,0.8014065830590299,-0.2871786022371467,0,0.8281862504848045,0.643226024694807,-1.0631539991108558
2021-11-01 00:00:00-04:00,-2.139273620494016,-2.695817223319889,-1.9812207818746335,0.9123267888409765,-0.3863879399220137,0,0.18906226988076108,0.6344308055834104,-1.064310625076023
2021-11-02 00:00:00-04:00,3.0243560458510057,5.163629666345022,7.859446889664911,0.8687108478762781,0.5452025104267757,1,0.5678436586403868,0.6703573174183874,-1.025777918335626
2021-11-03 00:00:00-04:00,3.663598632793225,0.6392425869422191,-4.524387079402803,0.9140894308974885,-0.021257899819392707,0,1.268608517865621,1.255553757102798,-0.9595048569159355
2021-11-04 00:00:00-04:00,1.7802420739981368,-1.883356558795088,-2.522599145737307,1.0666258615154791,-0.2677155276484808,0,1.3916811412256878,1.1892454183512562,-0.8438744858068729
2021-11-05 00:00:00-04:00,-2.214045518282221,-3.994287592280358,-2.11093103348527,1.2593106578053355,-0.32596546206101357,0,0.7137557562711083,0.8835929262173136,-0.8528719888674874
2021-11-08 00:00:00-05:00,-1.6867816887430285,0.5272638295391927,4.5215514218195505,1.3175032595704046,-0.7512221304738036,0,0.8243897667502836,0.6984735083688169,-0.8070001453490626
2021-11-09 00:00:00-05:00,0.5719153800322972,2.2586970687753256,1.731433239236133,1.4234267439448047,-0.4573856848303486,1,0.252189139779948,0.8092485628037325,-0.7818290570406073
2021-11-10 00:00:00-05:00,1.0037249658491185,0.4318095858168213,-1.8268874829585044,1.3731100658055555,0.02438171376845659,1,-0.3499006611583095,0.7437948747096327,-0.8219450262546717
2021-11-11 00:00:00-05:00,-0.7632565818612972,-1.7669815477104156,-2.1987911335272368,1.1694340788157125,-0.5170556112675033,0,-0.9212552033047334,0.6428592871345862,-0.8223702424527163
2021-11-12 00:00:00-05:00,-0.8136702255688362,-0.05041364370753898,1.7165679040028765,0.820156628299681,0.026212413033450704,1,-0.6020171629359168,0.49187786775265113,-0.8379753625399623
2021-11-15 00:00:00-05:00,-0.46986600328506034,0.34380422228377583,0.3942178659913148,0.5812667008787264,-0.22668972327025458,0,-0.3221379830872978,0.38631474444358704,-0.8374232381181749
2021-11-16 00:00:00-05:00,-0.2747272428347309,0.19513876045032946,-0.14866546183344637,0.43235849443140084,0.37215170282883736,0,-0.5148408161695004,0.20089867990085236,-0.8364023468132769
2021-11-17 00:00:00-05:00,1.3425343665399534,1.6172616093746843,1.422122848924355,0.25542994924591833,0.011806370357215394,0,-0.4387010979688643,0.2847231362810436,-0.8466237900570657
2021-11-18 00:00:00-05:00,0.057434627159204235,-1.285099739380749,-2.9023613487554334,0.086165392273468,-0.8289333432772021,0,-0.250355770016091,0.40929390836938534,-0.8613332441477
2021-11-19 00:00:00-05:00,-0.24106672546933386,-0.2985013526285381,0.986598386752211,-0.0479403641739706,0.8487491998241792,1,-0.11779146106548376,0.2628276349295224,-0.8628501552140978
2021-11-22 00:00:00-05:00,-0.0997497692148998,0.14131695625443408,0.4398183088829722,-0.127781388506736,-0.6264243868915166,0,-0.031908312798242,0.19263417558202184,-0.8708516423751906
2021-11-23 00:00:00-05:00,0.583636435754473,0.6833862049693727,0.5420692487149387,-0.1758029253964669,-0.18506662413239966,0,0.16761906597912793,0.10525947844895116,-0.874181648076122
2021-11-24 00:00:00-05:00,0.015263169710174381,-0.5683732660442986,-1.2517594710136715,-0.16025860970488426,0.2456095766581729,0,-0.13859589576464318,0.030934645481537907,-0.8797283940684705
2021-11-26 00:00:00-05:00,-0.6221256771181453,-0.6373888468283196,-0.06901558078402104,-0.21545457317879146,-0.819498996505301,0,-0.29531128913303667,-0.173114022421105,-0.9017001466095953
2021-11-29 00:00:00-05:00,-2.1277364898394864,-1.5056108127213412,-0.8682219658930216,-0.28433330709513616,2.511989573080236,1,-0.7287397752798792,-0.45902405076172775,-0.8990848233176221
2021-11-30 00:00:00-05:00,-2.664541750553893,-0.5368052607144067,0.9688055520069345,-0.4280745098292186,1.4733798013873924,0,-1.3059935281611832,-0.5149783945429975,-0.8640241148607714
2021-12-01 00:00:00-05:00,0.4394604967576822,3.104002247311575,3.640807508025982,-0.717843891069967,-1.1380941355092362,0,-1.3373950829236936,-0.775130247402006,-0.8016760378641495
2021-12-02 00:00:00-05:00,-0.5017470221064954,-0.9412075188641775,-4.045209766175753,-0.9798632200340678,0.1031002973594442,0,-1.4504776233789483,-1.1813051278631588,-0.8283358845793172
2021-12-03 00:00:00-05:00,-0.9278723406525361,-0.42612531854604074,0.5150822003181368,-1.2096275388691886,-0.03211932463935835,0,-1.5174327646864145,-1.4394604004353395,-0.826285820889567
2021-12-06 00:00:00-05:00,0.3054025874836144,1.2332749281361504,1.659400246682191,-1.4137710682242206,-0.4348544776592548,0,-0.9780699572760357,-1.1961310936820913,-1.1253815968338137
2021-12-07 00:00:00-05:00,-0.495260803293092,-0.8006633907767065,-2.033938318912857,-1.509233383924472,0.06865796609157312,0,-0.4825249426462372,-1.078721638472406,-1.1254718610606118
2021-12-08 00:00:00-05:00,-0.3223069354227121,0.17295386787037992,0.9736172586470864,-1.4923850690891651,-0.3342073414118513,0,-0.654921704943079,-1.1659010557249034,-1.1271577647536994
2021-12-09 00:00:00-05:00,-0.581205685478276,-0.2588987500555639,-0.4318526179259438,-1.5064673974202198,-0.7621907614409363,0,-0.6729365479590717,-1.3183903343840246,-1.1664471020643685
2021-12-10 00:00:00-05:00,0.5104976004953762,1.0917032859736522,1.3506020360292161,-1.5007266083946056,-0.11593009042035747,1,-0.3456886787253319,-1.1956151325555542,-1.162744968361628
2021-12-13 00:00:00-05:00,1.798144579684485,1.287646979189109,0.1959436932154568,-1.4306674584518684,0.24418125490318468,0,-0.005376041453160732,-0.9405054067629328,-1.1751323427623814
2021-12-14 00:00:00-05:00,0.3420099165661182,-1.456134663118367,-2.743781642307476,-1.3131954207659169,0.03551774484162447,0,0.18990286166550835,-0.8593981765357444,-1.152468971134367
