Date,Returns,ReturnVelocity,ReturnAcceleration,SmaDiffWeekMonth,VolumeVelocity,IsBiggestVolume,WeekMomentum,MonthMomentum,SeasonVolatility
2019-10-17 00:00:00-04:00,0.7398048928137156,-1.0141980760952047,-1.1464145971709825,0.010356460972476944,-1.0285581811825362,0,1.4399333936035503,0.43108230067493764,-0.6554803259385455
2019-10-18 00:00:00-04:00,-6.220162600197389,-6.959967493011105,-5.945769416915899,0.270887672312661,5.588180453056559,0,-0.8606419657216315,-0.6098885324401684,-0.6582056513051834
2019-10-21 00:00:00-04:00,0.2505893114266773,6.470751911624066,13.43071940463517,0.14783897882182928,-1.427171449674449,0,-0.6663859467851421,-0.5858759221799947,-0.503752294410638
2019-10-22 00:00:00-04:00,0.9217255570100877,0.6711362455834105,-5.799615666040656,0.06541922392988356,-1.3817471092865896,0,-0.853995118080825,-0.4448702970500654,-0.5037745474775835
2019-10-23 00:00:00-04:00,0.5417906283954841,-0.37993492861460365,-1.051071174198014,-0.07672022055453168,-0.4722881577555555,1,-1.176198514357671,-0.3151550155703887,-0.5128933217854534
2019-10-24 00:00:00-04:00,-1.8475542665394145,-2.3893448949348985,-2.0094099663202947,-0.3094300223608364,2.1046017520188895,1,-1.8625611637144581,-0.3444572780706219,-0.5135519425312092
2019-10-25 00:00:00-04:00,0.6666650807219556,2.51421934726137,4.903564242196269,-0.6974339094133072,-1.318508443734334,0,0.04952645783218874,-0.22846444294733953,-0.5078013538770859
2019-10-28 00:00:00-04:00,0.6466597811107416,-0.020005299611214,-2.534224646872584,-0.6642554649393673,0.23288527428357453,0,0.15994951939038457,-0.22305321088202787,-0.5059695198680627
2019-10-29 00:00:00-04:00,-0.04646390082970413,-0.6931236819404457,-0.6731183823292317,-0.6079113605843076,-1.3225883239694902,0,-0.1092426169115228,-0.29301836048505747,-0.5057264458519704
2019-10-30 00:00:00-04:00,2.881043906154873,2.9275078069845772,3.620631488925023,-0.6015090672796835,3.0102974844959443,1,0.537350107457216,-0.1155353061724228,-0.5076800845080411
2019-10-31 00:00:00-04:00,-0.6022236055847962,-3.483267511739669,-6.410775318724246,-0.47438634763803567,-0.6958740859604995,0,0.8981550550860742,-0.11396497660459799,-0.47552132749013565
2019-11-01 00:00:00-04:00,-0.6361815604400759,-0.03395795485527975,3.4493095568843892,-0.2728766792224944,-0.9103741659988935,0,0.5254441596248389,-0.45222405600636334,-0.4747304761847222
2019-11-04 00:00:00-05:00,-0.7393230565236519,-0.10314149608357603,-0.06918354122829629,-0.11152966825118411,0.16163646029425657,0,0.13400384677621152,-0.5011394170087489,-0.4778181307346088
2019-11-05 00:00:00-05:00,0.14588901889150782,0.8852120754151598,0.9883535714987358,-0.028527993693575174,-0.0847161973852527,0,0.18795311396850806,-0.348447900555617,-0.47585065094113815
2019-11-06 00:00:00-05:00,0.4140636280035966,0.2681746091120888,-0.617037466303071,0.04853737446848875,-0.49484275839640024,0,-0.485566439617316,-0.019001506543068748,-0.4757936344769199
2019-11-07 00:00:00-05:00,0.3588808255487789,-0.05518280245481766,-0.32335741156690645,-0.05926027661994468,0.07783867550317876,1,-0.2204888673792643,0.047578893033170644,-0.4802816731198276
2019-11-08 00:00:00-05:00,1.1945600668949654,0.8356792413461864,0.8908620438010041,-0.11525471914994481,-0.5480772846115654,0,0.2894956580161979,-0.029186444699757577,-0.502753551144719
2019-11-11 00:00:00-05:00,-0.7669143144310046,-1.9614743813259699,-2.7971536226721563,-0.05087722018568494,-0.4871620007368908,1,0.28165989348924947,-0.0710123093668741,-0.4975161253679653
2019-11-12 00:00:00-05:00,-0.47735463716299215,0.2895596772680124,2.2510340585939823,0.015944478688978064,0.4057048819946896,1,0.10627543258870785,-0.3545067596789151,-0.4962732666118645
2019-11-13 00:00:00-05:00,-0.06089844904593373,0.4164561881170584,0.12689651084904602,0.07659624018146943,0.2103787363623063,0,-0.026195181399310243,-0.5942389650945086,-0.49702711788860515
2019-11-14 00:00:00-05:00,-0.2361557737243478,-0.17525732467841407,-0.5917135127954725,0.1364326471853906,-0.9224387305018207,0,-0.19146133686523462,-0.7221299674285188,-0.5035006118024788
2019-11-15 00:00:00-05:00,3.0390964770066256,3.2752522507309734,3.4505095754093875,0.1751986189665398,3.985230851845559,1,0.31359925886381423,0.5686363154114257,-0.5051603770001718
2019-11-18 00:00:00-05:00,-0.0815123141037024,-3.1206087911103277,-6.395861041841301,0.1812521331828283,-0.45505814724045385,0,0.50847023812842,0.5210526946835998,-0.46901098312634165
2019-11-19 00:00:00-05:00,-0.007423640545825046,0.07408867355787735,3.194697464668205,0.2346858545546933,-1.3595381898153327,0,0.6426107109739709,0.38924731856122385,-0.5003079843060696
2019-11-20 00:00:00-05:00,0.8307470524146684,0.8381706929604934,0.7640820194026161,0.3308433468563527,1.1439623516889694,0,0.8972645813444138,0.4300136062848321,-0.5022399644814659
2019-11-21 00:00:00-05:00,0.367791705268826,-0.4629553471458424,-1.3011260401063358,0.4779896740464698,-0.5640256714394816,0,1.0715965524037305,0.7510854562224876,-0.5073784410465594
2019-11-22 00:00:00-05:00,1.1946510124911671,0.8268593072223411,1.2898146543681834,0.6290936042215235,1.0742897195675716,0,0.5529923716039774,0.8273796887868754,-0.5099191182049335
2019-11-25 00:00:00-05:00,0.04377122046829736,-1.1508797920228697,-1.9777390992452109,0.6616883635563453,-1.0743390356759768,0,0.5886683503957097,0.7397876586402371,-0.5060958238836067
2019-11-26 00:00:00-05:00,-0.007264563635484464,-0.051035784103781824,1.0998440079190879,0.7111777229941526,1.912959265190495,0,0.5887136726332883,0.7454879645631199,-0.5060705757244748
2019-11-27 00:00:00-05:00,0.42280270024720834,0.4300672638826928,0.48110304798647463,0.7600839857839936,-1.4690665338730153,0,0.4734531498861294,0.3980502006001355,-0.5061099000646417
2019-11-29 00:00:00-05:00,-0.18871667678849266,-0.611519377035701,-1.0415866409183938,0.8205370334314406,-1.2629082431103997,1,0.3161311932679965,0.45709626925198044,-0.5057646818978617
2019-12-02 00:00:00-05:00,-0.09455500238379472,0.09416167440469794,0.7056810514403989,0.8392539944628022,1.077396684585134,1,-0.0433382960962877,0.5347852662224547,-0.5058420899439822
2019-12-03 00:00:00-05:00,-0.14559426136512119,-0.05103925898132647,-0.1452009333860244,0.767719952703105,0.46395470371657394,0,-0.09606609388116176,0.6205008132549198,-0.5063496455700914
2019-12-04 00:00:00-05:00,1.6185557727582296,1.7641500341233507,1.8151892931046771,0.6750470145834979,0.5938119483638252,0,0.3560085507350483,0.8324882270654244,-0.5111344401164267
2019-12-05 00:00:00-05:00,0.1291003390287164,-1.4894554337295132,-3.253605467852864,0.6631217318344605,-0.8185174979103953,0,0.27336942453914026,0.7909762914313063,-0.517001642057935
2019-12-06 00:00:00-05:00,0.5875799826261626,0.4584796435974462,1.9479350773269593,0.6366177578221051,0.4533677749020005,0,0.4924917711314988,0.8242156885430927,-0.5220597251228254
2019-12-09 00:00:00-05:00,0.0854498401212876,-0.502130142504875,-0.9606097861023212,0.6566108619126259,-1.1383085342702766,0,0.543647978907907,0.6639832371791949,-0.5231879706148077
2019-12-10 00:00:00-05:00,-0.36295896180372966,-0.44840880192501725,0.053721340579857724,0.7051948277158854,0.5608633111272467,1,0.4817314095747019,0.7228436879369305,-0.5232414024659436
2019-12-11 00:00:00-05:00,0.7071642398390865,1.0701232016428162,1.5185320035678334,0.7333486366677582,0.5516276709489134,0,0.2271828400011907,0.8956386646641212,-0.5270289933839859
2019-12-12 00:00:00-05:00,0.2553654278917022,-0.4517988119473843,-1.5219220135902005,0.6848895290701953,-0.8137433369690916,0,0.2626518456176496,0.9421291032778347,-0.5258028630547247
2019-12-13 00:00:00-05:00,0.028321397182612982,-0.2270440307090892,0.2247547812382951,0.6397224409667178,-0.5548058918634553,0,0.10606991306017541,0.981198498850414,-0.5264573559318428
2019-12-16 00:00:00-05:00,0.28998723175530045,0.26166583457268744,0.4887098652817766,0.5539049343373781,0.5755121054556792,0,0.16330386542121605,0.5869578152188593,-0.5269945937621117
2019-12-17 00:00:00-05:00,1.2483355565254564,0.9583483247701559,0.6966824901974684,0.5232128649729263,2.6406718878722253,0,0.6171333505190209,0.7783759706728219,-0.5312332750791912
2019-12-18 00:00:00-05:00,-0.25773523352549044,-1.5060707900509467,-2.4644191148211023,0.5773952451696749,-0.8796904478774422,0,0.34390398504707775,0.7418936662500643,-0.5264085987269463
2019-12-19 00:00:00-05:00,1.5084858097290457,1.7662210432545362,3.272291833305483,0.5720325214818323,0.4149321815230946,0,0.696932429288452,0.8396061068986996,-0.5260750400873243
2019-12-20 00:00:00-05:00,0.4884673757537533,-1.0200184339752925,-2.7862394772298287,0.6387862496286455,1.3682401221001061,0,0.8284827479868986,0.8572021590408898,-0.5203739463037947
2019-12-23 00:00:00-05:00,0.260175344524952,-0.22829203122880132,0.7917264027464912,0.7344507825101796,-1.657263551944196,0,0.8199430130692444,0.7218945615155565,-0.5338335101025076
2019-12-24 00:00:00-05:00,-0.3482819825869294,-0.6084573271118814,-0.38016529588308007,0.843230625328267,-1.1171598226438593,1,0.36704920479545194,0.6650043436310551,-0.5345664511706113
2019-12-26 00:00:00-05:00,-0.06849620610374245,0.2797857764831869,0.8882431035950683,0.8517864039151013,-0.9344040584193201,1,0.42067969420194323,0.6561494195730111,-0.5338000302515902
2019-12-27 00:00:00-05:00,-0.054887311747307675,0.013608894356434774,-0.26617688212675217,0.8740590284758247,0.24174342550868758,1,-0.015498316172258633,0.5874069424967119,-0.5337372685505991
2019-12-30 00:00:00-05:00,-0.3087226668549682,-0.25383535510766053,-0.2674442494640953,0.7990373919964681,-0.5485183708411823,0,-0.2367101372658552,0.5701142004390958,-0.5408343982814003
2019-12-31 00:00:00-05:00,0.39226968768496157,0.7009923545399297,0.9548277096475902,0.6718554309123744,1.2948200570540125,1,-0.20026333874067248,0.640114764132515,-0.542434436514625
2020-01-02 00:00:00-05:00,0.0685817392687016,-0.32368794841626,-1.0246803029561897,0.5453750493611464,0.7006239916223147,0,-0.08438967187956808,0.671077033697545,-0.5540176073319455
2020-01-03 00:00:00-05:00,-1.1577991109056673,-1.226380850174369,-0.9026929017581089,0.4439823397875122,-0.1492873335689634,0,-0.3875934666418152,0.2758363084808199,-0.555168923302694
2020-01-06 00:00:00-05:00,-0.12474491375956696,1.0330541971461005,2.259435047320469,0.31386753497464565,0.8153481754001102,0,-0.40682352000689603,0.24016345515492463,-0.5534905149352606
2020-01-07 00:00:00-05:00,0.6106722004673412,0.7354171142269081,-0.29763708291919233,0.1832857624341199,-0.26230916361337453,0,-0.15327000726730614,0.2433856217419612,-0.5721974116759919
2020-01-08 00:00:00-05:00,-0.013770538504237874,-0.6244427389715791,-1.3598598531984871,0.11435932496085596,-0.4290311564494321,0,-0.26549262513118044,0.22946827879364093,-0.5719788913989228
2020-01-09 00:00:00-05:00,0.29663262231550075,0.3104031608197386,0.9348458997913177,0.019412358955108733,-0.34424750388655967,0,-0.20251510734570033,0.32231144111483007,-0.5816560647040109
2020-01-10 00:00:00-05:00,-0.22697019138632066,-0.5236028137018214,-0.83400597452156,-0.0710816906809774,-0.6223758719003664,0,0.0583209300228237,0.19136002963963286,-0.5833409503639572
2020-01-13 00:00:00-05:00,0.44116395018761667,0.6681341415739374,1.1917369552757586,-0.08233364147235094,-0.3843378052526547,1,0.21673708994066157,0.21728084125783798,-0.5910749239861066
2020-01-14 00:00:00-05:00,0.5628013356079696,0.12163738542035296,-0.5464967561535844,-0.05842206905837889,1.3364642069659711,1,0.20335906673026272,0.29215406023660684,-0.6010988902612494
2020-01-15 00:00:00-05:00,0.3344203899583882,-0.22838094564958145,-0.3500183310699344,-0.04646549819652889,-0.9550264230736681,0,0.3012258457453722,0.2983954609450689,-0.6018288366544307
2020-01-16 00:00:00-05:00,0.8094844609286094,0.4750640709702212,0.7034450166198026,-0.011535998305238273,0.7088590689483267,0,0.4454285330566929,0.23730771176042526,-0.7682836967896568
2020-01-17 00:00:00-05:00,0.6544948089610492,-0.1549896519675602,-0.6300537229377814,0.0658280291155402,0.9777766106634166,0,0.6958518380427414,0.3656481376207648,-0.7670359321050715
2020-01-21 00:00:00-05:00,0.06706455911783517,-0.587430249843214,-0.4324405978756538,0.188437021635331,0.0028623844056715267,0,0.5893448488381579,0.1645625939352217,-0.7681854427794448
2020-01-22 00:00:00-05:00,-0.6833242579943423,-0.7503888171121774,-0.1629585672689634,0.30987746689458956,0.0834768104919998,0,0.23631882612604535,0.0017772656566045792,-0.7683928921859204
2020-01-23 00:00:00-05:00,0.18886249712998088,0.8721867551243232,1.6225755722365007,0.3653231414270538,-0.576506080681584,0,0.1955007160636662,-0.008036289303318046,-0.7827304080489329
2020-01-24 00:00:00-05:00,-0.14138830948863265,-0.3302508066186135,-1.2024375617429368,0.41209465256962236,-0.016121839048654465,0,-0.0695064363559844,0.0205883779538993,-0.7833718069257305
2020-01-27 00:00:00-05:00,0.2899467088374511,0.4313350183260838,0.7615858249446973,0.3897051144337277,-0.5857056762537984,0,-0.1703022219850066,0.07014438870995172,-0.7833799970092055
2020-01-28 00:00:00-05:00,0.5041791234854657,0.21423241464801457,-0.21710260367806922,0.3357875552545622,-0.2289415783136885,1,-0.04917296517343624,0.14770399500506964,-0.7837226386407511
2020-01-29 00:00:00-05:00,0.6956607590668897,0.19148163558142406,-0.02275077906659051,0.3026143091191163,-0.533143733145782,1,0.3375280115866678,0.28817887647098933,-0.8118474133566844
2020-01-30 00:00:00-05:00,-0.11960201287997733,-0.815262771946867,-1.006744407528291,0.34856507127090836,-0.057331868664829935,1,0.2505894929629335,0.2163712222451932,-0.8136843347996243
2020-01-31 00:00:00-05:00,-0.9909504926538488,-0.8713484797738715,-0.056085707827004505,0.3817373365877707,0.7961412406584898,0,0.011094220872758322,0.06801481331876491,-0.8162539162017313
2020-02-03 00:00:00-05:00,0.8732925930934491,1.8642430857472978,2.7355915655211693,0.3735320044808635,-1.0615861037647372,0,0.1734416444763075,0.3528896937628479,-0.8140054884600371
2020-02-04 00:00:00-05:00,0.9522196318963712,0.07892703880292207,-1.7853160469443758,0.37107014983595143,0.23541792106134907,1,0.2985910007912404,0.5054509742515232,-0.8124353590690234
2020-02-05 00:00:00-05:00,1.5765191950376907,0.6242995631413195,0.5453725243383974,0.3816196383577354,-0.37524516935430546,0,0.5452645444919112,0.6427359695724472,-0.8105637631863408
2020-02-06 00:00:00-05:00,-0.29871248366492514,-1.8752316787026158,-2.4995312418439353,0.4377667943412056,-0.03499066638741245,0,0.4942551119004376,0.6015902880307222,-0.8036689956475915
2020-02-07 00:00:00-05:00,-1.0681969641842277,-0.7694844805193026,1.1057471981833131,0.48594617247871874,-0.3612211915112076,0,0.47210203559177155,0.40567843214830734,-0.805870470178836
2020-02-10 00:00:00-05:00,-0.01974364550989617,1.0484533186743314,1.817937799193634,0.5513563753296784,-0.5576516303397554,1,0.2209225292537621,0.4351735707884899,-0.8030215331816062
2020-02-11 00:00:00-05:00,0.08560207860536494,0.10534572411526111,-0.9431075945590703,0.5508863670644013,-0.7791893338022646,1,-0.020479532624325895,0.38479767910673246,-0.8048757993186498
2020-02-12 00:00:00-05:00,-0.5921508549473185,-0.6777529335526834,-0.7830986576679445,0.49544206567795995,0.9446107210621227,1,-0.6157101403152629,0.22194091057213608,-0.8051660513425266
2020-02-13 00:00:00-05:00,-0.6618572474620185,-0.06970639251470001,0.6080465410379834,0.3058980897371008,0.03051245245900697,0,-0.7150884190567921,0.08275575493135445,-0.8032369256029832
2020-02-14 00:00:00-05:00,0.026648003401132617,0.6885052508631511,0.7582116433778511,0.10849971857854622,-0.01816406689102908,0,-0.414242293830682,-0.02501432936056933,-0.8322023561794307
2020-02-18 00:00:00-05:00,-0.659423684789281,-0.6860716881904136,-1.3745769390535647,0.003353416285377305,0.5962962610975032,0,-0.5900978378229574,-0.20476815701829387,-0.8323941414714773
2020-02-19 00:00:00-05:00,-0.1340999543425057,0.5253237304467753,1.211395418637189,-0.12383089876332298,-0.5647948530637993,0,-0.6500469022627277,-0.2320891580558117,-0.8296472788237259
2020-02-20 00:00:00-05:00,-0.3827053711335364,-0.2486054167910307,-0.773929147237806,-0.26297080385528965,0.4737417030787717,0,-0.5926331570215009,-0.19103505721885744,-0.831011280160495
2020-02-21 00:00:00-05:00,1.0514327943039006,1.434138165437437,1.6827435822284678,-0.3919121573146986,-0.021687921774620596,0,-0.12166182192648317,-0.07390992917506813,-0.8299980548291681
2020-02-24 00:00:00-05:00,-2.0607046352376552,-3.112137429541556,-4.546275594978993,-0.4158245143835346,0.8640637737689109,0,-0.7013389569176078,-0.3376396584199471,-0.8311237130817936
2020-02-25 00:00:00-05:00,-0.8635385295319646,1.1971661057056906,4.309303535247246,-0.5527228566844807,-0.15316115584140713,0,-0.7572239544242055,-0.49242297461974366,-0.8116789067035076
2020-02-26 00:00:00-05:00,-0.6705735558216963,0.19296497371026833,-1.0042011319954223,-0.6827527226079964,-0.2519775621213061,0,-0.9030332440431137,-0.6479149005606468,-0.8079095660594232
2020-02-27 00:00:00-05:00,-3.1737204718713867,-2.5031469160496904,-2.6961118897599587,-0.8289419670242129,0.5410816472934082,0,-1.6594170265535992,-1.1531227516291356,-0.8059969016959675
2020-02-28 00:00:00-05:00,-3.335245775743417,-0.16152530387203035,2.34162161217766,-1.097593081172676,1.4612478630291919,0,-2.798529492194331,-1.5601368767498949,-0.7639730669677762
2020-03-02 00:00:00-05:00,4.119587554674935,7.454833330418353,7.616358634290384,-1.605710169777045,-1.2990650890646742,0,-1.214544817420737,-0.9285960424007087,-0.7188269137976162
2020-03-03 00:00:00-05:00,-3.163867706840171,-7.2834552615151065,-14.73828859193346,-1.7903655497333857,0.3810020061798967,0,-1.8337448652151769,-1.4435483952454478,-0.650751725646258
2020-03-04 00:00:00-05:00,5.819023348107293,8.982891054947464,16.26634631646257,-2.057106617772094,-0.7663576861280252,0,-0.1307308492093104,-0.8480831114328106,-0.6204344521906509
2020-03-05 00:00:00-05:00,-1.024539483398084,-6.843562831505377,-15.82645388645284,-1.9820869429299013,0.06674270398046878,1,0.48564270211774174,-1.1796210158146552,-0.4843142303337253
2020-03-06 00:00:00-05:00,0.014074842565508908,1.038614325963593,7.88217715746897,-1.7159035683378445,0.08232223471604129,0,1.4691715611897538,-1.1400425504784606,-0.4807830533843768
2020-03-09 00:00:00-04:00,-3.935764995851901,-3.94983983841741,-4.988454164381003,-1.235458216351499,0.2267467535278844,0,-0.8030130809630515,-1.5068589388854736,-0.4807897718871269
2020-03-10 00:00:00-04:00,3.8112159050385506,7.746980900890452,11.696820739307862,-1.2334824553966415,-0.36759806466308015,0,1.1487755283926275,-1.0360008347722272,-0.41841428168078754
2020-03-11 00:00:00-04:00,-6.947218370163616,-10.758434275202166,-18.50541517609262,-0.8387888951945328,0.967379504586166,0,-2.3557316447457555,-1.9325718293881138,-0.36175531682051765
2020-03-12 00:00:00-04:00,-4.848246815158237,2.0989715550053782,12.857405830207544,-1.1631163724063323,0.4512539501087764,0,-3.3425798662388218,-2.4404683631869033,-0.1684768853984138
2020-03-13 00:00:00-04:00,7.080763097759602,11.92900991291784,9.83003835791246,-1.654771107657516,-0.32459515576698006,0,-1.6074286674731844,-1.5554494319524905,-0.07852943189551496
2020-03-16 00:00:00-04:00,-5.3317429030577905,-12.412506000817393,-24.341515913735233,-1.8448272670627484,-0.30385192981888703,0,-1.9895045858277465,-2.211133651447909,0.13034030135691868
2020-03-17 00:00:00-04:00,7.441217199607428,12.77296010266522,25.18546610348261,-2.0240349844419137,-0.13251902503289575,0,-1.0834841279501233,-1.266513025392682,0.23304009562053385
2020-03-18 00:00:00-04:00,-1.1933538577511391,-8.634571057358567,-21.407531160023787,-2.125428772915987,-0.3411718719233137,0,0.5746987072891889,-1.399402877207714,0.463318626141607
2020-03-19 00:00:00-04:00,-5.860983638067311,-4.667629780316172,3.9669412770423946,-1.8225325740838896,0.014456216958400374,1,0.27163163857356876,-2.0810933858210428,0.45851120496275694
2020-03-20 00:00:00-04:00,-5.635599232083296,0.22538440598401532,4.893014186300188,-1.5047298944178227,0.05774651529248254,0,-3.073885352316293,-2.8562754980536997,0.5894770683090875
2020-03-23 00:00:00-04:00,-7.29835617460554,-1.6627569425222442,-1.8881413485062595,-1.8410533713985295,0.006714295138684326,0,-3.5896162090607375,-3.441278577398194,0.7062854471343001
2020-03-24 00:00:00-04:00,7.234137736529387,14.532493911134928,16.19525085365717,-2.1853991597384335,-0.5646859759980931,0,-3.636471398340264,-2.5955403076388532,0.9018377178191282
2020-03-25 00:00:00-04:00,0.18458566347242242,-7.049552073056965,-21.582045984191893,-2.7064596207816414,-0.7068269264456821,0,-3.29809681902256,-2.4991179622714057,1.1339160955544643
2020-03-26 00:00:00-04:00,6.0050241196039895,5.820438456131567,12.869990529188533,-3.154262643731859,0.07652706025736158,1,-0.19708479252699387,-1.4282851856435161,1.1345864262398535
2020-03-27 00:00:00-04:00,-2.6941639312386645,-8.699188050842654,-14.519626506974221,-3.0288645954876605,-0.6767868243365655,0,0.6664431307281478,-1.3462670021541494,1.2916944470657115
2020-03-30 00:00:00-04:00,7.997729014906208,10.691892946144872,19.391080996987526,-2.7410245504053985,2.058755815065309,1,5.380000880008206,-0.8825780328484669,1.315461022988405
2020-03-31 00:00:00-04:00,-1.4134134034019477,-9.411142418308156,-20.103035364453028,-1.6263531642610751,-0.902436180053656,0,2.6962435917287553,-0.6491617847490659,1.5844960247971165
2020-04-01 00:00:00-04:00,-1.7692372755942318,-0.3558238721922842,9.055318546115872,-1.0098574857211857,-0.6898275608942377,0,2.0995488293673104,-1.5918685549275482,1.586958698765794
2020-04-02 00:00:00-04:00,3.3692935152002,5.138530790794432,5.494354662986716,-0.3927713543939562,-0.35975923334422394,0,1.3536342291881989,-1.0501198039918413,1.5980847552071415
2020-04-03 00:00:00-04:00,0.7660435602898225,-2.603249954910378,-7.74178074570481,0.02223672414852,-0.5013903875623625,1,2.393896602453282,-0.9542935364254285,1.6447860342079155
2020-04-06 00:00:00-04:00,4.166343396476161,3.4002998361863384,6.003549791096717,0.6344852620575868,1.2164861767302166,1,1.3191744604512254,0.1287235935630587,1.6476160691017407
2020-04-07 00:00:00-04:00,-1.6313570741120222,-5.7977004705881825,-9.19800030677452,0.9138304373870518,-0.7705876135648151,0,1.2545801625525603,-0.6012794644720042,1.7185539214190158
2020-04-08 00:00:00-04:00,4.204253221248954,5.835610295360976,11.633310765949158,1.2625401818510937,-0.33118680155899555,0,3.027492498182475,0.979895467987632,1.7289674691366326
2020-04-09 00:00:00-04:00,-1.4170134942390409,-5.6212667154879945,-11.45687701084897,1.8091984386172417,-0.042954356216388934,0,1.5954578218893658,1.5126984413986153,1.799504661159891
2020-04-13 00:00:00-04:00,-1.0337503633809493,0.3832631308580916,6.004529846346086,2.003843259684115,-0.8774525823923748,0,1.0686362774644704,0.3526679965739857,1.8066934346792176
2020-04-14 00:00:00-04:00,4.4787638356738055,5.512514199054754,5.1292510681966625,2.2034443532177774,1.793731703684454,1,1.1555202917157799,1.8188270080273472,1.8104948566400605
2020-04-15 00:00:00-04:00,1.1162048465857441,-3.362558989088061,-8.875073188142816,2.276348598538802,-0.5129287091967455,0,1.96707775095162,0.8996310259034711,1.8886364094049461
2020-04-16 00:00:00-04:00,1.3612416628509048,0.2450368162651606,3.6075958053532218,2.626120765692628,-0.0866924070689189,0,1.1522126356131732,1.2795609393237997,1.891768254778658
2020-04-17 00:00:00-04:00,1.570153910080427,0.20891224722952217,-0.03612456903563843,2.755058588205135,-0.42436864552302417,0,2.032524618390912,2.4695388731738652,1.8986004236695686
2020-04-20 00:00:00-04:00,-0.23025507996851904,-1.800408990048946,-2.009321237278468,2.9696430587497247,0.1938157476293337,0,2.275543143803694,3.4012148180787642,1.9050199217785782
2020-04-21 00:00:00-04:00,-1.3120622388919618,-1.0818071589234428,0.7186018311255031,3.1562661569485413,-0.6529050442336594,0,0.6030382116098196,4.511695470537361,1.9054521290774644
2020-04-22 00:00:00-04:00,2.211399849266418,3.52346208815838,4.605269247081823,2.873853569580634,0.29796903319777107,1,0.9117559984349439,3.654214514161517,1.9132232479521019
2020-04-23 00:00:00-04:00,1.6471516842752034,-0.5642481649912148,-4.087710253149595,2.726514609620698,-0.3420829053099661,0,0.9930253867618728,3.9089549443920033,1.9311216075832767
2020-04-24 00:00:00-04:00,-0.41797874252652745,-2.0651304268017308,-1.500882261810516,2.5761071587218756,-0.6599208698472251,0,0.4274739968225516,2.8362277797126545,1.9399132731359978
2020-04-27 00:00:00-04:00,-0.36809465487475224,0.04988408765177521,2.115014514453506,2.3763871899758824,-0.0508791428651729,1,0.38833743082054917,3.233799840024484,1.9397931212926747
2020-04-28 00:00:00-04:00,-1.8795517657838914,-1.5114571109091393,-1.5613411985609145,2.1327839265705237,-0.250872691758849,0,0.22566985142526946,1.6763487264548143,1.9405131248671534
2020-04-29 00:00:00-04:00,-0.7595988948772466,1.1199528709066446,2.631409981815784,1.9966503285192272,0.09761843366197219,1,-0.5918641207915148,1.778954847792896,1.9515879849266207
2020-04-30 00:00:00-04:00,-0.1331489834191331,0.6264499114581136,-0.49350295944853106,1.6414525672063536,1.5164061008043914,0,-1.070152679928009,2.038352743651794,1.9519424800561855
2020-05-01 00:00:00-04:00,-1.1663686492307073,-1.0332196658115742,-1.6596695772696877,1.1328971507769554,-1.5421448467292065,0,-1.2717872429381387,1.3436000824604055,1.9488810112338077
2020-05-04 00:00:00-04:00,-0.013467566433172781,1.1529010827975346,2.1861207486091088,0.644277264387231,-0.1794052944596478,1,-1.1770075538201876,1.2264878164360768,1.9449748703732082
2020-05-05 00:00:00-04:00,0.8295500935342488,0.8430176599674216,-0.30988342283011294,0.1938810551837622,-0.38224985337259687,1,-0.43918709844994164,0.745290209570882,1.9445945848764419
2020-05-06 00:00:00-04:00,-0.9498261885034703,-1.779376282037719,-2.6223939420051408,-0.01020296776822881,-0.29395605671085145,1,-0.49182487119711793,0.8460322736894157,1.9423498248446487
2020-05-07 00:00:00-04:00,-0.3308780716832491,0.6189481168202212,2.39832439885794,-0.23717409812359302,-0.41533897380744,1,-0.5460910354903725,0.20881878005580046,1.9462616887301278
2020-05-08 00:00:00-04:00,0.7520594599052597,1.0829375315885088,0.4639894147682876,-0.40386068546415993,-0.5643093769513942,1,-0.015133278047842494,0.5169444778263101,1.9467548539153567
2020-05-11 00:00:00-04:00,0.27573202564239624,-0.47632743426286345,-1.5592649658513722,-0.4726350960569689,0.5534098063669871,1,0.06552046779014169,0.7063184297913204,1.9472830697902683
2020-05-12 00:00:00-04:00,-1.3211724945871182,-1.5969045202295145,-1.120577085966651,-0.5431794918657861,0.4043260108383189,0,-0.5309916552427701,-0.09871074900445928,1.9454354898060102
2020-05-13 00:00:00-04:00,-0.0068146642986744175,1.3143578302884438,2.9112623505179585,-0.6676339926325316,-0.1645249220766477,0,-0.2704239329004845,-0.25082815712968026,1.9530087577065034
2020-05-14 00:00:00-04:00,0.3466561000148961,0.35347076431357055,-0.9608870659748732,-0.7062099798540293,-0.1768710225782957,0,-0.08260274125957084,-0.3864028954732183,1.9510316546213868
2020-05-15 00:00:00-04:00,1.896485427825947,1.549829327811051,1.1963585634974805,-0.6799044254411424,1.2608212863204036,0,0.23337032454479187,-0.3433218819548697,1.95124810331632
2020-05-18 00:00:00-04:00,0.05318880833194061,-1.8432966194940066,-3.393125947305058,-0.5791604292787179,-0.9282164571489878,0,0.17093360364748425,-0.3051050809467719,1.9638513933392612
2020-05-19 00:00:00-04:00,-0.9965390416167872,-1.0497278499487277,0.7935687695452789,-0.4990610949919223,-0.617754962884293,0,0.2632812751093387,-0.2619744919567949,1.96007045032793
2020-05-20 00:00:00-04:00,-0.8992344355481144,0.09730460606867275,1.1470324560174006,-0.40256404329661183,-0.3161343857901712,1,0.011929570392891404,-0.6738387355147397,1.9461739399091507
2020-05-21 00:00:00-04:00,-0.6567926695947782,0.24244176595333622,0.14513715988466347,-0.31397062391188324,0.2376838710502369,1,-0.2671846483684201,-0.9712510296260749,1.9464555681535471
2020-05-22 00:00:00-04:00,-0.912860418010028,-0.2560677484152498,-0.49850951436858604,-0.25404339310711305,-0.28538993863554546,0,-1.0290372155183622,-1.0349812682451751,1.9463711434073276
2020-05-26 00:00:00-04:00,0.13161494951824307,1.0444753675282712,1.300543115943521,-0.381302250368169,0.2826044373985166,0,-1.0079745693300364,-0.9709811577301103,1.9069297671973169
2020-05-27 00:00:00-04:00,0.22826986702954669,0.09665491751130362,-0.9478204500169676,-0.512290179884169,0.20624795476846491,0,-0.6752834058028431,-0.6954894178514405,1.8574972434392756
2020-05-28 00:00:00-04:00,1.435570302733547,1.2073004357040003,1.1106455181926966,-0.5949490583468076,-0.750816800231114,0,-0.03387193927176086,-0.4057254050942732,1.7939578000462617
2020-05-29 00:00:00-04:00,1.2111319959261126,-0.22443830680743426,-1.4317387425114345,-0.5538198041884081,0.8981774311015351,0,0.4900874273820202,-0.22549194505012085,1.755747923205026
2020-06-01 00:00:00-04:00,-1.0487495051287865,-2.259881501054899,-2.0354431942474647,-0.40585037404290797,-0.906869682389748,0,0.4511529971604867,-0.20934289758639996,1.6307094080332407
2020-06-02 00:00:00-04:00,0.7201785181953093,1.7689280233240958,4.028809524378994,-0.270921907785325,-0.16612961444519614,1,0.6177981496264706,-0.10965664274160689,1.6309367546718276
2020-06-03 00:00:00-04:00,0.2698081945675661,-0.4503703236277432,-2.219298346951839,-0.10748261461142146,-0.01846826544467723,1,0.629616981871473,-0.185630670365402,1.6322957507025426
2020-06-04 00:00:00-04:00,-1.2916189469144534,-1.5614271414820196,-1.1110568178542763,0.06904119079550355,0.6624869369544262,0,-0.13742784806631586,-0.2325935947651386,1.5641113082186024
2020-06-05 00:00:00-04:00,0.38848288973555206,1.6801018366500056,3.241528978132025,0.061565195387375864,0.38961502068261566,0,-0.3630833087973183,-0.13470489990764822,1.5188052384997643
2020-06-08 00:00:00-04:00,-0.3598370463764434,-0.7483199361119954,-2.428421772762001,-0.015952624387312455,-0.755449378942732,0,-0.17136752896775065,-0.2854627713164206,1.3133387561074468
2020-06-09 00:00:00-04:00,-0.5518764169484389,-0.1920393705719955,0.5562805655399999,-0.02514230602474956,0.11603851010803756,0,-0.5215687298922386,-0.39696386612447315,1.2085751047224411
2020-06-10 00:00:00-04:00,1.2606284202126414,1.8125048371610804,2.0045442077330757,-0.10872570408430937,0.4972209957256268,0,-0.25102776410208577,-0.046414180299650255,1.0225911741714397
2020-06-11 00:00:00-04:00,-4.68878371292362,-5.949412133136261,-7.761916970297341,-0.16898405924290633,0.3478222519967543,0,-1.2025991479026645,-0.690176547408985,0.9009108151108901
2020-06-12 00:00:00-04:00,0.9086391467333409,5.597422859656961,11.546834992793222,-0.38508879859211514,-0.887498462556379,0,-1.064268404856156,-0.6167824104186754,0.7853305789377792
2020-06-15 00:00:00-04:00,-0.6331280064518693,-1.5417671531852102,-7.139190012842171,-0.5766473759037523,-0.14954454579061094,0,-1.1378728544227557,-0.9439433579427158,0.780946711445291
2020-06-16 00:00:00-04:00,2.272577409262455,2.9057054157143245,4.447472568899535,-0.7420628223599453,-0.4802893256681326,0,-0.377794599683481,-0.6588734775852724,0.6360964684630703
2020-06-17 00:00:00-04:00,-0.30457430759158577,-2.5771517168540408,-5.482857132568365,-0.7536582558193081,-1.0434435800307902,1,-0.8032098037673033,-0.5670590845478247,0.5101759780549561
2020-06-18 00:00:00-04:00,-0.4235764437374899,-0.11900213614590416,2.4581495807081364,-0.8860540523302527,-0.30188438433103215,1,0.40937960960431224,-0.503566964757164,0.2717898260380225
2020-06-19 00:00:00-04:00,0.2928707342991208,0.7164471780366107,0.8354493141825149,-0.7267241928580284,4.140387696389124,1,0.23662914944842825,-0.37650572807021265,0.0858133913445641
2020-06-22 00:00:00-04:00,-0.3059199131428104,-0.5987906474419312,-1.315237825478542,-0.6246872816386707,-1.7079568089426762,0,0.3292810403380712,-0.29431132075564764,0.0857232182388269
2020-06-23 00:00:00-04:00,-0.36960321093653276,-0.06368329779372234,0.5351073496482088,-0.5113668372695437,0.19578656254360735,0,-0.4000134324223562,-0.3618917731277592,-0.04501396466466337
2020-06-24 00:00:00-04:00,-2.127958405374435,-1.7583551944379021,-1.6946718966441798,-0.5671956195407669,0.9334498288424564,0,-0.9029754738221881,-0.6776926164135635,-0.0786637178491806
2020-06-25 00:00:00-04:00,-0.10729156245877206,2.020666842915663,3.779022037353565,-0.7065309036945951,-0.4039737991514218,0,-0.8172247876852646,-0.8772148692146858,-0.30347002682353313
2020-06-26 00:00:00-04:00,-1.3317130876321968,-1.2244215251734247,-3.2450883680890876,-0.7975196782242614,1.888562876829524,0,-1.2559221478956766,-1.2017709153370773,-0.3127571897169245
2020-06-29 00:00:00-04:00,0.8925354656768126,2.2242485533090095,3.4486700784824342,-0.9536029301028119,-1.762735776113509,0,-0.9356250647994977,-0.9547035439815839,-0.31871751078996957
2020-06-30 00:00:00-04:00,1.143547248407728,0.2510117827309154,-1.9732367705780942,-1.0634787396062395,1.1293000572766745,1,-0.5261000780628197,-0.9007291928876837,-0.35911225833957605
2020-07-01 00:00:00-04:00,-0.17774237126360545,-1.3212896196713335,-1.5723014024022488,-1.0789219243691726,-0.6971190220053625,0,0.01935695620657183,-0.9582836231133997,-0.35649527119437957
2020-07-02 00:00:00-04:00,0.4202546655749739,0.5979970368385793,1.9192866565099127,-0.9540788232795836,-0.5961926905078165,0,0.16680259983442133,-0.735654638872916,-0.42431933867099564
2020-07-06 00:00:00-04:00,1.425842907757052,1.005588242182078,0.4075912053434988,-0.8238912417278236,0.40235723720922767,1,0.9512060475505743,-0.60070338006275,-0.4351394665253267
2020-07-07 00:00:00-04:00,-0.09089861189619125,-1.5167415196532432,-2.522329761835321,-0.5269289953266678,-0.3776510655824379,0,0.6699835917003614,-0.5650898926513774,-0.4975403665164229
2020-07-08 00:00:00-04:00,0.2940072100667181,0.38490582196290934,1.9016473416161526,-0.29933651639859027,0.1752197596782234,0,0.4300144119868441,-0.45255668205163324,-0.5059321419405726
2020-07-09 00:00:00-04:00,-0.5444259506014597,-0.8384331606681779,-1.2233389826310872,-0.14194553910247762,-0.36713508171804077,0,0.32594797796791997,-0.6904020753595299,-0.5104445856807212
2020-07-10 00:00:00-04:00,-0.0842341644870246,0.4601917861144351,1.298624946782613,0.021382921571468698,-0.840339799771992,0,0.18414721223898886,-0.05729564641387118,-0.58963624019724
2020-07-13 00:00:00-04:00,1.9947895038429149,2.0790236683299397,1.6188318822155046,0.07008507601406258,1.5890937838041017,1,0.34168470179348576,0.09057609741747243,-0.5949661964660293
2020-07-14 00:00:00-04:00,1.8662845762417333,-0.1285049276011816,-2.2075285959311213,0.13969220158435663,0.05980519074453103,0,0.894928847201312,0.4398527565243163,-0.5861706684734259
2020-07-15 00:00:00-04:00,0.22986144565198582,-1.6364231305897474,-1.5079182029885658,0.30135719394047816,0.2588704616015562,0,0.8765122742540938,0.15553049780799222,-0.5819817063422184
2020-07-16 00:00:00-04:00,0.6677416236008147,0.43788017794882883,2.0743033085385765,0.4933133951059163,0.12016511522492743,0,1.2272411285527032,0.29159103373104056,-0.5818957185128331
2020-07-17 00:00:00-04:00,0.06699734179332908,-0.6007442818074856,-1.0386244597563143,0.7523828925109234,-0.6922412016557328,0,1.2713278107128816,0.36099158415715843,-0.5870104324506765
2020-07-20 00:00:00-04:00,0.16739779960186768,0.1004004578085386,0.7011447396160242,1.0134722877070512,-0.602628440645913,0,0.748679357013872,0.34328114055910214,-0.6068568055757128
2020-07-21 00:00:00-04:00,0.0935878729191932,-0.07380992668267448,-0.17421038449121307,1.1535212154623282,-0.41288302295429397,1,0.2501297442581598,0.3999391943481334,-0.618136011025821
2020-07-22 00:00:00-04:00,0.18029535440587674,0.08670748148668354,0.16051740816935803,1.1645685674971555,0.028567920014202886,1,0.23620883043036234,0.4782881817972677,-0.6186311871692465
2020-07-23 00:00:00-04:00,-0.2666536910322367,-0.4469490454381134,-0.5336565269247969,1.1627860278032653,0.16998477929645087,0,-0.0249505966276082,0.7497394899623242,-0.6188980918983669
2020-07-24 00:00:00-04:00,-0.9958971109788983,-0.7292434199466616,-0.2822943745085482,1.0635999638790876,-0.6269703066034413,0,-0.3210344458935836,0.6203526563791614,-0.632700500432106
2020-07-27 00:00:00-04:00,-0.6346463644049495,0.36125074657394884,1.0904941665206105,0.9047854264906997,0.0004864653123320992,1,-0.5418601694058437,0.7221956178593547,-0.6310300402783666
2020-07-28 00:00:00-04:00,-0.23779431717249058,0.3968520472324589,0.03560130065851008,0.6784992998341467,-0.5440386962609083,0,-0.6324353624717568,0.5595517154137309,-0.6295142057395036
2020-07-29 00:00:00-04:00,-0.19751143021062226,0.040282886961868325,-0.3565691602705906,0.44769954413760027,-0.33946928713566243,1,-0.7352686196593712,0.36922127263661925,-0.6347389207692373
2020-07-30 00:00:00-04:00,0.20472030986401188,0.40223174007463414,0.3619488531127658,0.212624400235022,0.7469174598156739,1,-0.6068788428609814,0.4234917353946986,-0.634582782186971
2020-07-31 00:00:00-04:00,-0.7354806755396247,-0.9402009854036366,-1.3424327254782709,0.00427656273628303,0.9555014667038886,0,-0.535088141482561,0.2598478753643239,-0.6372353756299688
2020-08-03 00:00:00-04:00,1.0908373222465169,1.8263179977861417,2.766518983189778,-0.16475516183774427,-1.5395200910207432,0,-0.059895479717473075,0.21342427834468972,-0.6386784083489437
2020-08-04 00:00:00-04:00,-0.08822520739424071,-1.1790625296407575,-3.005380527426899,-0.20858559037545354,-0.0807892946459163,1,-0.018156048401186696,0.21379912889748623,-0.6343384841789425
2020-08-05 00:00:00-04:00,0.8015145240224402,0.8897397314166808,2.0688022610574386,-0.24196323910372597,0.731133639550953,0,0.2609419315510848,0.2846879046234507,-0.6365437232978457
2020-08-06 00:00:00-04:00,-0.5727670680858351,-1.3742815921082752,-2.2640213235249558,-0.21452326991701418,-0.4564421325468936,0,0.0424415767829293,0.2806756353694054,-0.6342731026943192
2020-08-07 00:00:00-04:00,0.7116162758565423,1.2843833439423773,2.6586649360506525,-0.24089218521039754,-0.826116960022895,0,0.4497915921425237,0.39279377733125437,-0.6401038006216934
2020-08-10 00:00:00-04:00,-0.3836052806348568,-1.0952215564913992,-2.3796049004337765,-0.17995588824680173,0.21414936655109296,1,0.03630088700912952,0.06194467951633118,-0.6382168265964158
2020-08-11 00:00:00-04:00,-0.7160584011636144,-0.3324531205287576,0.7627684359626417,-0.1811458173524614,1.412033028505815,0,-0.13924728033003841,-0.2893408721713566,-0.6379434819804635
2020-08-12 00:00:00-04:00,1.8303278076966985,2.546386208860313,2.878839329389071,-0.18174078190529125,-0.6278975194897989,0,0.14408792658977201,-0.07367829252531886,-0.6504248535905143
2020-08-13 00:00:00-04:00,-1.109208275862069,-2.9395360835587674,-5.4859222924190805,-0.13850237546465363,-0.19112569221921508,0,-0.00721868306451494,-0.3158872744482225,-0.636778199568345
2020-08-14 00:00:00-04:00,0.1621851783166618,1.2713934541787308,4.210929537737498,-0.10227446793235997,-0.6292360539177605,0,-0.15938737001950604,-0.30306510527314195,-0.6358118873069102
2020-08-17 00:00:00-04:00,0.5059425636658689,0.3437573853492071,-0.9276360688295238,-0.10619421131996705,-0.09392310299197165,0,0.08832878987465773,-0.2574641913191485,-0.639104244127808
2020-08-18 00:00:00-04:00,0.73827892017328,0.23233635650741113,-0.11142102884179594,-0.05333260142793631,-0.12739613831042418,0,0.4983090124949329,-0.17026859163152244,-0.6401270891450326
2020-08-19 00:00:00-04:00,0.19990018194349454,-0.5383787382297854,-0.7707150947371966,0.09075357178126332,2.101157365542783,0,0.04361768785034424,-0.16760223538070473,-0.6420514970066514
2020-08-20 00:00:00-04:00,0.6848800619851046,0.4849798800416101,1.0233586182713954,0.12092433606850614,-1.179877688547358,0,0.5505738436298473,-0.037583408002057506,-0.6419991534335101
2020-08-21 00:00:00-04:00,0.88494214355779,0.20006208157268535,-0.28491779846892473,0.26192289237644667,0.9125892395811716,0,0.755869296296992,0.223780004019441,-0.64059058732558
2020-08-24 00:00:00-04:00,0.2636046837830256,-0.6213374597747644,-0.8213995413474497,0.4215687715963114,-0.6874694802328044,0,0.6867748793098007,0.3505108138964649,-0.645428583928612
2020-08-25 00:00:00-04:00,-0.05915080533400959,-0.32275548911703517,0.29858197065772923,0.5487623063396964,-0.9211482026753656,0,0.46048618281757975,0.3758416192089692,-0.6506066117805587
2020-08-26 00:00:00-04:00,0.15782524174643248,0.21697604708044207,0.5397315361974773,0.6163065742649169,2.8339565821334003,1,0.4485773364153421,0.42629653022941694,-0.6555438868051974
2020-08-27 00:00:00-04:00,0.4465009906565693,0.2886757489101368,0.07169970182969473,0.6747594385747755,-0.9789453687458567,0,0.38145996507573676,0.46061134951408,-0.6572412591591439
2020-08-28 00:00:00-04:00,0.43142265994680645,-0.015078330709762833,-0.30375407961989964,0.7122310240711086,-0.22676537046080894,0,0.25432317901627804,0.6281965912502296,-0.6568189594231367
2020-08-31 00:00:00-04:00,-0.1497102373891201,-0.5811328973359265,-0.5660545666261637,0.6968819978922038,0.3588986660448966,0,0.1382631530055256,0.4511970549348007,-0.6639139642597119
2020-09-01 00:00:00-04:00,-1.2319861274307045,-1.0822758900415843,-0.5011429927056578,0.6730355518321904,-0.1614352220720108,0,-0.19077397873492952,0.2881073228612437,-0.6640482676950276
2020-09-02 00:00:00-04:00,1.5245670403702996,2.756553167801004,3.838829057842588,0.584150633164405,0.11464486802453062,0,0.18734265669035388,0.38912804550841235,-0.6578881268008236
2020-09-03 00:00:00-04:00,-2.782294736231429,-4.306861776601728,-7.063414944402732,0.5806701003385506,0.5832969855885507,0,-0.7155086090932831,0.07391377833528662,-0.6511742072371369
2020-09-04 00:00:00-04:00,-0.6419403359677898,2.1403544002636394,6.447216176865368,0.38103252035357454,-0.6078206517841565,0,-1.0060433101919617,-0.11248739703491485,-0.6239739606000674
2020-09-08 00:00:00-04:00,-0.8950723326906312,-0.2531319967228415,-2.393486396986481,0.12786127358307076,0.46134889934494,0,-1.2068011287510425,-0.18273995890084582,-0.7135798809832974
2020-09-09 00:00:00-04:00,1.6569115871183933,2.5519839198090244,2.8051159165318658,-0.16878966099963577,-0.7056006809866251,0,-0.42604346075903676,0.14261167176556133,-0.7123771343035507
2020-09-10 00:00:00-04:00,-1.8637181895121155,-3.520629776630509,-6.072613696439533,-0.300104987758855,-0.4434514374302227,0,-1.3429600301287379,-0.36300665903479395,-0.7046175453828554
2020-09-11 00:00:00-04:00,0.5922156373336382,2.4559338268457536,5.976563603476262,-0.6100397369107864,-1.1471631234584057,1,-0.4211427194650991,-0.131903017023725,-0.7088552835065668
2020-09-14 00:00:00-04:00,0.3856922645522122,-0.20652337278142602,-2.6624571996271795,-0.703769899381684,0.17301393632483877,1,-0.13693672259042672,-0.10141380942427401,-0.7081804650394057
2020-09-15 00:00:00-04:00,0.36401789590623074,-0.02167436864598149,0.18484900413544453,-0.7282842828971475,-0.591337675363369,0,0.21578222259529936,-0.12075097447711405,-0.7087306711938118
2020-09-16 00:00:00-04:00,-0.32910307320061527,-0.6931209691068461,-0.6714466004608646,-0.6609042040028321,0.365319425814875,1,-0.33349995952057593,-0.26564093775850833,-0.7085832354467836
2020-09-17 00:00:00-04:00,-0.8288515236163211,-0.4997484504157058,0.19337251869114025,-0.7147399629121245,0.5918896288575255,0,-0.04280585336413295,-0.4045498390100978,-0.7085100015619518
2020-09-18 00:00:00-04:00,1.3657624489844147,2.194613972600736,2.694362423016442,-0.6756902403147275,3.2668435157399154,0,0.17141384208483412,-0.3139947850741101,-0.7060271133873536
2020-09-21 00:00:00-04:00,-2.7349366958316415,-4.100699144816057,-6.295313117416793,-0.5939154717233766,-1.1839537709443861,0,-0.7012247283953187,-0.7977209400175688,-0.7194628322984805
2020-09-22 00:00:00-04:00,-0.6133510641725759,2.1215856316590656,6.222284776475123,-0.6698453462111794,-0.9707130947960636,0,-0.9660928228782419,-0.9114042667940397,-0.6870867814077467
2020-09-23 00:00:00-04:00,0.15947711436860476,0.7728281785411807,-1.348757453117885,-0.7987468784360917,1.6870103579094824,0,-0.834064642499489,-0.8832198060574689,-0.6932374034353418
2020-09-24 00:00:00-04:00,0.15922318982007405,-0.00025392454853070956,-0.7730821030897114,-0.8970376511571444,-1.1368898561043592,0,-0.56439796960111,-0.8830395863377462,-0.6958523685184087
2020-09-25 00:00:00-04:00,0.684311789084055,0.5250885992639809,0.5253425238125116,-0.9253768348213228,-0.17873277002219673,0,-0.7481666786556034,-0.8524693373694853,-0.7004764914046588
2020-09-28 00:00:00-04:00,0.9954850710463851,0.3111732819623301,-0.2139153173016508,-1.0062092329175274,0.018743065548811274,0,0.29319122289021704,-0.7797773143766299,-0.6991971695783861
2020-09-29 00:00:00-04:00,-0.03398987240081464,-1.0294749434471997,-1.3406482254095298,-0.8319876048900956,0.3011634925288009,0,0.4575395897523968,-0.7646931234620639,-0.6962829230106404
2020-09-30 00:00:00-04:00,1.2375717133987385,1.2715615857995533,2.301036529246753,-0.6197425828311729,0.5659810116816454,0,0.7627737756258015,-0.4388808305009287,-0.7036247500787498
2020-10-01 00:00:00-04:00,-1.047803651880732,-2.285375365279471,-3.556936951079024,-0.37581005862728756,-0.7999080889145352,0,0.4173565416325184,-0.7772980011960934,-0.6982498665561824
2020-10-02 00:00:00-04:00,-0.7331146442754253,0.3146890076053068,2.600064372884778,-0.17121561768438562,-0.5544742888579126,0,0.01870703205921065,-0.5029012039986583,-0.6933606067268699
2020-10-05 00:00:00-04:00,1.3607733065689753,2.0938879508444006,1.7791989432390938,-0.10389438790508045,-0.386316851465695,1,0.11968551184357892,-0.23497261316059556,-0.6922926326435669
2020-10-06 00:00:00-04:00,-1.3290138492572807,-2.689787155826256,-4.783675106670657,-0.04602118737814568,-0.06792654057108233,1,-0.24329934586874896,-0.29434794809355047,-0.6856588381330829
2020-10-07 00:00:00-04:00,1.1076362880993929,2.436650137356674,5.12643729318293,-0.0723287034281925,0.12491727736579658,0,-0.27879588569623615,-0.36729663796201384,-0.693124056152486
2020-10-08 00:00:00-04:00,0.6829804242452615,-0.42465586385413134,-2.861306001210805,-0.09839513427039395,-0.7255482946736664,0,0.20432950033499267,-0.01883149876603316,-0.7021228814165548
2020-10-09 00:00:00-04:00,1.397010537821126,0.7140301135758644,1.1386859774299958,-0.046978270152053685,0.26452882778919407,1,0.8074078831833159,0.09138806565210186,-0.7005180558073191
2020-10-12 00:00:00-04:00,0.5762674771270211,-0.8207430606941049,-1.5347731742699693,0.14111507510363513,1.0786335632967243,0,0.5852201665541561,0.1177509679506275,-0.6945939126111651
2020-10-13 00:00:00-04:00,-2.29189506188779,-2.868162539014811,-2.0474194783207063,0.27205102123470287,1.3036836863068721,0,0.30724715681922676,-0.250427274469968,-0.6934289267000926
