Date,Returns,ReturnVelocity,ReturnAcceleration,SmaDiffWeekMonth,VolumeVelocity,IsBiggestVolume,WeekMomentum,MonthMomentum,SeasonVolatility
2021-04-15 00:00:00-04:00,0.6029280897767548,0.638794615048651,0.3670651123676309,1.178385719069152,-0.16967555604565782,0,0.08837329591911228,1.3592238436073212,2.1823030030431605
2021-04-16 00:00:00-04:00,0.32105819988889134,-0.2818698898878635,-0.9206645049365145,1.055937019405369,0.35330551907086977,0,0.2036929393408445,1.7660431942562282,2.1184246641537743
2021-04-19 00:00:00-04:00,-0.6400389512694398,-0.961097151158331,-0.6792272612704675,0.9214855282763571,-0.7665488121852003,0,-0.07562987499344931,1.2781223683033958,2.0270878351256214
2021-04-20 00:00:00-04:00,0.7729919431695101,1.41303089443895,2.3741280455972813,0.7676444073099031,0.4627766302664331,0,0.38410145363017323,1.3502951933215215,2.035058626209673
2021-04-21 00:00:00-04:00,0.2912222489128556,-0.48176969425665456,-1.8948005886956045,0.7170406898618723,-0.8096780164178576,0,0.5243859113349928,1.132103444010878,2.0151657326161634
2021-04-22 00:00:00-04:00,-1.0835399084279504,-1.374762157340806,-0.8929924630841515,0.7218425653147433,0.1636211458019006,1,-0.19667893951557425,1.0179608208453381,2.019875455582662
2021-04-23 00:00:00-04:00,0.16463384414708016,1.2481737525750307,2.622935909915837,0.5644932908103855,0.22964267532559976,0,-0.2626232084019604,0.8943041609613633,2.025815493440299
2021-04-26 00:00:00-04:00,-1.4224255180322862,-1.5870593621793665,-2.835233114754397,0.40326241275339764,-0.1598078623498652,0,-0.5951273530421298,0.3519912693696718,1.776489242364378
2021-04-27 00:00:00-04:00,0.3407924389664222,1.7632179569987083,3.350277319178075,0.21894447243514836,-0.8141899818983038,0,-0.7748049445339492,0.16500530969206287,1.8572328851269844
2021-04-28 00:00:00-04:00,-0.3540819525442931,-0.6948743915107153,-2.4580923485094237,0.009327665079202763,-0.4101447210492971,1,-1.0432087989511014,0.24218910594874357,1.6511707564328966
2021-04-29 00:00:00-04:00,1.261879293688678,1.615961246232971,2.3108356377436863,-0.27490179918137864,0.6981278952619795,1,-0.06047548468064531,0.5237271566950211,1.6247668516620046
2021-04-30 00:00:00-04:00,0.20052602854335277,-1.0613532651453252,-2.677314511378296,-0.34803846020922347,-0.13769320014579847,0,-0.04527187652823923,0.608543820016403,1.643084141225583
2021-05-03 00:00:00-04:00,1.5795812912241178,1.379055262680765,2.44040852782609,-0.42652746697344224,0.7149756194180336,0,1.2472869687663792,0.32230063280894883,1.6408426851354159
2021-05-04 00:00:00-04:00,-0.9850859891653552,-2.564667280389473,-3.943722543070238,-0.16519709951145764,-0.8227749151660483,0,0.6693622802984425,-0.022572763485735198,1.7086881559025986
2021-05-05 00:00:00-04:00,-0.08526282783287767,0.8998231613324775,3.4644904417219506,-0.003780882838339573,-0.23486094518620493,0,0.7857933285245622,0.0075203051078325785,1.6783760235726322
2021-05-06 00:00:00-04:00,0.7140111322926408,0.7992739601255184,-0.1005492012069591,0.18164354361180327,-0.40149536656229784,1,0.5516572853211549,0.1892249526890838,1.6680801470431088
2021-05-07 00:00:00-04:00,-0.6026006446534511,-1.3166117769460919,-2.1158857370716104,0.29248654344378394,0.8443989747831492,1,0.2066755096666234,0.03585064321343741,1.6772703750416742
2021-05-10 00:00:00-04:00,0.44222156574841553,1.0448222104018665,2.3614339873479584,0.3366593027839388,0.13435403523088998,0,-0.2713802470091333,0.13578548187255873,1.6364447931988133
2021-05-11 00:00:00-04:00,-0.9018781844031124,-1.344099750151528,-2.3889219605533945,0.2524262582788651,-0.13390243632928372,0,-0.2359021378036145,-0.004048733027157758,1.6453577923562195
2021-05-12 00:00:00-04:00,-2.586883335988005,-1.6850051515848925,-0.34090540143336456,0.1930326745409583,-0.18750254386822732,0,-1.2938242718135649,-0.5991012494237692,1.6730520350998028
2021-05-13 00:00:00-04:00,1.691935848455316,4.2788191844433205,5.963824336028213,-0.059220186936350776,-0.5432925714483084,0,-0.8938194345650238,-0.35313259417800935,1.9093451745568355
2021-05-14 00:00:00-04:00,0.925906946978134,-0.766028901477182,-5.044848085920503,-0.24218734439563122,-0.7178243275554779,1,-0.25417457528951454,-0.21465165873924108,1.9879873079916242
2021-05-17 00:00:00-04:00,-0.45151907317750145,-1.3774260201556354,-0.6113971186784535,-0.28261013438137755,0.35932652458848313,1,-0.6299853010087366,-0.17080953316817302,0.2570000946559119
2021-05-18 00:00:00-04:00,2.1743742910536064,2.625893364231108,4.003319384386743,-0.42067572852493973,4.305564676956313,0,0.6694326279636192,0.15113538809601515,0.2579870618690883
2021-05-19 00:00:00-04:00,0.007055068134653297,-2.167319222918953,-4.793212587150061,-0.2766241348881302,-1.0589505164638089,0,1.8186735606098912,0.0846267710981471,0.4383071955047223
2021-05-20 00:00:00-04:00,0.3523070220040482,0.3452519538693949,2.512571176788348,0.1432895412026217,-0.43019052811034353,0,1.2349865415132555,0.42438831013142,0.31671321459060076
2021-05-21 00:00:00-04:00,-0.47046631253845117,-0.8227733345424993,-1.1680252884118942,0.3921791635088079,-0.714640921522184,0,0.6300333469228548,0.2738242753770137,0.1845813596306985
2021-05-24 00:00:00-04:00,0.00705192773051197,0.47751824026896317,1.3002915748114625,0.5131174264190886,-0.5425728802257804,0,0.8286630394905443,0.615985012724227,0.1506316400334757
2021-05-25 00:00:00-04:00,0.409149536410089,0.402097608679577,-0.07542063158938617,0.6445802958790233,0.15990922761860318,1,0.08027604715701474,0.6322925949790772,0.030521221901794827
2021-05-26 00:00:00-04:00,-0.11941902940795898,-0.528568565818048,-0.930666174497625,0.593009752972822,-0.38137346177237075,0,0.026440335248889103,0.6887036492507409,-0.005693224261489207
2021-05-27 00:00:00-04:00,-0.33762536384525305,-0.21820633443729406,0.3103622313807539,0.5221925974290598,4.2491536127617895,0,-0.26585985734033557,0.30944078037870265,-0.055411170412229975
2021-05-28 00:00:00-04:00,0.23994480502887514,0.5775701688741282,0.7957765033114222,0.4197298217645274,-1.5707070711346693,0,0.03551816647588925,0.31873727422849346,-0.23390586990009912
2021-06-01 00:00:00-04:00,-0.2604845242688295,-0.5004293292977047,-1.0779994981718328,0.39104173896225963,-0.1924230137494802,0,-0.07824324937872025,-0.10949934700044915,-0.23631073311937317
2021-06-02 00:00:00-04:00,-0.2188374931866786,0.0416470310821509,0.5420763603798555,0.38184894360220684,0.12979452302672595,0,-0.34349402637335186,0.07013390045276276,-0.275653716641172
2021-06-03 00:00:00-04:00,0.17684160164432955,0.39567909483100816,0.35403206374885726,0.2865405303921247,-0.6282850094382959,0,-0.2184832552929649,0.131497447525226,-0.32394561198931743
2021-06-04 00:00:00-04:00,0.17658500999599672,-0.0002565916483328323,-0.39593568647934096,0.21552665323060513,-0.7342096820478837,1,-0.00038588525468922136,0.006347028097056886,-0.3397117665493764
2021-06-07 00:00:00-04:00,-0.66973810299318,-0.8463231129891767,-0.8460665213408439,0.2125606516288508,0.35228165412591944,1,-0.3859752380020347,-0.009409830378224765,-0.5833107095436184
2021-06-08 00:00:00-04:00,-0.7593986348454607,-0.08966053185228062,0.7566625811368961,0.11577770190114892,0.33001146832307054,0,-0.5965833582399153,-0.28830258371637724,-0.557405239943332
2021-06-09 00:00:00-04:00,-0.5363481045776357,0.22305053026782495,0.3127110621201056,-0.0015880497312722062,-0.4906944304953217,0,-0.7298889591552753,-0.20334207694315967,-0.6087891868774885
2021-06-10 00:00:00-04:00,0.5751994731875031,1.1115475777651387,0.8884970474973137,-0.16122618317687712,-0.24157229908758845,0,-0.5638306461499142,0.5470948118396234,-0.6076538398466185
2021-06-11 00:00:00-04:00,0.621944506997143,0.0467450338096399,-1.0648025439554987,-0.3618381606354237,1.0825269440992653,0,-0.37744064281367795,0.29594920468308705,-0.5983662218787438
2021-06-14 00:00:00-04:00,-0.135005669320999,-0.756950176318142,-0.8036952101277819,-0.4899588056964558,-1.0574455398592688,0,-0.1507364511460527,0.04768449954963939,-0.6247142193407479
2021-06-15 00:00:00-04:00,-0.39838571581363497,-0.26338004649263597,0.493570129825506,-0.534459045237078,0.4816835401391202,1,0.0032809041175431647,0.06015779677042593,-0.7091523177576539
2021-06-16 00:00:00-04:00,-2.0357086997494678,-1.6373229839358328,-1.3739429374431968,-0.542431524449042,0.9671323516551296,0,-0.6372719747845073,-0.9032919339666134,-0.7590147843540614
2021-06-17 00:00:00-04:00,0.41559071201588355,2.4512994117653513,4.088622395701184,-0.5973145208268326,-0.8943925517104889,0,-0.7036894740607363,-0.8117109049659587,-0.5737845301494481
2021-06-18 00:00:00-04:00,-1.8515707495096945,-2.267161461525578,-4.71846087329093,-0.6796381397780126,2.848819619207394,0,-1.7308748506933453,-1.3060635430713858,-0.6219566144030462
2021-06-21 00:00:00-04:00,0.9099602300737226,2.761530979583417,5.028692441108995,-0.9590508431220717,-1.3679184782340295,0,-1.3043872349131538,-1.000716276190918,-0.48808400408319963
2021-06-22 00:00:00-04:00,0.4618700960925236,-0.448090133981199,-3.209621113564616,-1.1683778217444336,-0.33012607168306235,0,-0.9486743640518741,-0.8992032088674121,-0.47312251146789214
2021-06-23 00:00:00-04:00,-0.7808455892235934,-1.242715685316117,-0.794625551334918,-1.3009474692081027,-0.11368691696525254,1,-0.41656393127328917,-1.1649434335654243,-0.49251085236812636
2021-06-24 00:00:00-04:00,0.6987407290852203,1.4795863183088138,2.7223020036249306,-1.2709118141370603,0.32820315652732823,0,-0.2979279606727492,-0.9834484224369363,-0.5187984192143619
2021-06-25 00:00:00-04:00,1.1832581901335284,0.48451746104830806,-0.9950688572605058,-1.233457652599581,0.35689072278386874,0,1.0066640011779755,-0.6425575683291678,-0.5192961685669064
2021-06-28 00:00:00-04:00,-0.3104061984876959,-1.4936643886212244,-1.9781818496695325,-0.9256758823704694,-1.187480616546481,0,0.4806402445472892,-0.7670740926833409,-0.4633843351949081
2021-06-29 00:00:00-04:00,-0.5792927794950874,-0.2688865810073915,1.224777807613833,-0.7267304930979236,2.8396567604492526,1,0.03530983834380688,-0.8391681317814336,-0.4597568604603558
2021-06-30 00:00:00-04:00,2.7094068227434565,3.2886996022385437,3.5575861832459355,-0.625866299481481,0.45668246489740477,0,1.5312073411149516,-0.17937863623750916,-0.7763710238777893
2021-07-01 00:00:00-04:00,-1.2055244216538057,-3.914931244397262,-7.203630846635805,-0.2444753277213668,-1.1054543037674358,0,0.6987564886848123,-0.4987265069956978,-0.47562196274250756
2021-07-02 00:00:00-04:00,0.5670451675740783,1.772569589227884,5.687500833625146,-0.023467638205243235,-0.1533270189198735,0,0.4357381349469645,-0.4097686859219606,-0.41485721752771343
2021-07-06 00:00:00-04:00,-0.12131970855406188,-0.6883648761281402,-2.4609344653560243,0.12597278514749355,-0.8401708056816304,0,0.5171563442957046,-0.28326780961127346,-0.4019580812894981
2021-07-07 00:00:00-04:00,-0.1643483906906592,-0.04302868213659733,0.645336193991543,0.28023493123799137,0.7647052304774322,1,0.6966490854094222,-0.14512809106936372,-0.40123506766109057
2021-07-08 00:00:00-04:00,-0.08589255126905315,0.07845583942160606,0.12148452155820338,0.46119722105284733,-0.5331018557245923,0,-0.4786834458374747,-0.04016463293101064,-0.3999290001262772
2021-07-09 00:00:00-04:00,0.5086372934446878,0.5945298447137409,0.5160740052921349,0.3456868986845812,-0.7980954978042584,0,0.2502340484763077,-0.055572752191907424,-0.40384385785523264
2021-07-12 00:00:00-04:00,-0.17819871861185868,-0.6868360120565464,-1.2813658567702872,0.4105837258982919,0.5012727989875532,1,-0.06648391714610283,-0.2405850118402301,-0.39376388325261497
2021-07-13 00:00:00-04:00,0.3784350046759226,0.5566337232877813,1.2434697353443278,0.4191139721896695,-0.21358872107809443,0,0.14578371876072155,-0.12191659037619809,-0.4067644814684508
2021-07-14 00:00:00-04:00,0.6899762023885403,0.3115411977126177,-0.2450925255751636,0.46620778486876263,-0.16372954788879654,0,0.510625490660085,0.13159176394666222,-0.40511209274699206
2021-07-15 00:00:00-04:00,0.07773641350433862,-0.6122397888842017,-0.9237809865968194,0.573928923538353,-0.24871598229842976,0,0.5810463395119931,0.6375659370866141,-0.4047247833264602
2021-07-16 00:00:00-04:00,-0.07059739979764228,-0.1483338133019809,0.4639059755822208,0.6438284340283976,-0.13218063794740934,0,0.33283036505348623,0.5215605820675454,-0.42821041171716606
2021-07-19 00:00:00-04:00,-0.2331148787186566,-0.1625174789210143,-0.01418366561903342,0.6660760728880947,1.0203717032641917,0,0.30927210491090473,0.9147343205287606,-0.4310409714690375
2021-07-20 00:00:00-04:00,0.4531522195764657,0.6862670982951222,0.8487845772161365,0.6412307746842102,-0.8423175950302335,0,0.3411294601620749,0.8050183804233343,-0.4800857211369195
2021-07-21 00:00:00-04:00,-0.4934170741304007,-0.9465692937068664,-1.6328363920019886,0.635482066993968,-0.19869326471059046,0,-0.16224997850572423,0.575597852925908,-0.4733041038795111
2021-07-22 00:00:00-04:00,0.07085360868334727,0.5642706828137479,1.5108399765206144,0.5305401319508306,-0.8301447817463473,0,-0.16516100506491574,0.780733369047295,-0.5520175697372597
2021-07-23 00:00:00-04:00,0.8211037492171952,0.750250140533848,0.18597945772010005,0.40316230071350145,0.3655384544487986,1,0.21251061661139542,0.8100212784541808,-0.5556464703040723
2021-07-26 00:00:00-04:00,0.14044256151228357,-0.6806611877049116,-1.4309113282387596,0.36533717007193167,0.21919765742712616,0,0.3723991990580109,0.5613139950025117,-0.5378414558630665
2021-07-27 00:00:00-04:00,0.0069973800661197235,-0.13344518144616385,0.5472160062587477,0.39314905362124125,-0.5309974995524522,0,0.18203222509617248,0.637355809510605,-0.5992403788877594
2021-07-28 00:00:00-04:00,-0.4066252827450059,-0.41362266281112564,-0.2801774813649618,0.36607910828012324,-0.3431457361504417,0,0.21925109874904106,0.6789664868653996,-0.6002165890513319
2021-07-29 00:00:00-04:00,0.12672418750968908,0.533349470254695,0.9469721330658207,0.34383001006124403,-0.6338876495923184,0,0.24309572880082236,0.07545510815242351,-0.6945579203533698
2021-07-30 00:00:00-04:00,0.21794516653221938,0.09122097902253029,-0.44212849123216474,0.39314934549308206,0.936238587959612,1,-0.012549381350742319,0.4125715704338862,-0.7367733879925957
2021-08-02 00:00:00-04:00,-0.23150694189533555,-0.4494521084275549,-0.5406730874500851,0.3421631300034133,0.3577120719002704,0,-0.17031993474248155,0.22410912033500632,-0.7358545783907317
2021-08-03 00:00:00-04:00,1.1250222480786958,1.3565291899740313,1.8059812984015862,0.272632837386447,-0.26636106862468245,0,0.30278388402392553,0.5179278008360829,-0.7531662463407689
2021-08-04 00:00:00-04:00,-0.6814155843700964,-1.8064378324487922,-3.1629670224228237,0.28820828606545595,-0.5821428467095361,0,0.1847152408930943,0.3944576024083799,-0.7195666710431227
2021-08-05 00:00:00-04:00,1.8552386615946685,2.536654245964765,4.343092078413557,0.28802411493667796,1.5928844057296963,0,0.9214085156972193,0.8552165343866862,-0.7046729458656392
2021-08-06 00:00:00-04:00,-0.17872339044265903,-2.0339620520373276,-4.570616298002093,0.4196664855760144,-0.7997151078339555,0,0.7495862910008717,0.6898743985901933,-0.6050556352387938
2021-08-09 00:00:00-04:00,0.2410116005327294,0.41973499097538847,2.453697043012716,0.5270184063725155,-0.5551489078670614,0,0.9543722255543753,0.7907134003317942,-0.906375950794974
2021-08-10 00:00:00-04:00,2.129384169347266,1.8883725688145365,1.468637577839148,0.6736793342269805,3.083086093678114,0,1.3858498889011257,1.2113190781377023,-1.012758795490118
2021-08-11 00:00:00-04:00,0.894539842640269,-1.2348443267069968,-3.1232168955215336,0.8839332978018343,0.04247559503581803,0,2.0820469757425513,1.2611609692411767,-0.8670662138944197
2021-08-12 00:00:00-04:00,-0.2676259771921341,-1.1621658198324032,0.07267850687459365,1.2588324561761952,-1.4200374181080377,0,1.1530915669296693,1.1763267044025616,-0.8555538633952366
2021-08-13 00:00:00-04:00,0.3153251406457663,0.5829511178379003,1.7451169376703035,1.4169038216038656,-0.43237504468960436,0,1.369092294758606,1.2709371895889907,-1.0298113711149735
2021-08-16 00:00:00-04:00,0.815885864715771,0.5005607240700047,-0.08239039376789559,1.6186459268130495,4.381419978064597,0,1.6206168056806731,1.5295177025703768,-1.0280477094759937
2021-08-17 00:00:00-04:00,-0.03315787162878499,-0.849043736344556,-1.3496044604145607,1.856420193972639,0.002934588074555694,0,0.6866095218429719,1.4092085467788686,-1.0090312617911572
2021-08-18 00:00:00-04:00,-1.0617160576149616,-1.0285581859861765,-0.17951444964162055,1.8733636459489724,-1.162879065029488,0,-0.15053353204265055,1.2679657080108453,-1.0223542327831916
2021-08-19 00:00:00-04:00,0.6773967791990085,1.73911283681397,2.7676710228001467,1.6893644296761086,-0.5975718193288462,0,0.25065129192698976,1.4170074934448769,-0.9653113776127358
2021-08-20 00:00:00-04:00,0.892674574687625,0.21527779548861647,-1.5238350413253536,1.5933803331647123,-0.4722022838518543,0,0.4966346161906396,1.4345690450210196,-0.9551351628975066
2021-08-23 00:00:00-04:00,-0.6602994441409558,-1.5529740188285808,-1.7682518143171972,1.558725222538554,-0.5267656005107362,1,-0.13278237872601253,1.2366126221731943,-0.9310933174065318
2021-08-24 00:00:00-04:00,-1.030235711050288,-0.36993626690933223,1.1830377519192485,1.3811366792809368,0.2273267770923639,1,-0.5552500914808656,0.981902732381451,-0.9143807944817981
2021-08-25 00:00:00-04:00,0.04031119781243021,1.0705469088627182,1.4404831757720504,1.1209212622340978,0.22623882669417109,0,-0.08816612701053378,1.0909682177055624,-0.8611991425249674
2021-08-26 00:00:00-04:00,-1.0808250241880282,-1.1211362220004584,-2.1916831308631766,0.9724028620126249,0.012976372792604825,0,-0.8286563692404688,0.7965454462256318,-0.8663197286174835
2021-08-27 00:00:00-04:00,-0.5632893715001975,0.5175356526878306,1.638671874688289,0.6621579853559115,-0.1841252588231351,0,-1.4298538470903024,0.6085345652549868,-0.8125531598952388
2021-08-30 00:00:00-04:00,0.8053290252856593,1.3686183967858567,0.8510827440980261,0.21157791915560814,-0.8025781112183804,0,-0.8240746928802829,0.8572283550255927,-0.7958690738956226
2021-08-31 00:00:00-04:00,0.27083626018078333,-0.534492765104876,-1.9031111618907328,-0.1048067734521576,1.0479879227418791,1,-0.2763368985049903,0.6529924046755666,-0.773531775159267
2021-09-01 00:00:00-04:00,-0.2160731846643638,-0.4869094448451471,0.04758332025972889,-0.2538161021024851,-0.693791676984396,0,-0.3845207795242246,0.7653225934536394,-0.7961992758024649
2021-09-02 00:00:00-04:00,0.5278155460208946,0.7438887306852584,1.2307981755304054,-0.44332906923727927,-0.0326471404766473,0,0.3001946482351671,0.45140875612059783,-0.8231386537681391
2021-09-03 00:00:00-04:00,0.46445493927710657,-0.06336060674378807,-0.8072493374290465,-0.42031789365348854,-0.4664025465037761,0,0.7424526235204449,0.6045864803900839,-0.8335031450659063
2021-09-07 00:00:00-04:00,-1.3266139523974259,-1.7910688916745325,-1.7277082849307446,-0.30182347362960116,0.9277138252969644,0,-0.17186084529199225,0.23041254202758396,-0.83726939762928
2021-09-08 00:00:00-04:00,0.12900283672051424,1.4556167891179401,3.2466856807924724,-0.3752105606931012,-0.671425904964227,0,-0.23171902601225305,-0.23089792907532017,-0.7623273156231073
2021-09-09 00:00:00-04:00,-0.705298937047249,-0.8343017737677633,-2.2899185628857035,-0.4102915123285892,0.18148767769767032,0,-0.43890174944211274,-0.5970394375410032,-0.7643499935470556
2021-09-10 00:00:00-04:00,-0.36196170367836045,0.34333723336888855,1.1776390071366518,-0.45495549196945045,-0.8152443411813038,0,-0.8110923081085394,-0.618534507384315,-0.7477306040094804
2021-09-13 00:00:00-04:00,-0.5689266090049729,-0.2069649053266125,-0.550302138695501,-0.5947124834050987,0.39402776964759,1,-1.2397962666209663,-0.8186572625693359,-0.9317654429183496
2021-09-14 00:00:00-04:00,-0.5238945952705035,0.04503201373446941,0.2519969190610819,-0.8234215031971405,-0.4964385298255174,0,-0.9042266566920427,-1.11770969712044,-0.9166755225843147
2021-09-15 00:00:00-04:00,0.17324335272787902,0.6971379479983826,0.6521059342639132,-0.9244707435578726,-0.3791731654204709,0,-0.8858529003121476,-1.0718650354041348,-1.062377307679323
2021-09-16 00:00:00-04:00,0.33204243094728336,0.15879907821940434,-0.5383388697789783,-1.026635518077421,0.40082759072077206,1,-0.45121746593913614,-0.7584272207407785,-1.089206103404334
2021-09-17 00:00:00-04:00,-0.20684783452692332,-0.5388902654742067,-0.697689343693611,-1.0543624669223373,6.594318909565221,0,-0.3857736599771532,-0.9565999835038942,-1.0924217784234709
2021-09-20 00:00:00-04:00,-1.3749588605780791,-1.1681110260511558,-0.6292207605769491,-1.040591369936109,-1.6421720749866933,0,-0.727083610532578,-1.4592729141765832,-1.1217233273968996
2021-09-21 00:00:00-04:00,0.19615666117892439,1.5711155217570036,2.739226547808159,-1.0511968249844612,-0.8391713270257568,0,-0.42479041850918775,-1.270785608117067,-1.0454343911624544
2021-09-22 00:00:00-04:00,-0.23073360675558172,-0.42689026793450613,-1.9980057896915098,-1.0082111084030578,-0.45970315054345995,0,-0.594427533525416,-1.0926522988473004,-1.0972468063819032
2021-09-23 00:00:00-04:00,0.05605811841914787,0.2867917251747296,0.7136819931092357,-1.031101157174732,-0.06564187488179593,1,-0.7096682113551361,-1.089153307185058,-1.0994984678026516
2021-09-24 00:00:00-04:00,0.2801665113847924,0.22410839296564455,-0.06268333220908506,-1.0841360210842672,-0.4722426597156735,0,-0.505773570965283,-0.783263083172989,-1.1172931594278996
2021-09-27 00:00:00-04:00,-0.6426056800912853,-0.9227721914760777,-1.1468805844417223,-1.1224704680804105,1.196265046106777,1,-0.1940192535466515,-0.801241066120043,-1.4139759096250262
2021-09-28 00:00:00-04:00,-1.2302025051697172,-0.5875968250784319,0.3351753663976458,-1.079485043370826,-0.21917129112655864,0,-0.796121063099395,-1.2559913787932937,-1.4598935012618697
2021-09-29 00:00:00-04:00,-0.04272125580621719,1.1874812493635,1.7750780744419319,-1.1330800093344793,-0.05958986552349037,0,-0.7175514165417729,-1.324993416162654,-1.4051127331889501
2021-09-30 00:00:00-04:00,-0.7547595033996732,-0.712038247593456,-1.8995194969569562,-1.1580178309105087,-0.03226448375603665,0,-1.0560545034816016,-1.443743651207673,-1.4057504991094603
2021-10-01 00:00:00-04:00,-1.671696677941994,-0.9169371745423207,-0.2048989269488647,-1.2540416219916632,0.6181539395784963,0,-1.8625156900360207,-1.9224270380171216,-1.3822805032637735
2021-10-04 00:00:00-04:00,-0.9631611075265544,0.7085355704154396,1.6254727449577602,-1.4954041615082643,-0.1507894584493865,0,-1.993589397316439,-2.226515196851091,-1.2653288418020143
2021-10-05 00:00:00-04:00,0.6557244445882453,1.6188855521147998,0.9103499816993602,-1.7291362956051899,-0.859017177148529,0,-1.220357214088708,-1.8027135699073973,-1.2412407532393588
2021-10-06 00:00:00-04:00,0.7319515363083918,0.07622709172014652,-1.5426584603946534,-1.8197642520463475,-0.2822904379138557,1,-0.9005211643618534,-1.6731318389189513,-1.2215737204145665
2021-10-07 00:00:00-04:00,1.1771686046432115,0.44521706833481967,0.36898997661467314,-1.8465612972204077,0.05116388073360694,1,-0.09094515424710295,-1.2627084651068243,-1.2040515857443617
2021-10-08 00:00:00-04:00,0.3016422884488317,-0.8755263161943798,-1.3207433845291994,-1.7233680325019205,-0.9272570128750667,0,0.7599427250729757,-1.1157918436075402,-1.164568371446502
2021-10-11 00:00:00-04:00,-0.09309885897184944,-0.3947411474206811,0.4807851687736987,-1.4131497161823259,-0.2787638513021802,1,1.1398977959600258,-1.0095250381515908,-1.160652358181351
2021-10-12 00:00:00-04:00,-0.10749505717201559,-0.014396198200166146,0.380344949220515,-1.0273780400292831,0.3305333387249014,1,0.8090803623802345,-0.9161276325261736,-1.1605248231211733
2021-10-13 00:00:00-04:00,-0.7246479554748353,-0.6171528983028197,-0.6027567001026536,-0.7303724698728329,0.16217281718074225,0,0.18297886958699502,-1.1169580585480359,-1.162187800294203
2021-10-14 00:00:00-04:00,1.0840529238359817,1.808700879310817,2.4258537776136366,-0.5595384246537846,0.08665348312520742,0,0.14370657089675098,-0.9505281306322166,-1.1509209835193706
2021-10-15 00:00:00-04:00,0.48617942719929275,-0.597873496636689,-2.406574375947506,-0.41662016935780666,-0.03776225052423183,0,0.22214373517236372,-0.7951679386959054,-1.108821024554577
2021-10-18 00:00:00-04:00,0.8039719423322038,0.31779251513291107,0.9156660117696,-0.2725846286720005,-0.24073019160110246,0,0.6056528309044883,-0.297485856230687,-1.0989127384520696
2021-10-19 00:00:00-04:00,2.1245161238899963,1.3205441815577925,1.0027516664248814,-0.09281813777097792,1.4036512667776064,0,1.5685724921118036,0.14563597015749105,-1.1000920635216846
2021-10-20 00:00:00-04:00,0.905376978625329,-1.2191391452646674,-2.53968332682246,0.2713664054882009,-1.235318553803547,0,2.2919691738411223,0.4128682938549467,-0.9124644715478601
2021-10-21 00:00:00-04:00,0.5547796420590067,-0.3505973365663223,0.8685418086983451,0.7777266820914736,-0.6036056324153921,1,2.0574956025482822,0.5311717449029776,-0.880833157798338
2021-10-22 00:00:00-04:00,1.0421901494639536,0.48741050740494696,0.8380078439712693,1.2191387620378205,1.0332153054263236,1,2.3039822956968252,0.7124290077963805,-0.8793828214965413
2021-10-25 00:00:00-04:00,1.1594706118258136,0.11728046236185996,-0.370130045043087,1.7027946203573898,-0.3522320748381144,0,2.461951851799143,1.1483449026627046,-0.8396131435420143
2021-10-26 00:00:00-04:00,-0.8729776404717631,-2.0324482522975766,-2.1497287146594366,2.1812385232939104,-0.3679568976252978,0,1.1425708004735367,1.2368470069500208,-0.791626865208249
2021-10-27 00:00:00-04:00,-0.8201536976295846,0.052823942842178506,2.0852721951397553,2.3299256254368284,-0.52011580124082,0,0.39644442886917614,1.0458387187472016,-0.7567137429747273
2021-10-28 00:00:00-04:00,0.6236038600545252,1.4437575576841097,1.3909336148419311,2.31187481171309,-0.4547256746446389,0,0.42579737540520113,1.3842672869527803,-0.7705784947737684
2021-10-29 00:00:00-04:00,0.6534107417366177,0.029806881682092556,-1.4139506760020173,2.2651677292172607,1.554558733775792,1,0.2606731519363005,1.968475475171234,-0.7807448930874256
2021-11-01 00:00:00-04:00,0.2476278748519308,-0.4057828668846869,-0.43558974856677946,2.11536129858164,-1.126162584602631,0,-0.1246715796444425,2.277665023047937,-0.9020114756493949
2021-11-02 00:00:00-04:00,-0.04674156625711254,-0.29436944110904334,0.11141342577564356,1.8336179986237333,0.050047112725832725,1,0.22844302434854022,2.099009155059872,-0.9028408268189124
2021-11-03 00:00:00-04:00,0.3072411444384314,0.353982710695544,0.6483521518045874,1.6620405558372895,-0.0522572081834056,0,0.7140233652920981,1.9918289543814158,-0.9037817172744428
2021-11-04 00:00:00-04:00,0.7324716605340162,0.4252305160955848,0.07124780540004083,1.625565040567358,0.003006106372843448,0,0.7607664015258049,1.8805698428777617,-1.0856125687660483
2021-11-05 00:00:00-04:00,-0.6940830886308658,-1.426554749164882,-1.851785265260467,1.6121666639162322,-0.15753933781609006,0,0.1817574873695628,1.6303783927146624,-1.0964517152251259
2021-11-08 00:00:00-05:00,-0.6390289024099958,0.055054186220869994,1.481608935385752,1.4757612367782609,-0.10350036959076064,0,-0.19565392061146872,1.494030157603395,-1.0783646508922795
2021-11-09 00:00:00-05:00,0.3483681335464065,0.9873970359564023,0.9323428497355323,1.2557984484365408,-0.20241476555271487,0,-0.02846940628489568,1.6072780101358233,-1.0646230465119249
2021-11-10 00:00:00-05:00,-0.9012724721283517,-1.2496406056747582,-2.2370376416311606,1.0672871854443677,0.12582766995500896,0,-0.540042780845796,1.5629257950763231,-1.0878418921344775
2021-11-11 00:00:00-05:00,0.04043611838199315,0.9417085905103448,2.191349196185103,0.7503704104788178,-0.5807947399124902,0,-0.8282357441053142,1.3060099892113488,-1.054564151270833
2021-11-12 00:00:00-05:00,-0.49834508115534437,-0.5387811995373375,-1.4804897900476823,0.3828357622811443,0.6404522507130367,1,-0.7461192146199663,1.0647165389720183,-1.1010521403651468
2021-11-15 00:00:00-05:00,-0.5752389832282379,-0.07689390207289348,0.461887297464444,0.06480053443841378,1.1672719065704429,0,-0.7193200070906898,0.7310579186271882,-1.1113304089520843
2021-11-16 00:00:00-05:00,-2.54577863148211,-1.9705396482538722,-1.8936457461809786,-0.20819799342835307,3.4030043883646175,0,-1.9240083061727125,-0.3689112080784802,-1.1355125703651545
2021-11-17 00:00:00-05:00,-0.859119065272147,1.686659566209963,3.6571992144638354,-0.6726869201216972,-1.4043214113204356,0,-1.9067531299296416,-0.7702796665867262,-0.8894919739520232
2021-11-18 00:00:00-05:00,0.8595251141976342,1.718644179469781,0.03198461325981805,-1.0809747572239485,-0.7466951383135131,0,-1.5744801641413209,-0.7019341755409947,-0.9020637417737998
2021-11-19 00:00:00-05:00,-0.5378482803984852,-1.3973733945961193,-3.1160175740659004,-1.4105468031450807,0.19999900213487323,0,-1.5907237833776902,-1.0556499468004077,-0.8659891991632255
2021-11-22 00:00:00-05:00,1.678479461642324,2.216327742040809,3.6137011366369283,-1.6995457450846965,-0.06595658926142044,0,-0.6636517392520037,-0.941411355288422,-0.9005547364149086
2021-11-23 00:00:00-05:00,0.7114106057920762,-0.9670688558502478,-3.183396597891057,-1.7598397534379762,-0.08639756319819743,0,0.734277549740639,-0.5836967513802614,-0.7879438853984629
2021-11-24 00:00:00-05:00,0.5006547536708479,-0.21075585212122827,0.7563130037290196,-1.5086145726967148,-1.0465539626129055,0,1.3271138570465104,-0.28088679823528284,-0.7941174586802247
2021-11-26 00:00:00-05:00,-1.1191490682498553,-1.6198038219207032,-1.4090479697994749,-1.1477798425042116,0.2236292950526326,1,0.4675178731495343,-0.6799439987489471,-0.7862911657249482
2021-11-29 00:00:00-05:00,-1.566589158580851,-0.44744009033099563,1.1723637315897075,-0.9521965249154475,1.1502675679997854,0,0.023213658706078232,-1.1793295635433692,-0.7368465672304259
2021-11-30 00:00:00-05:00,-1.4022185262058253,0.16437063237502558,0.6118107227060212,-0.807975645613511,2.041044564140444,0,-1.2648491822385037,-1.5437434959010634,-0.6529220097437483
2021-12-01 00:00:00-05:00,-2.481709688403063,-1.0794911621972376,-1.2438617945722632,-0.946428261812167,-1.1372424125947425,0,-2.571897585199212,-2.0742795774659655,-0.5913361465727129
2021-12-02 00:00:00-05:00,-1.2177372870500833,1.2639724013529796,2.343463563550217,-1.3576937753896297,0.05040663226056087,0,-3.2544182902276826,-2.397306812246705,-0.41517206688214897
2021-12-03 00:00:00-05:00,1.5058762726540496,2.723613559704133,1.4596411583511535,-1.907971423476185,0.10044316848707034,0,-2.2128353614967264,-2.2366527632450595,-0.3673777335091493
2021-12-06 00:00:00-05:00,1.0835671247369953,-0.4223091479170542,-3.145922707621187,-2.2018116435666,-0.7429485746442923,0,-1.1284578828746517,-1.8592133170170115,-0.27015614222629925
2021-12-07 00:00:00-05:00,-0.32374860534896066,-1.407315730085956,-0.9850065821689018,-2.263035847462566,0.21209635664307577,1,-0.6760496947490888,-1.7911108977596284,-0.21517010252987215
2021-12-08 00:00:00-05:00,-1.0104666879487059,-0.6867180825997452,0.7205976474862108,-2.21837507841191,-0.34294805643079046,0,-0.04521953658444831,-2.0826613764895,-0.22290978646457615
2021-12-09 00:00:00-05:00,1.390934942028558,2.401401629977264,3.0881197125770092,-1.9824083735353057,-0.2889045533863384,0,1.0756572102102,-1.5913891607202204,-0.19440087844423887
2021-12-10 00:00:00-05:00,1.8266978024630425,0.43576286043448453,-1.9656387695427795,-1.5407528724773736,0.29027092295589163,1,1.2133495541978032,-1.2033845163412196,-0.10647589062425519
2021-12-13 00:00:00-05:00,1.8010393146261132,-0.025658487836929256,-0.4614213482714138,-1.1080210609463226,0.7646481745681187,0,1.5235428880329251,-0.6922505085006856,0.036245210729705137
2021-12-14 00:00:00-05:00,0.9542509659802599,-0.8467883486458533,-0.821129860808924,-0.6575991892813488,-0.45556077845517173,0,2.087854012479107,-0.344131705905064,0.17496714440323122
2021-12-15 00:00:00-05:00,0.5726439332097915,-0.3816070327704685,0.4651813158753848,-0.11270394973032165,-0.7918062088278399,0,2.8007636738111987,0.391126318258316,0.12986209191856365
2021-12-16 00:00:00-05:00,-1.6670099484562928,-2.2396538816660843,-1.8580468488956159,0.513327866013145,0.23163476919146914,0,1.434817356229246,0.19789184414629868,0.1408308672392637
2021-12-17 00:00:00-05:00,-3.2021892904498843,-1.5351793419935915,0.7044745396724927,0.8382606090943038,2.1535702665936918,0,-0.7344518309878117,-0.7492687288487337,0.2602188670850062
2021-12-20 00:00:00-05:00,0.32432608918376377,3.526515379633648,5.061694721627239,0.7395311660894841,-1.5246183645633966,0,-1.340142732526174,-0.5536019835022695,0.6926315101456012
2021-12-21 00:00:00-05:00,0.30171978933256816,-0.02260629985119561,-3.5491216794848435,0.4618644400709205,-0.6167275538542963,1,-1.6061158795577766,-0.8618904357548733,0.6938903158202844
2021-12-22 00:00:00-05:00,0.12893548895629048,-0.17278430037627768,-0.15017800052508207,0.14982455162020075,-0.8490942306620306,1,-1.7864852260730568,-0.9917895527598135,0.6823158520279925
2021-12-23 00:00:00-05:00,-0.22174851807292326,-0.35068400702921376,-0.17789970665293608,-0.19498845785541402,-0.07200452889414802,1,-1.1882502444818446,-1.1522984954195499,0.6196483268482627
2021-12-27 00:00:00-05:00,0.9104447492026974,1.1321932672756205,1.4828772743048342,-0.36198234532261353,-0.3481563550334226,0,0.5665020209483915,-0.6972555824590148,0.6217033665611268
2021-12-28 00:00:00-05:00,1.435081091758982,0.5246363425562847,-0.6075569247193359,-0.14526575554561633,-0.18399967539813783,1,1.043200639111806,-0.0073339052887118564,0.6304910612957846
2021-12-29 00:00:00-05:00,-0.04902576472972044,-1.4841068564887026,-2.008743199044987,0.10880371624160107,-0.5421284477665568,1,0.8909715702083022,0.31264217447981224,0.5847631604232147
2021-12-30 00:00:00-05:00,0.3223429719150695,0.3713687366447899,1.8554755931334925,0.2903421610615675,0.18460536568736233,1,0.9747642580923652,0.9922290229587438,0.5386660527046626
2021-12-31 00:00:00-05:00,1.0616625599464227,0.7393195880313532,0.3679508513865633,0.4192645780572694,0.3089798073936253,0,1.5338268192755165,1.5532744300488033,0.5274949610833546
2022-01-03 00:00:00-05:00,-0.027638741353311538,-1.0893013012997341,-1.8286208893310874,0.6254772841849707,0.20229271691983436,0,1.1245789403730082,1.1774709626996671,0.549939494587544
2022-01-04 00:00:00-05:00,-1.8319940136942467,-1.8043552723409353,-0.7150539710412012,0.7724972143982392,1.3055667781437699,0,-0.28016068041664205,0.4708373465738036,0.5000657819554181
2022-01-05 00:00:00-05:00,1.3520991155053121,3.184093129199559,4.988448401540494,0.6477365979181358,-0.04766392115607694,0,0.31153240831082624,0.8708603506498509,0.6490319457312055
2022-01-06 00:00:00-05:00,-0.2779312433314845,-1.6300303588367966,-4.814123488036356,0.6274532565175718,-1.0204215310977756,0,0.055435449213977576,1.0498889971757077,0.7196719929557714
2022-01-07 00:00:00-05:00,0.9545833322448937,1.2325145755763782,2.862544934413175,0.5243156731672148,-0.3668976082606566,0,0.01035743209186449,0.9450017664473735,0.7233723221837909
2022-01-10 00:00:00-05:00,-0.19326877815448262,-1.1478521103993762,-2.3803666859757544,0.41987283896437594,0.19956480501177215,1,-0.060054257075093896,0.4636144962220359,0.7289171147985163
2022-01-11 00:00:00-05:00,-0.2835186297427743,-0.09024985158829169,1.0576022588110845,0.34999317575921035,-0.2538356159077934,0,0.6092133927614488,-0.02343377860787504,0.6892889344305367
2022-01-12 00:00:00-05:00,-0.5270396665841187,-0.2435210368413444,-0.15327118525305272,0.5026415624661048,-0.4332544904824953,0,-0.18986351565173953,-0.3652877650556644,0.6867427100993562
2022-01-13 00:00:00-05:00,1.415227028657065,1.9422666952411838,2.1857877320825283,0.4947945881437929,0.48971611386959074,1,0.528329281208758,-0.17296163653972005,0.6761752297096004
2022-01-14 00:00:00-05:00,-0.28185321468587654,-1.6970802433429415,-3.6393469385841253,0.6461371402545237,0.0978636755127226,0,0.0014726526342800637,0.15312153578553792,0.5714442414940509
2022-01-18 00:00:00-05:00,-1.7509926452019897,-1.4691394305161132,0.22794081282682832,0.6267037296416288,-0.6338381441290433,0,-0.6616982388543347,0.5050581076597677,0.5412786066327656
2022-01-19 00:00:00-05:00,0.9963556545337185,2.7473482997357084,4.2164877302518216,0.400064373041685,0.019516826333431672,0,-0.12483518144804748,0.6646638210198818,0.6548231909400223
2022-01-20 00:00:00-05:00,-1.889682735116125,-2.8860383896498436,-5.633386689385552,0.2920700423332068,-0.17622609566333575,0,-0.7051704689350179,0.14060560417627416,0.6507208077682568
2022-01-21 00:00:00-05:00,-0.7293620548771497,1.1603206802389754,4.046359069888819,0.09625848096836005,0.3730170178206561,0,-1.5887638853201849,-0.060512111681314984,0.7289247903243513
2022-01-24 00:00:00-05:00,0.007131480998001737,0.7364935358751514,-0.42382714436382396,-0.30564028163453594,-0.04893538236375487,0,-1.4702334613129087,-0.007153413538281185,0.7202280473206049
2022-01-25 00:00:00-05:00,-2.1754702792767366,-2.1826017602747383,-2.91909529614989,-0.6821278065427117,-0.08558396127685547,0,-1.6474534096655176,-0.7201315226523921,0.6972371892714663
2022-01-26 00:00:00-05:00,-1.020776825048185,1.1546934542285516,3.33729521450329,-1.0160169287964185,-0.40168336243397273,0,-2.463160583514374,-1.2673428231427122,0.8587710069846995
2022-01-27 00:00:00-05:00,0.06630560300757245,1.0870824280557574,-0.06761102617279424,-1.4967639923941773,-0.010723553401990394,0,-1.6651741989041033,-1.2418946698545148,0.8660568020307857
2022-01-28 00:00:00-05:00,1.2367426352893176,1.1704370322817452,0.08335460422598784,-1.7704884055181218,-0.36277811362710594,0,-0.8566315874865963,-1.0406450415122444,0.8613729274657441
2022-01-31 00:00:00-05:00,1.6652141929251656,0.428471557635848,-0.7419654746458972,-1.8644702612316497,-0.5945285770045103,1,-0.16637643494516063,-0.9075796294269496,0.9411805413784492
2022-02-01 00:00:00-05:00,0.7867738506745332,-0.8784403422506324,-1.3069118998864804,-1.8024387398361266,-0.1328439239855414,1,1.1152130184944034,-0.7249851411578162,1.068116539600956
2022-02-02 00:00:00-05:00,-0.0425813405040562,-0.8293551911785894,0.04908515107204303,-1.4515486668543018,-0.39078038181194674,0,1.546149472631837,-0.31308943265188655,1.072095280541779
2022-02-03 00:00:00-05:00,0.09939508960308731,0.1419764301071435,0.9713316212857328,-1.048903296093838,0.17741657477138026,1,1.5607109277185698,-0.597474976260951,1.0572201178870624
2022-02-04 00:00:00-05:00,-1.1773746928703372,-1.2767697824734245,-1.418746212580568,-0.6092643375537655,-0.005342066243741799,0,0.510282637859204,-0.8024368484685728,1.0458012586149066
2022-02-07 00:00:00-05:00,-0.9832788443858446,0.19409584848449268,1.4708656309579173,-0.3957028823285394,-0.35665276913421723,0,-0.6099052663950912,-1.2347042135647603,1.087257440909631
2022-02-08 00:00:00-05:00,0.02175158825658812,1.0050304326424326,0.81093458415794,-0.4044838465274022,-0.21014363157738997,0,-0.9277910558517256,-1.1871205507917075,1.0930609364094985
2022-02-09 00:00:00-05:00,-0.2174006561415346,-0.23915224439812272,-1.2441826770405553,-0.4990246368076743,0.08813926992814057,0,-1.0004795847890455,-1.1724439555780584,1.0928403883864666
2022-02-10 00:00:00-05:00,-1.1692989175717157,-0.9518982614301811,-0.7127460170320583,-0.6135568966520739,0.5239904686293387,0,-1.526323330108156,-1.3154537954786454,1.086842292308094
2022-02-11 00:00:00-05:00,-0.5511416291985791,0.6181572883731365,1.5700555498033175,-0.8429973472662133,-0.4810244906126375,0,-1.2667432830631644,-1.7421405920844144,1.1252946754377193
2022-02-14 00:00:00-05:00,-1.0197294757814106,-0.4685878465828315,-1.086745134955968,-0.9524860617771794,0.39230427282464797,0,-1.2819183854411342,-1.9018216505155978,0.8798936163786965
2022-02-15 00:00:00-05:00,0.3135335835460001,1.3332630593274106,1.801850905910242,-1.0445984783784017,-0.7316209230679461,0,-1.1617087597827662,-1.4517198667032307,0.8915707621631522
2022-02-16 00:00:00-05:00,-0.6251304970956985,-0.9386640806416986,-2.271927139969109,-1.1628704920629243,0.5475423164590234,0,-1.3305808848175096,-1.8028413472920117,0.8603771302208634
2022-02-17 00:00:00-05:00,4.006597135781764,4.631727632877462,5.570391713519161,-1.2792739422506525,1.8762748853822857,0,0.8249572556489662,-0.5095864374157262,0.8639923879083057
2022-02-18 00:00:00-05:00,-0.6408461049258113,-4.647443240707575,-9.279170873585038,-1.026289066207575,-1.1080866008157602,0,0.7858870800028969,-0.48924565493055905,1.4395331384131214
2022-02-22 00:00:00-05:00,-1.1160406001725258,-0.47519449524671453,4.17224874546086,-0.786384134642079,-0.5660598191429275,0,0.7437788532897823,-0.7456759515812115,1.427924842225134
2022-02-23 00:00:00-05:00,-1.0260135376865724,0.09002706248595338,0.5652215577326679,-0.529477960476646,-0.537404054119022,0,0.16646123195059034,-0.48040252590685295,1.4576537528159077
2022-02-24 00:00:00-05:00,-0.38503206499195974,0.6409814726946127,0.5509544102086593,-0.4394203216038595,1.008710852255606,1,0.26952134960932805,-0.33369211771420876,1.4500032763856874
2022-02-25 00:00:00-05:00,1.375167833318451,1.7601998983104106,1.1192184256157978,-0.3418890124875778,-0.6294898059663989,0,-0.8123029406393462,-0.03300916597524143,1.3615735725772462
2022-02-28 00:00:00-05:00,-0.8945642328251777,-2.2697320661436287,-4.02993196445404,-0.5388210698324579,-0.030140743431832904,0,-0.9187270983940837,-0.5233005678272565,1.3724721731609046
2022-03-01 00:00:00-05:00,0.6140797062329229,1.5086439390581006,3.7783760052017294,-0.7062320421539161,-0.3432117342375156,0,-0.19138846715897895,-0.7590179847532826,1.148531428934663
2022-03-02 00:00:00-05:00,0.1250139424490166,-0.48906576378390626,-1.9977097028420068,-0.6692361193996357,-0.1627033993294817,0,0.30051936768683996,-0.9071636866866152,1.1008862025693864
2022-03-03 00:00:00-05:00,2.298758924646112,2.1737449821970953,2.6628107459810018,-0.4975270424149813,0.4266513933924877,1,1.4533479303638466,-0.3821378268215444,1.0064762337760957
2022-03-04 00:00:00-05:00,2.5342843451020274,0.2355254204559154,-1.93821956174118,-0.11263244113039739,0.28585688167957984,0,1.9557852716071553,0.17586228518319366,1.1798986726533158
2022-03-07 00:00:00-05:00,-0.8052039161936912,-3.3394882612957186,-3.575013681751634,0.33447989578135134,0.5108788321511138,0,1.9958600513739613,0.26435551761347875,1.437622633795247
2022-03-08 00:00:00-05:00,-2.0681911506360766,-1.2629872344423854,2.0765010268533333,0.7772961711327459,-1.018690378820743,0,0.8099296395649563,0.005925609164538326,1.4206645829042106
2022-03-09 00:00:00-05:00,0.5189568259582225,2.587147976594299,3.8501352110366844,0.9682492339084485,-0.6444288117462792,0,0.9802909693239312,0.12188693008569662,1.5316083990112381
2022-03-10 00:00:00-05:00,2.2730505820065994,1.754093756048377,-0.8330542205459222,1.187415212136727,0.40688031129211544,1,0.9693667741851146,0.7070119398881033,1.4016149083221323
2022-03-11 00:00:00-05:00,-0.3926185779733618,-2.665669159979961,-4.419762916028338,1.344737050688465,-0.8380271664505421,0,-0.2711875698674433,0.895846840669056,1.4833877016057762
2022-03-14 00:00:00-04:00,1.3936777280513075,1.7862963060246693,4.45196546600463,1.1767662681847404,0.2662606489249121,1,0.6646747534870084,1.3694460211101873,1.4497083543178477
2022-03-15 00:00:00-04:00,1.200968357054987,-0.19270937099632057,-1.9790056770209898,1.1917136086717748,-0.12472010380728331,0,2.105241284061978,1.923412367398589,1.519419744850981
2022-03-16 00:00:00-04:00,-0.2949592044181087,-1.4959275614730956,-1.303218190476775,1.496827378444116,0.025970656287267024,0,1.7441529091414483,1.7702773586542813,1.4598211324874246
2022-03-17 00:00:00-04:00,0.15193540579660925,0.44689461021471794,1.9428221716878136,1.7318752707796499,-0.6644059300296876,0,0.8267627836994906,1.9664856923210885,1.0140958433915714
2022-03-18 00:00:00-04:00,0.29654194999779476,0.14460654420118552,-0.3022880660135324,1.7266913350928912,1.31298962910605,1,1.126456769839293,1.0644194615429048,1.0118301761861144
2022-03-21 00:00:00-04:00,-0.8319689017665979,-1.1285108517643927,-1.2731173959655782,1.8875170950409292,-0.8673735560837192,0,0.16906667834319833,1.01751127726199,1.011734705421991
2022-03-22 00:00:00-04:00,-0.2981348687787961,0.5338340329878017,1.6623448847521944,1.815647741526831,-0.2663432973519867,0,-0.4628375741828749,1.2188304907794496,1.046353504828665
2022-03-23 00:00:00-04:00,-1.2865070423724037,-0.9883721735936075,-1.5222062065814093,1.5615137660637701,-0.21599158503597554,0,-0.8807830019417529,1.1542411142932067,1.0484566404819027
2022-03-24 00:00:00-04:00,0.6199446290083265,1.9064516713807302,2.8948238449743378,1.2092597759903267,-0.8644499195400441,0,-0.6863466376109906,1.4011701177705338,1.0920268565513653
2022-03-25 00:00:00-04:00,0.4340613229146704,-0.18588330609365605,-2.0923349774743865,0.8803032877722119,-0.03836206248704279,1,-0.6290294229496795,1.17165707060256,1.0224767562053594
2022-03-28 00:00:00-04:00,1.7776431692017507,1.3435818462870803,1.5294651523807363,0.5885359414640997,0.8250644557017032,0,0.4725263251694806,1.8320802586193838,1.0296190694359344
2022-03-29 00:00:00-04:00,0.8424523867636855,-0.9351907824380652,-2.2787726287251457,0.5082452098536239,-0.16683173667236392,0,0.96400892870662,1.8891741876416874,1.1549117725051052
2022-03-30 00:00:00-04:00,1.793115023423565,0.9506626366598796,1.8858534190979448,0.5449337915641568,0.42976325321462305,0,2.3196475634187173,2.3091932047464514,1.1380501056070187
2022-03-31 00:00:00-04:00,-0.6338862177873145,-2.4270012412108795,-3.3776638778707593,0.8721483886624819,0.050324638093539924,0,1.7612804961557458,1.574418586820364,1.2653453261523515
2022-04-01 00:00:00-04:00,1.4034459294529915,2.037332147240306,4.464333388451186,1.1383643987944003,-0.6687866405388498,0,2.1883850916138017,1.2998414424669475,1.1317073492651941
