Date,Returns,ReturnVelocity,ReturnAcceleration,SmaDiffWeekMonth,VolumeVelocity,IsBiggestVolume,WeekMomentum,MonthMomentum,SeasonVolatility
2018-11-01 00:00:00-04:00,1.8130969229428011,4.203188028650644,7.365482336912238,0.42268840986489,-0.6011670756247068,0,0.014874820292432684,1.0746376313086647,-0.6076731745017275
2018-11-02 00:00:00-04:00,-1.0648235655807705,-2.8779204885235714,-7.081108517174215,0.31257742529926696,-0.09196261246687654,0,-0.08444018106539143,0.5272672342075343,-0.5716800669130317
2018-11-05 00:00:00-05:00,1.6144215347049713,2.679245100285742,5.557165588809314,0.2380666605102554,-0.5766484826112958,0,0.177751919574536,0.8740831531189758,-0.5502502215921008
2018-11-06 00:00:00-05:00,0.821777400115727,-0.7926441345892443,-3.471889234874986,0.18632293121692448,-0.4126765569732449,1,0.196841428771608,0.9981874608728066,-0.5110503164684154
2018-11-07 00:00:00-05:00,0.7969522107274762,-0.024825189388250735,0.7678189452009936,0.12547246988267624,-0.5141635258433327,1,1.4644567436963303,0.6702243331304538,-0.5031959206924839
2018-11-08 00:00:00-05:00,-0.5391017746295302,-1.3360539853570064,-1.3112287959687556,0.38874612551689197,-0.4650734097202598,1,0.5382301010074487,0.7779051436133684,-0.4947665023579078
2018-11-09 00:00:00-05:00,0.12646983759813446,0.6655716122276647,2.0016255975846713,0.43055415505499883,1.8280827742789836,1,1.0098190780654865,0.9311589023922361,-0.48808348832226034
2018-11-12 00:00:00-05:00,0.46915049657828267,0.3426806589801482,-0.3228909532475165,0.5634327912964759,-0.43613935016385996,0,0.5630874078183137,0.7000080233574195,-0.4887552248687592
2018-11-13 00:00:00-05:00,-0.07183379259078995,-0.5409842891690726,-0.8836649481492208,0.619729475823487,0.022383593104133508,0,0.21573889456046944,0.35798067191930016,-0.5106188077783418
2018-11-14 00:00:00-05:00,0.28755064016914345,0.35938443275993337,0.900368721929006,0.6329748846343185,1.2784799927449473,0,0.01944009611483905,0.42978570449090386,-0.5105458325667671
2018-11-15 00:00:00-05:00,-3.8709587350863717,-4.158509375255515,-4.517893808015448,0.591578463445931,0.137196000150325,0,-1.2751681162594035,-0.21721507099280696,-0.5097586770384078
2018-11-16 00:00:00-05:00,-0.9507708038695736,2.920187931216798,7.078697306472313,0.3171309967131129,-1.2745517951045033,0,-1.677024105514915,-0.7042488798506834,-0.25727460439002564
2018-11-19 00:00:00-05:00,0.8469609994123157,1.7977318032818892,-1.122456127934909,0.003772779574518968,0.7122290384961495,0,-1.538076805397767,-0.4335376646034534,-0.2449188347792362
2018-11-20 00:00:00-05:00,1.3811172362393727,0.5341562368270569,-1.2635755664548323,-0.3100009483881802,0.9009529633736427,0,-0.9988121456249145,-0.2832348398476639,-0.2330390319000781
2018-11-21 00:00:00-05:00,0.15396920104453524,-1.2271480351948374,-1.7613042720218943,-0.5120086318640501,-0.7207563416892685,0,-1.0489316940870133,-0.2501255916221436,-0.20158383215252706
2018-11-23 00:00:00-05:00,-1.3685804186237234,-1.5225496196682586,-0.29540158447342124,-0.730535694756835,-1.5482653062516871,0,-0.07073192846540007,-0.38079045200652106,-0.20155808564832345
2018-11-26 00:00:00-05:00,1.5396263625991808,2.908206781222904,4.430756400891163,-0.6996038612979983,1.102973706111358,1,0.8986778217445438,0.07211911317537054,-0.16957960569890485
2018-11-27 00:00:00-05:00,0.5241443722871185,-1.0154819903120624,-3.9236887715349664,-0.4998464677819762,-0.6413951140826379,0,0.7721554247471354,-0.006170994057802281,-0.13405455640127983
2018-11-28 00:00:00-05:00,-0.204846673008108,-0.7289910452952265,0.2864909450168359,-0.31843563326327706,-0.29008731806204774,0,0.15581858385057437,-0.19518950030408402,-0.13114935566102964
2018-11-29 00:00:00-05:00,-0.6530839819722205,-0.4482373089641125,0.280753736331114,-0.25610141009350534,-0.18851426702408525,0,-0.1566945448811568,0.14837219325617604,-0.14694643142063618
2018-11-30 00:00:00-05:00,0.39443728929558763,1.0475212712678081,1.4957585802319207,-0.3061732372078238,-0.11634214553938878,0,0.5309466601723034,-0.12542695263852643,-0.13841025632118067
2018-12-03 00:00:00-05:00,-0.673534592165786,-1.0679718814613737,-2.115493152729182,-0.1662093506509688,0.42564406020347284,0,-0.32253129263595903,-0.04879490957306205,-0.15277408312023466
2018-12-04 00:00:00-05:00,-0.18835144152310257,0.48518315064268347,1.553155032104057,-0.23264712832129672,0.5622406486385547,0,-0.5940227820605304,-0.3939096157225888,-0.18375253730739022
2018-12-06 00:00:00-05:00,-0.07549193003845286,0.1128595114846497,-0.3723236391580338,-0.32302288919277355,-0.3735211901356858,0,-0.5447249252087304,-0.5639578509969423,-0.1993526182448554
2018-12-07 00:00:00-05:00,0.20773897745859035,0.2832309074970432,0.1703713960123935,-0.3812601304504063,-0.5005749084840567,0,-0.21475287690038983,-0.6746575440153723,-0.20075242653311925
2018-12-10 00:00:00-05:00,-2.676221925795323,-2.8839609032539135,-3.167191810750957,-0.34824478646283774,0.508255165553404,0,-1.3896140321274164,-1.0791884897425574,-0.2004945873413917
2018-12-11 00:00:00-05:00,0.7552296743990536,3.431451600194377,6.31541250344829,-0.5429725066914235,0.34377819864927356,0,-0.8539783718163582,-0.9635033279674756,-0.07516884634198655
2018-12-12 00:00:00-05:00,2.287143870012192,1.5319141956131384,-1.8995374045812385,-0.6246065195726163,-0.8057301672574335,0,0.0828442721033987,-0.6280593275089864,-0.08035975840083665
2018-12-13 00:00:00-05:00,0.5637015266779063,-1.7234423433342858,-3.2553565389474244,-0.5278633582771188,0.46746809470066214,0,0.3304590870021113,-0.5080263557720827,-0.010388420658843767
2018-12-14 00:00:00-05:00,-1.3826569104213062,-1.9463584370992124,-0.2229160937649266,-0.38802147539278325,-0.48840272721350614,0,-0.28782708846672134,-0.8243455428508404,-0.006493475848171408
2018-12-17 00:00:00-05:00,-1.8567592805012854,-0.47410237007997913,1.4722560670192333,-0.35386229562696436,0.6936340318409204,0,0.03498351463382649,-0.4330037286253896,-0.12605559276913642
2018-12-18 00:00:00-05:00,-9.806957965578318,-7.950198685077033,-7.476096314997053,-0.29343124759119193,3.246906193803842,0,-4.017911047721348,-2.137946713593288,-0.13709210394715168
2018-12-19 00:00:00-05:00,3.424648476665402,13.23160644224372,21.181805127320754,-0.9634146206420564,-1.2787604803237032,0,-3.6330388196334247,-1.694130099744097,1.5035887838542703
2018-12-20 00:00:00-05:00,2.980137917647696,-0.4445105590177061,-13.676117001261426,-1.6130825336774268,0.4356917991578188,0,-2.79218291058867,-1.4132672129553847,1.6980245744252611
2018-12-21 00:00:00-05:00,-1.9895588828929553,-4.969696800540651,-4.525186241522945,-2.100390465119154,-0.9425729481782636,0,-3.012711517166076,-1.800395366381799,1.825503503204253
2018-12-24 00:00:00-05:00,-1.9274031817155035,0.06215570117745184,5.031852501718103,-2.584659395990764,-1.5272445413414266,0,-3.03834649866627,-1.9006851574204908,1.8904470575269363
2018-12-26 00:00:00-05:00,0.6272254792602738,2.5546286609757773,2.4924729597983255,-3.0533065165514057,2.118477685878207,1,1.0787537461853665,-2.0588392552336665,1.9122532802846348
2018-12-27 00:00:00-05:00,-0.49864866353688,-1.1258741427971537,-3.680502803772931,-2.5918374841175624,0.4299876106339957,0,-0.42742189713192813,-2.23631034962396,1.8972906076433431
2018-12-28 00:00:00-05:00,1.2111084643198715,1.7097571278567516,2.8356312706539053,-2.4191552524123052,-0.5771480541355147,0,-1.0836200327393217,-1.9913426139308803,1.896333809130378
2018-12-31 00:00:00-05:00,-1.0109471347665548,-2.2220555990864264,-3.931812726943178,-2.4208437914557557,-0.061660395076839146,0,-0.708762544388789,-2.054416584247405,1.901631017911548
2019-01-02 00:00:00-05:00,1.604854003526822,2.615801138293377,4.837856737379804,-2.332180189867359,-0.25864074859091035,0,0.6569131403807461,-1.844065082565319,1.9106703953904631
2019-01-03 00:00:00-05:00,0.4923068448553865,-1.1125471586714355,-3.7283482969648123,-1.9783724150594573,-0.75054432525106,0,0.6042427964353719,-1.6368126355630108,1.9421109546204287
2019-01-04 00:00:00-05:00,1.6125704049126541,1.1202635600572677,2.232810718728703,-1.6600303273589714,-1.0321089837802875,1,1.4366414214236845,-1.3144782529472914,1.8980697988339503
2019-01-07 00:00:00-05:00,-0.020082654537981186,-1.6326530594506352,-2.7529166195079027,-1.205316478065855,0.38112683069685593,1,0.9492893855341883,-1.3043933979801405,1.9451480219942445
2019-01-08 00:00:00-05:00,1.0648877256746963,1.0849703802126773,2.7176234396633125,-0.8515091140447281,-0.30633329062862374,0,1.7792084021176382,-1.1487413315296011,1.9441822171099927
2019-01-09 00:00:00-05:00,0.5169058264433815,-0.5479818992313148,-1.6329522794439921,-0.34317485607134895,0.06903264987506859,0,1.3465581455343485,-0.5466029262413336,1.8591732522755637
2019-01-10 00:00:00-05:00,1.4635938815633183,0.9466880551199368,1.4946699543512516,0.008098364327590516,-0.6802977104309812,0,1.7329096830387056,-0.4133403648538022,1.8460495029144686
2019-01-11 00:00:00-05:00,0.40935371387003266,-1.0542401676932855,-2.000928222813222,0.4290344493765605,0.3811564168165005,0,1.2550045403796573,-0.7637594849871188,1.8768339656490194
2019-01-14 00:00:00-05:00,-1.9413739244522519,-2.3507276383222844,-1.2964874706289988,0.7933953364642805,1.5590319470586154,0,0.4886098913492914,-1.2305203856388651,1.8343799953053133
2019-01-15 00:00:00-05:00,1.3264768437931633,3.267850768245415,5.6185784065677,1.0454493782743495,-1.3286044011200235,0,0.5898527581733917,-0.7285979467011738,1.8477993075792565
2019-01-16 00:00:00-05:00,0.6838748606053785,-0.6426019831877848,-3.9104527514332,1.2616174981049697,-0.6593684699580235,0,0.654995273893705,-0.24262640030269464,1.8809571825993077
2019-01-17 00:00:00-05:00,-0.17465288211714036,-0.8585277427225189,-0.21592575953473403,1.436832230285308,0.005347456572922693,1,0.02074948816545617,1.814144067665898,1.8833952676708796
2019-01-18 00:00:00-05:00,1.088638775010902,1.2632916571280424,2.121819399850561,1.2611966470527864,-0.2942767154147613,0,0.2822045127854132,1.3326986959859421,1.8363337197315888
2019-01-22 00:00:00-05:00,-0.2692287650231999,-1.3578675400341018,-2.621159197162144,1.1885783769415876,0.8176446072531867,0,0.9456961439819072,0.6753134141843637,1.853193344763558
2019-01-23 00:00:00-05:00,1.1183859925538493,1.3876147575770492,2.745482297611151,1.3279069817491016,-1.0245046396258586,0,0.8644279337611125,1.315123960156267,1.8475047014842014
2019-01-24 00:00:00-05:00,0.9725501080941076,-0.14583588445974172,-1.533450642036791,1.3857488407346705,0.10805696367885617,1,0.9776542722031366,1.9306572470254848,1.870347048291866
2019-01-25 00:00:00-05:00,-1.3031300405022388,-2.2756801485963463,-2.1298442641366044,1.409391879030534,-0.4176044855972551,0,0.5299479936158945,1.5195210928086405,1.878736716750541
2019-01-28 00:00:00-05:00,0.2679079673762765,1.5710380078785153,3.8467181564748616,1.3735030815436553,0.11041376124973185,0,0.21203946494364853,1.6814658948471157,1.8968684660667958
2019-01-29 00:00:00-05:00,1.7557160131924958,1.4878080458162193,-0.08322996206229605,1.2506420970192529,0.29821358936808495,0,1.0006224526315521,1.7954489248263017,1.8830509995088704
2019-01-30 00:00:00-05:00,1.2378120190635586,-0.5179039941289372,-2.0057120399451565,1.2924398568879554,-0.7354404800519287,0,1.0474241806046862,2.2792547917160664,1.9262672447086329
2019-01-31 00:00:00-05:00,0.9447950745025914,-0.2930169445609673,0.2248870495679699,1.2991954508154646,-0.2725178060131749,0,1.0365187181173945,2.1377604115255004,1.849368351653231
2019-02-01 00:00:00-05:00,0.5322076134650705,-0.41258746103752086,-0.11957051647655359,1.3169278835823979,0.7833395337248193,1,1.7740812670972317,2.1463523044738326,1.8096019336048625
2019-02-04 00:00:00-05:00,-0.31033246824476063,-0.8425400817098312,-0.4299526206723103,1.4980544536519902,-0.5867610476270341,0,1.5410927025929324,1.7366930918162722,1.791298049738191
2019-02-05 00:00:00-05:00,0.6225792408199895,0.9329117090647501,1.7754517907745813,1.667357758729857,-0.408783905172003,0,1.093791759342151,1.8732096411843435,1.7518848230240394
2019-02-06 00:00:00-05:00,-0.4731375393997245,-1.095716780219714,-2.028628489284464,1.7239323405109563,-0.6419449771436324,0,0.42250608149393115,1.5479266394754305,1.7471991626242416
2019-02-07 00:00:00-05:00,0.6033977571970265,1.076535296596751,2.172252076816465,1.6584909261662244,0.9407279854171515,1,0.2904414079527434,1.5660389849454484,1.741458371971175
2019-02-08 00:00:00-05:00,-0.4362043028379363,-1.0396020600349627,-2.1161373566317137,1.5596952687435914,-0.909614537538951,0,-0.08444018106539143,1.1715735290993274,1.7415240669593268
2019-02-11 00:00:00-05:00,-0.47462351596340624,-0.03841921312546992,1.0011828469094928,1.412768135543878,0.37525239534991944,0,-0.14795852753746963,0.9895741692838581,1.7452347468936127
2019-02-12 00:00:00-05:00,-0.03669116045520952,0.4379323555081967,0.4763515686336666,1.2704853576355424,-0.4801930304254048,0,-0.40006688707567845,1.3875891870304682,1.7460693763245763
2019-02-13 00:00:00-05:00,-0.1834785079318695,-0.14678734747666,-0.5847197029848568,1.0260302550044553,-1.0533913345882562,0,-0.2888140608675131,1.0763039003213288,1.7459847373232007
2019-02-14 00:00:00-05:00,-0.07352630814589456,0.10995219978597495,0.2567395472626349,0.8411047288288385,1.1565153750694246,1,-0.5467748604930237,0.921506747383566,1.7453237091195968
2019-02-15 00:00:00-05:00,-0.09198893519608167,-0.018462627050187114,-0.12841482683616207,0.6101597870858291,-0.5599736175131572,0,-0.41512417248759936,0.9384186655377267,1.4804570290664993
2019-02-19 00:00:00-05:00,1.491451322840755,1.5834402580368367,1.6019028850870238,0.40961286138601866,0.38794831090837273,0,0.33972365040715297,1.0198661519725485,1.462606197593075
2019-02-20 00:00:00-05:00,0.761976965498555,-0.7294743573422001,-2.3129146153790368,0.37921463994942084,-0.7950596585366769,0,0.6510490498092886,1.2320538975525999,1.4867100154026462
2019-02-21 00:00:00-05:00,0.7201887055225095,-0.041788259976045516,0.6876860973661546,0.399481832518715,-0.6094896918579964,0,1.0066402261551655,1.150406973384559,1.465655408569809
2019-02-22 00:00:00-05:00,0.48266137644543605,-0.2375273290770734,-0.1957390691010279,0.5117876508294181,0.7160659441849639,1,1.2272373203242066,1.0502105572590734,1.4724622464836201
2019-02-25 00:00:00-05:00,-0.2668668088398473,-0.7495281852852833,-0.5120008562082099,0.6865796834170836,-0.7942489582041725,0,1.1574777014667348,1.2659912465735321,1.436933256277724
2019-02-26 00:00:00-05:00,1.534084173911353,1.8009509827512005,2.5504791680364836,0.8216843731986205,1.337477061243827,0,1.1741895161888556,1.5282404299893342,1.4040175708276132
2019-02-27 00:00:00-05:00,-0.29867354962223513,-1.8327577235335881,-3.6337087062847884,0.9348345637277444,0.3840465921456828,0,0.7552351523965872,1.103664042347769,1.436405177067821
2019-02-28 00:00:00-05:00,-0.44052293206933907,-0.14184938244710393,1.6909083410864842,0.9943637293964399,-1.1057665707207986,0,0.30139475015707945,0.7620703345641321,1.4375883048472309
2019-03-01 00:00:00-05:00,-0.035388126379523446,0.40513480568981564,0.5469841881369195,0.9825421075518203,-0.045829155032630645,0,0.10069743833767637,0.5653101802061892,1.43272607459248
2019-03-04 00:00:00-05:00,-0.3010003053414074,-0.265612178961884,-0.6707469846516996,0.9441222473435678,-0.4552130237730257,0,0.08744310485340967,0.39899788653039897,1.4317059223612674
2019-03-05 00:00:00-05:00,-0.37294139468919635,-0.07194108934778892,0.19367108961409507,0.9217464862521892,1.8571118056504765,1,-0.6396877544574756,0.386499674889042,1.4239829924215903
2019-03-06 00:00:00-05:00,-0.48127614662741186,-0.10833475193821551,-0.03639366259042659,0.7203545721537999,-0.5156018423181024,0,-0.7092605384787862,0.16832433447426656,1.426497217058728
2019-03-07 00:00:00-05:00,1.5941230745932,2.075399221220612,2.1837339731588274,0.5278299014058024,-0.4150213032445948,0,0.06563557817462308,0.5768818426720403,1.4319231827464063
2019-03-08 00:00:00-05:00,0.8815289578574609,-0.7125941167357391,-2.787993337956351,0.4792765476096061,-1.0452206404224573,0,0.4205363882546452,0.6323908695108711,1.4696846651226014
2019-03-11 00:00:00-04:00,0.2271794381736273,-0.6543495196838336,0.058244597051905544,0.5113635134830301,0.20962730921580297,1,0.627397818044955,0.7665403319875651,1.3396637443278985
2019-03-12 00:00:00-04:00,0.6103001758704817,0.3831207376968544,1.037470257380688,0.5784932614778135,-0.6477155274507314,0,1.0148037024138479,0.987480655963577,1.3339997709493354
2019-03-13 00:00:00-04:00,0.4852481329995036,-0.1250520428709781,-0.5081727805678324,0.7144437612314863,-0.5237438469559165,1,1.3997998605978588,1.094459427964113,1.259271460265585
2019-03-14 00:00:00-04:00,-0.1897168134019226,-0.6749649464014262,-0.5499129035304482,0.930610648701775,-0.07419601715588,1,0.696997483615385,1.0931722335980785,1.2582496712641262
2019-03-15 00:00:00-04:00,0.7084841478994023,0.8982009613013249,1.573165907702751,0.9783188087060166,0.026287278949695382,0,0.6295447490124306,1.2543424463202977,1.219187361720672
2019-03-18 00:00:00-04:00,0.5833993741881388,-0.12508477371126347,-1.0232857350125883,0.9918279426271462,-0.3797283575861047,0,0.7690658049477354,1.3946533765611147,1.1512653889180984
2019-03-19 00:00:00-04:00,-0.3752910098707461,-0.958690384058885,-0.8336056103476215,1.0243380188800255,0.631650677753015,0,0.38314143082082047,1.0103101891639021,-0.6174335581415725
2019-03-20 00:00:00-04:00,0.10272705682565679,0.4780180666964029,1.4367084507552879,1.0040722640644464,-0.6003825943909727,0,0.23464174901048812,0.8761093363990455,-0.7719008343314535
2019-03-21 00:00:00-04:00,-0.5644772525228566,-0.6672043093485134,-1.1452223760449163,0.9618530369633949,0.7914161375845445,0,0.08872857170369651,0.6161982578519305,-0.8960907931497637
2019-03-22 00:00:00-04:00,0.12041884904385476,0.6848961015667114,1.3521004109152248,0.9133009155275224,0.5160725058936435,0,-0.1373408536337854,0.543673808065048,-0.973257120034429
2019-03-25 00:00:00-04:00,-0.03436281059538104,-0.1547816596392358,-0.8396777612059472,0.8157731514895322,-1.1103309699176742,0,-0.3737334911616901,0.5904041143829264,-1.059675934663159
2019-03-26 00:00:00-04:00,1.289102701104503,1.3234655116998841,1.4782471713391199,0.6519583685280733,1.4503189676052404,0,0.2653422979221285,0.5419266019784656,-1.0590182950254365
2019-03-27 00:00:00-04:00,-0.5939205550666182,-1.8830232561711213,-3.2064887678710052,0.6566025184260679,-0.36153321951341466,0,-0.00531906624880801,0.4825720031636074,-1.0552528260144438
2019-03-28 00:00:00-04:00,-4.0628227346003385,-3.4689021795337203,-1.585878923362599,0.5996062640192359,0.8247128426239161,0,-1.3640929611477304,-0.24451034886768985,-1.0536414486042096
2019-03-29 00:00:00-04:00,-0.6405683045199794,3.422254430080359,6.891156609614079,0.28633102580942527,0.10001263016715885,0,-1.647314385065765,-0.3610904850135112,-0.754084097223771
2019-04-01 00:00:00-04:00,-0.787967169980252,-0.1473988654602726,-3.5696532955406317,-0.08520794940508564,-0.1764154178321228,0,-1.9260872759988532,-0.45457885163681877,-0.7721802557527264
2019-04-02 00:00:00-04:00,0.0,0.787967169980252,0.9353660354405245,-0.5162781442221729,2.472496420540342,0,-2.39317266221311,-0.38327946533678203,-0.7558360624298445
2019-04-03 00:00:00-04:00,0.05413616549630514,0.05413616549630514,-0.7338310044839468,-1.0828759338068688,-1.42693129927134,0,-2.1569569214869238,-0.2804236724016405,-0.7899472706408676
2019-04-04 00:00:00-04:00,-0.4690578891771858,-0.523194054673491,-0.5773302201697962,-1.5979661964945315,0.5566046580599597,0,-0.7908220339327716,-0.6707646860735237,-0.790375468833652
2019-04-05 00:00:00-04:00,-1.123787119827373,-0.6547292306501872,-0.13153517597669617,-1.7064736748793836,0.40614943586070723,0,-0.974830065102093,-1.0450787616372623,-0.7971126833911804
2019-04-08 00:00:00-04:00,-0.1833192339118275,0.9404678859155455,1.5951971165657328,-1.8116026374236198,-1.0605658057659115,0,-0.7453616095510559,-1.1206699885463018,-0.7716124411753451
2019-04-09 00:00:00-04:00,-0.495869171520273,-0.3125499376084455,-1.253017823523991,-1.8496014411862904,-1.2579411731479455,0,-0.9332027216017996,-1.3227586451203894,-0.8014640744257711
2019-04-10 00:00:00-04:00,0.4983402873746293,0.9942094588949023,1.306759396503348,-1.9070214221527433,0.9068235715770171,1,-0.7658579339568218,-1.3203901623165062,-0.7970889546768567
2019-04-11 00:00:00-04:00,-0.9182706181813634,-1.4166109055559928,-2.410820364450895,-1.9234865777151993,-1.1264770194743605,0,-0.9367344710640841,-1.4531003766617285,-0.867340442364834
2019-04-12 00:00:00-04:00,-0.3151158113276316,0.6031548068537318,2.0197657124097246,-1.9640172657728006,0.28202117719862224,1,-0.6284837016931966,-1.6365431041816088,-0.87462287302734
2019-04-15 00:00:00-04:00,0.05577594461121245,0.37089175593884405,-0.23226305091488775,-1.904065195118041,-1.3932318599617253,0,-0.5374653141129333,-1.7302555582830268,-0.8781169390461032
2019-04-16 00:00:00-04:00,-1.0035248719590646,-1.059300816570277,-1.4301925725091211,-1.809070342341922,0.1673582713205327,1,-0.731790297923775,-1.8423204764927428,-0.8792079315632632
2019-04-17 00:00:00-04:00,0.15017200740449183,1.1536968793635565,2.2129976959338338,-1.746162250045836,2.1059650990738663,0,-0.8630735773680235,-1.8339507328119373,-0.8778270851191593
2019-04-18 00:00:00-04:00,-0.29989365848196253,-0.45006566588645436,-1.6037625452500108,-1.7161869335953177,-1.4422298022376328,0,-0.627388744074422,-1.7869401961128317,-0.8793857564940903
2019-04-22 00:00:00-04:00,-0.07520807751032453,0.224685580971638,0.6747512468580923,-1.6359684919448132,1.0219538502229932,0,-0.5359376517035228,-1.8215527698128995,-0.897577720321421
2019-04-23 00:00:00-04:00,-0.13170175342089102,-0.05649367591056649,-0.28117925688220446,-1.5291507849637278,-0.7585055263846944,0,-0.6073092380345889,-1.8387680621034777,-0.9131960202911558
2019-04-24 00:00:00-04:00,0.8289391657304601,0.9606409191513512,1.0171345950619177,-1.4371094891082723,0.12085146971781931,0,0.09644190919743324,-1.9190106455182474,-0.9431411816327014
2019-04-25 00:00:00-04:00,0.29895923283186965,-0.5299799328985905,-1.4906208520499415,-1.166476382985585,-0.5927268663771414,0,0.15397037591217172,-1.761083078208301,-0.9331385898522386
2019-04-26 00:00:00-04:00,0.3166917246898276,0.017732491857957944,0.5477124247565484,-0.9038640940610032,-0.3198329510266591,0,0.3938046151643121,-0.9512408690722838,-0.9836791987418142
2019-04-29 00:00:00-04:00,0.0928511062317655,-0.22384061845806208,-0.24157311031602002,-0.6931840855600083,0.2170730824904119,1,0.4594312533673888,-0.8143132847272636,-1.008281766590165
2019-04-30 00:00:00-04:00,1.521343750905379,1.4284926446736137,1.6523332631316758,-0.4846144941215952,0.5569846339521591,0,1.1063922917125346,-0.37934292093146676,-1.0238389581988974
2019-05-01 00:00:00-04:00,-1.4620064486922852,-2.9833501995976643,-4.411842844271278,-0.17893757891060053,-0.20628839781745603,0,0.2036157671732479,-0.6589086322338925,-0.9883940242536375
2019-05-02 00:00:00-04:00,-0.38947202126938757,1.0725344274228976,4.055884627020562,-0.048898917046181836,-0.8339355943668174,0,-0.06290640543668122,-0.7424502414258729,-0.9533262055006357
2019-05-03 00:00:00-04:00,1.3405394928062946,1.7300115140756822,0.6574770866527846,0.028785175588736344,-0.5214200032343713,0,0.33068009547849325,-0.4013889984805076,-0.9583306173814287
2019-05-06 00:00:00-04:00,-0.4592995808753741,-1.7998390736816687,-3.529850587757351,0.157978643661185,-0.5073984522848359,1,0.11577704727757748,-0.2730293141632289,-0.9298374817355213
2019-05-07 00:00:00-04:00,0.2583960071001718,0.7176955879755459,2.5175346616572147,0.22088673595727099,1.2586782650716173,1,-0.3661859259524503,-0.18793868163693458,-0.9329756378876063
2019-05-08 00:00:00-04:00,-1.3438985515514268,-1.6022945586515986,-2.3199901466271444,0.1588215781258907,-0.044970158201487795,0,-0.32032695892508817,-0.3525387108555977,-0.9347271539892795
2019-05-09 00:00:00-04:00,0.6344563416040541,1.9783548931554809,3.5806494518070795,0.12800045170323643,-0.6453562929188011,0,0.07343486822724499,-0.3266032827827663,-0.9078520378507916
2019-05-10 00:00:00-04:00,1.9469718817234225,1.3125155401193684,-0.6658393530361124,0.18710999868006495,0.5372255814325052,0,0.30501959810340673,0.22789292500388836,-0.9004476294982089
2019-05-13 00:00:00-04:00,0.5274643909331197,-1.419507490790303,-2.732023030909671,0.2365085462682467,-0.047152976184909164,0,0.6909548538335973,0.3946535324000265,-0.8356105442795136
2019-05-14 00:00:00-04:00,-1.4474403647211376,-1.9749047556542574,-0.5553972648639545,0.3576809917491911,1.0859813225080528,0,0.02199120995273856,0.09573952910874434,-0.8314396169455347
2019-05-15 00:00:00-04:00,-0.6058348377091595,0.8416055270119781,2.8165102826662354,0.3551476697005529,-0.6671692952670611,0,0.31112773592890575,0.17446543506304643,-0.7942981757945584
2019-05-16 00:00:00-04:00,-4.248263559885765,-3.6424287221766054,-4.484034249188584,0.41130201660961957,1.1832979753307151,0,-1.578103430807466,-0.6896671542317134,-0.8270995599583246
2019-05-17 00:00:00-04:00,0.7330501794267353,4.9813137393125,8.623742461489105,0.12209128392802901,-0.7154319920204426,0,-2.0192534411530567,-0.49476802626959515,-0.5359878160827337
2019-05-20 00:00:00-04:00,-0.6893991443297288,-1.4224493237564642,-6.403763063068965,-0.3030674837865941,-1.3821203696420779,0,-2.4623769093204135,-0.6115929252636547,-0.5356151068291428
2019-05-21 00:00:00-04:00,0.5784748664504183,1.2678740107801472,2.690323334536611,-0.8244894084487537,2.4577628312214856,1,-1.7189610105515751,-0.47726501788128933,-0.5362411853234565
2019-05-22 00:00:00-04:00,-1.2653307144042962,-1.8438055808547147,-3.1116795916348616,-1.1757634504212349,-0.6191758893472128,0,-1.963848622021159,-0.8724062714342633,-0.5281129746095106
2019-05-23 00:00:00-04:00,-0.46601863243262726,0.799312081971669,2.6431176628263837,-1.5363257921897127,1.2922255826919176,0,-0.5156524436676465,-1.0144891819276245,-0.5545309198743301
2019-05-24 00:00:00-04:00,1.0339436371363115,1.4999622695689387,0.7006501875972697,-1.5321020825571268,-1.3533192231193543,0,-0.40181375490457055,-0.8823100590693214,-0.5532552566091943
2019-05-28 00:00:00-04:00,-0.9461403111286953,-1.980083948265007,-3.4800462178339457,-1.517747754844027,-0.05261370324056678,0,-0.500633640290655,-1.07558135362914,-0.5303341299240223
2019-05-29 00:00:00-04:00,-0.40935371387003266,0.5367865972586627,2.5168705455236697,-1.5025490549125067,0.5372096476981871,0,-0.8750861789929508,-1.4259971432460024,-0.5194753277392108
2019-05-30 00:00:00-04:00,-0.23235591876285816,0.1769977951071745,-0.35978880215148823,-1.5299920762813273,-0.006398146479244654,0,-0.4801255626248298,-1.2004351218338458,-0.5187247653202088
2019-05-31 00:00:00-04:00,2.7170656610919295,2.949421579854788,2.7724237847476134,-1.4947866225966138,0.18484855947292692,0,0.7397921786244701,-0.6296858350467172,-0.5194438457200681
2019-06-03 00:00:00-04:00,0.6364268960655604,-2.080638765026369,-5.030060344881157,-1.2525000633569228,-1.0128254044101566,0,0.5849058340462795,-0.7608062327627069,-0.3813487429123283
2019-06-04 00:00:00-04:00,-0.9881386978410841,-1.6245655939066443,0.45607317111972456,-1.027117174563257,0.15563809971847228,0,0.5682803567939176,-0.8603711258245457,-0.4219922269620568
2019-06-05 00:00:00-04:00,1.3173663974074725,2.3055050952485567,3.930070689155201,-0.7954817002494995,-0.5739187825109693,0,1.2478471269258982,-0.66347691371241,-0.4271071440446373
2019-06-06 00:00:00-04:00,1.497255180963855,0.1798887835563825,-2.1256163116921742,-0.4354221614950554,3.804259560258893,1,1.9391252710997833,-0.12097183374738163,-0.3926707976992676
2019-06-07 00:00:00-04:00,0.601703420806457,-0.895551760157398,-1.0754405437137806,0.014102629241475208,-1.2222598710165957,0,1.103713089458854,-0.12727947091343184,-0.35650314660411403
2019-06-10 00:00:00-04:00,-0.3472853817263783,-0.9489888025328352,-0.05343704237543723,0.28498056428277363,-0.6386519433565264,0,0.7153532852900654,-0.5632827822865518,-0.35384879724402035
2019-06-11 00:00:00-04:00,0.21295248219034152,0.5602378639167198,1.509226666449555,0.5201769437657604,-0.9279188764219901,0,1.1926012316798067,-0.6225328937806843,-0.35300576748299006
2019-06-12 00:00:00-04:00,0.7148530006288439,0.5019005184385024,-0.05833734547821745,0.8700512297984494,-0.3190501444624388,1,0.9558050127695051,-0.2083209262274529,-0.3629777853470964
2019-06-13 00:00:00-04:00,-0.3261081924959626,-1.0409611931248066,-1.542861711563309,1.1188855248568936,-0.28830997808593856,1,0.24472166587710273,-0.1540240935430565,-0.3594598170591667
2019-06-14 00:00:00-04:00,1.15472467224942,1.4808328647453826,2.5217940578701894,1.1977144802370026,0.03454302552207463,1,0.458402309521175,0.9376913112428837,-0.35985124927482154
2019-06-17 00:00:00-04:00,-0.7229674517983922,-1.8776921240478122,-3.358524988793195,1.2040555903073544,-0.39973583945741703,0,0.311055454924122,0.6422601927643395,-0.3328314401701794
2019-06-18 00:00:00-04:00,1.5523106308078916,2.2752780826062837,4.152970206654096,1.2079769608726731,1.716341061870499,1,0.8314611675009799,1.0969572758243975,-0.32986837963543175
2019-06-19 00:00:00-04:00,0.01888499198578071,-1.5334256388221108,-3.8087037214283948,1.2841879721282543,-1.1661358584237562,0,0.5587952258513191,0.9823539044920955,-0.28367849267820094
2019-06-20 00:00:00-04:00,1.358484239298013,1.3395992473122322,2.873024886134343,1.3093170315869056,-0.28733699378330907,0,1.2210682343567083,1.5266974552688348,-0.2835421868076732
2019-06-21 00:00:00-04:00,0.5956727756738975,-0.7628114636241154,-2.102410710936348,1.4314375729472613,-0.02697454949171565,0,1.000842396868964,1.7509962360254845,-0.28016366845266355
2019-06-24 00:00:00-04:00,-0.3145821736134303,-0.9102549492873279,-0.14744348566321241,1.4801176544639123,3.486933464832704,0,1.1638533306119745,1.4673350804510767,-0.277238052596133
2019-06-25 00:00:00-04:00,-1.2251726933167377,-0.9105905197033074,-0.00033557041597953585,1.5955764666751124,-1.2223670540047917,0,0.07557510088846318,1.4082666484924027,-0.5579447558602086
2019-06-26 00:00:00-04:00,-1.1464050439749838,0.07876764934175395,0.9893581690450614,1.4608566841028516,-0.47902995900077194,0,-0.37533169889430257,1.253518201969027,-0.5390860489202072
2019-06-27 00:00:00-04:00,0.2851887060334244,1.4315937500084082,1.3528261006666542,1.2350568467313578,-0.755889473845625,0,-0.7803777794273138,1.3611843354418698,-0.5271944047710009
2019-06-28 00:00:00-04:00,0.8151558280643569,0.5299671220309325,-0.9016266279774756,0.8974147639260751,-0.4729374214106492,1,-0.6978037267490322,0.9748925881670171,-0.525675470402025
2019-07-01 00:00:00-04:00,-0.11282605504398585,-0.9279818831083428,-1.4579490051392754,0.6186844342649087,0.6153261343216367,1,-0.6210386806466457,0.82244358623553,-0.5141456131466056
2019-07-02 00:00:00-04:00,2.37198823658337,2.484814291627356,3.412796174735699,0.37600413590026005,0.766372941529681,0,0.7630378851561201,1.5121659507448344,-0.5178261216772524
2019-07-03 00:00:00-04:00,-0.09193405593621576,-2.463922292519586,-4.948736584146943,0.3935897123947202,-1.5172543214761185,0,1.18320644641903,1.2198722460338915,-0.44691813356051413
2019-07-05 00:00:00-04:00,-0.8282796596556565,-0.7363456037194408,1.7275766888001454,0.5408697114351653,1.471797920966195,1,0.7411980116739681,0.7451003810197744,-0.4475729279927819
2019-07-08 00:00:00-04:00,-0.7980686807293627,0.030210978926293874,0.7665565826457347,0.6358308796956337,-0.2317200192652861,0,0.1112430416133636,0.4633905711844308,-0.43916939397599614
2019-07-09 00:00:00-04:00,0.0748461515197973,0.87291483224916,0.8427038533228661,0.6120906903272199,-0.2573134449554015,0,0.18402522115221237,0.5479619528412243,-0.43003068823629453
2019-07-10 00:00:00-04:00,0.07476397162637403,-8.217989342326759e-05,-0.8729970121425833,0.5962649243818665,0.06968894699461808,0,-0.6868827881905077,0.5203149128906469,-0.4463057203628671
2019-07-11 00:00:00-04:00,-1.270317269488149,-1.345081241114523,-1.3449990612210998,0.36897167168561845,0.924552142267795,0,-1.1343687953112207,0.12567090043515933,-0.4487743621886662
2019-07-12 00:00:00-04:00,-0.37842634785822565,0.8918909216299233,2.236972162744446,0.07705077324823778,-1.277538227209151,0,-0.9643003550488706,0.11536878280699586,-0.4183390640342795
2019-07-15 00:00:00-04:00,-0.2089344361503249,0.16949191170790076,-0.7223990099220226,-0.16958642873786198,-0.32772740301097303,1,-0.7406341625859362,-0.14908338053310188,-0.4343734542260694
2019-07-16 00:00:00-04:00,-1.6749128447064552,-1.4659784085561303,-1.635470320264031,-0.3287365224625179,0.8219567606588982,1,-1.4030505090119867,-0.33464844442557085,-0.43337251268493765
2019-07-17 00:00:00-04:00,-0.2516355860920627,1.4232772586143925,2.8892556671705227,-0.6276919390484287,-0.844838367039231,0,-1.5244570632278769,-0.6751211446399535,-0.38455208591957174
2019-07-18 00:00:00-04:00,1.533078654325832,1.7847142404178946,0.36143698180350214,-0.9152147488667423,0.5223267729895267,0,-0.4709558239462895,-0.3901086441301859,-0.383407823838851
2019-07-19 00:00:00-04:00,-0.8409733503063864,-2.3740520046322184,-4.1587662450501135,-0.9785223313026536,-0.7252605992526032,0,-0.6481137719880639,-0.8048196146964742,-0.34503981876509976
2019-07-22 00:00:00-04:00,0.05781310841092477,0.8987864587173112,3.2728384633495295,-1.033037228188027,-0.5771517123906129,0,-0.5465951308500981,-0.9047855114696334,-0.3426078065614395
2019-07-23 00:00:00-04:00,0.6357297450637053,0.5779166366527805,-0.32086982206453074,-1.050183262831985,0.9241574343653781,1,0.3482848776326947,-0.7275019626789404,-0.34393168689537873
2019-07-24 00:00:00-04:00,0.7082756317070455,0.07254588664334027,-0.5053707500094402,-0.8765256179267148,-0.6332088230657263,0,0.7233524487316814,-0.3600160030336177,-0.33889267449933047
2019-07-25 00:00:00-04:00,-0.43718130614120254,-1.1454569378482482,-1.2180028244915886,-0.660223581607057,-0.24418776119548863,0,-0.04023641450989428,-0.2226864087949589,-0.3309528772334801
2019-07-26 00:00:00-04:00,-0.19091540570034904,0.2462659004408535,1.3917228382891018,-0.6399995216492683,-0.7765802386278549,0,0.21272428441842367,-0.3142121370516028,-0.3665911906822779
2019-07-29 00:00:00-04:00,0.2869164165929333,0.47783182229328236,0.23156592185242886,-0.5489940246499195,-0.11359464750066224,1,0.30165492249301484,-0.41474691155417587,-0.40352722045568906
2019-07-30 00:00:00-04:00,-1.411408928191786,-1.6983253447847195,-2.176157167078002,-0.42457513127689944,0.638311849931614,0,-0.4902251035261627,-0.6628828849198074,-0.4053819345294914
2019-07-31 00:00:00-04:00,-0.48363718299551317,0.9277717451962729,2.6260970899809926,-0.4584274533209147,0.27835883768248265,0,-0.9415799553519346,-1.1883757466605132,-0.40099811431359533
2019-08-01 00:00:00-04:00,1.069199965959962,1.5528371489554753,0.6250654037592024,-0.5349241667793176,0.2540960191892257,0,-0.3714080088586639,-0.9755413213715786,-0.4006109015090992
2019-08-02 00:00:00-04:00,-0.17311728104953142,-1.2423172470094934,-2.7951543959649685,-0.5006320974914092,-0.48805857480396925,0,-0.36458628811081595,-0.8531531469904289,-0.3817778686881566
2019-08-05 00:00:00-04:00,-2.3892187156951175,-2.216101434645586,-0.9737841876360924,-0.48040885910716224,-0.21216427481683894,0,-1.3855985654329008,-1.1522618300426002,-0.41299428205633826
2019-08-06 00:00:00-04:00,0.19739736121087104,2.5866160769059885,4.802717511551574,-0.6690142132237143,-0.1389756822023339,0,-0.7778865697214953,-1.1297915570731913,-0.32153000923748865
2019-08-07 00:00:00-04:00,1.2411303619921543,1.0437330007812833,-1.5428830761247052,-0.7125383045192644,-0.625699884631747,0,-0.12191265283275292,-0.9156713726403284,-0.3892915907807267
2019-08-08 00:00:00-04:00,0.01946387700791698,-1.2216664849842374,-2.2653994857655206,-0.6272505486574292,-0.2895895279336136,1,-0.5218337223923247,-0.6728718209808843,-0.36608693154310057
2019-08-09 00:00:00-04:00,-0.700381430475627,-0.7198453074835439,0.5018211775006934,-0.6672587159357528,1.44701688871235,1,-0.7230946235264057,-0.733721496451083,-0.40061094316349305
2019-08-12 00:00:00-04:00,0.11754745948926752,0.8179288899648944,1.5377741974484382,-0.7477123330156147,-1.0348158710194677,0,0.25031309836258564,-0.6723201344931189,-0.39854785689395716
2019-08-13 00:00:00-04:00,-0.3131162407473149,-0.43066370023658246,-1.248592590201477,-0.607027926453348,1.4293155529212336,0,0.05223245385786691,-0.4115384957323265,-0.7129921802641851
2019-08-14 00:00:00-04:00,-1.0993123978141954,-0.7861961570668805,-0.35553245683029805,-0.5437203440174443,-0.19549479688072952,0,-0.8419245471641007,-0.5737670520081618,-0.7191776605070994
2019-08-15 00:00:00-04:00,2.441439512433576,3.5407519102477716,4.326948067314652,-0.6707740237728211,-0.11377470220602272,0,0.0730316770302757,-0.4044318819991725,-0.7060773656090901
2019-08-16 00:00:00-04:00,1.259441967542914,-1.1819975448906619,-4.722749455138434,-0.602629427047514,-0.8379539563785753,0,0.8368245059775298,8.565154294579986e-05,-0.6110847018095849
2019-08-19 00:00:00-04:00,0.45923122707978464,-0.8002107404631293,0.38178680442753254,-0.4047924617100949,-0.1040894768441704,0,0.9715061201553646,0.07832291797364282,-0.6179952113800787
2019-08-20 00:00:00-04:00,-1.7523717111773507,-2.211602938257135,-1.4113921977940058,-0.18453434334253516,-0.8850336852199586,0,0.3997988897822099,-0.38630694592649706,-0.6214644947674045
2019-08-21 00:00:00-04:00,0.6397697792516365,2.3921414904289873,4.603744428686122,-0.04297003150572284,-0.7455425422289845,1,1.0860430542586967,-0.39930980744389694,-0.5781380393335517
2019-08-22 00:00:00-04:00,0.2504507176923254,-0.38931906155931106,-2.7814605519882982,0.2568613878803708,0.35826366532531,1,0.23668134427961038,-0.26738094801485907,-0.5909187310387569
2019-08-23 00:00:00-04:00,-0.2498250291139345,-0.50027574680626,-0.1109566852469489,0.3474267268490517,1.0631681386698857,0,-0.34257313625436214,-0.278733309761601,-0.5949772682168033
2019-08-26 00:00:00-04:00,0.21191291500587517,0.4617379441198097,0.9620136909260697,0.3021430303977708,-1.3768806944821252,0,-0.4368235826839362,-0.29310973474328383,-0.5947686609008965
2019-08-27 00:00:00-04:00,0.5382625903099083,0.32634967530403314,-0.13538826881577654,0.23575824422157038,2.311437399410756,1,0.45356622318401746,0.086750211863184,-0.7148349818578249
2019-08-28 00:00:00-04:00,-0.8221785982015691,-1.3604411885114773,-1.6867908638155105,0.3355562213780663,-0.12143543290430034,0,-0.11413286687262518,0.02011393224462987,-0.7166279862396603
2019-08-29 00:00:00-04:00,0.424125574819915,1.246304173021484,2.6067453615329614,0.3096193497240673,-0.8610354681666312,0,-0.04741358840169958,-0.10448217498443287,-0.722188682887488
2019-08-30 00:00:00-04:00,0.4223522845508549,-0.0017732902690600905,-1.2480774632905443,0.31401497362247127,0.03224614111833423,0,0.21255605244107498,0.011220870795404056,-0.747451971239857
2019-09-03 00:00:00-04:00,1.1852506272334697,0.7628983426826148,0.764671632951675,0.3663329828288911,1.144448433675819,0,0.5897922613815617,0.7257655664305998,-0.7817838078281837
2019-09-04 00:00:00-04:00,0.037786316745879976,-1.1474643104875897,-1.9103626531702045,0.4265641830980629,-1.1489223189571829,0,0.3945745799490493,0.6935443795747884,-0.7644048359651467
2019-09-05 00:00:00-04:00,-1.643070682779327,-1.6808569995252072,-0.5333926890376175,0.4445895068364085,1.381708191678998,0,0.07159784945117295,0.11822207531818042,-0.767040702714564
2019-09-06 00:00:00-04:00,-0.7296396869735674,0.9134309958057597,2.594287995330967,0.451183250774105,-0.6684804748361836,0,-0.37300222131170924,-0.02872061403091865,-0.7190650832517053
2019-09-09 00:00:00-04:00,-2.243720077858564,-1.5140803908849967,-2.4275113866907563,0.3694114189295117,0.20475875144670302,0,-1.3885800465644316,-0.3313697025800087,-0.7185495815463044
2019-09-10 00:00:00-04:00,0.019781982219325794,2.26350206007789,3.777582450962887,0.08012962013563296,-0.47964493839903805,0,-1.8174931610139777,-0.35008936994600026,-0.634782705833886
2019-09-11 00:00:00-04:00,1.0089126081959767,0.9891306259766509,-1.2743714341012393,-0.3142269173480305,-0.3494394816492985,0,-1.4601657982755507,-0.09610825902810687,-0.6598828908292473
2019-09-12 00:00:00-04:00,0.4504434438656703,-0.5584691643303064,-1.5475997903069572,-0.6518696163334714,-0.49646087525445914,1,-0.6690843645672794,0.2079691478604298,-0.6485597438743519
2019-09-13 00:00:00-04:00,0.2924727147523423,-0.157970729113328,0.40049843521697837,-0.8308019688381572,-0.39405836100575076,1,-0.278264874194306,-0.20548443737867975,-0.6883601370877681
2019-09-16 00:00:00-04:00,0.5637492485629204,0.2712765338105781,0.4292472629239061,-0.869049709387193,0.714946104654193,1,0.8230620306857734,-0.3380550685951273,-0.6864351897997388
2019-09-17 00:00:00-04:00,1.2951923574511095,0.7314431088881891,0.460166575077611,-0.6364809275179799,0.6171083969714747,0,1.3261069041524856,-0.1785892683345335,-0.714342131169489
2019-09-18 00:00:00-04:00,0.4007648679976815,-0.894427489453428,-1.625870598341617,-0.3067516249886744,-0.6434354451313241,0,1.085562633700588,0.24487796304783258,-0.6901398403758401
2019-09-19 00:00:00-04:00,1.1784740666528715,0.77770919865519,1.672136688108618,-0.07945857768580993,-0.6972579503965813,0,1.3733824752796895,0.3505757876551481,-0.688064416950469
2019-09-20 00:00:00-04:00,-0.13149359326387916,-1.3099676599167507,-2.0876768585719407,0.20366819744732503,0.21257888399689126,0,1.2042908050041277,0.2749417206231109,-0.6887945760530233
2019-09-23 00:00:00-04:00,0.5079126148447687,0.6394062081086478,1.9493738680253985,0.4568991433711213,-0.6450600794160595,0,1.1821752829940932,0.4251698157297949,-0.7117694031366499
2019-09-24 00:00:00-04:00,0.9545033923334916,0.4465907774887229,-0.1928154306199249,0.6890292049633892,0.8747863013697966,1,1.0482854948943916,0.5728297171092441,-0.7088938890536088
2019-09-25 00:00:00-04:00,-1.4275203246927315,-2.382023717026223,-2.828614494514946,0.8754354120737083,-0.8434252236218442,0,0.3258118575749549,0.18032663133526927,-0.7047501206942831
2019-09-26 00:00:00-04:00,2.727103064546571,4.154623389239302,6.536647106265525,0.9356649691957739,0.4579610290957174,0,0.9220132777665624,0.8846775772501523,-0.6688457802931428
2019-09-27 00:00:00-04:00,-1.0984895010245281,-3.8255925655710987,-7.980215954810401,1.0592033411140749,1.9661722828507866,0,0.5390767971734118,0.5755870149730299,-0.6375682578710095
2019-09-30 00:00:00-04:00,0.2036183422211679,1.302107843245696,5.127700408816795,1.1255881272902752,-0.962071821543156,0,0.42050031699724877,0.5318565259424809,-0.6166542513118566
2019-10-01 00:00:00-04:00,-0.14778593402082604,-0.35140427624199394,-1.65351211948769,1.1686704174080589,-1.5571442305332865,0,-0.005841651263284266,0.26793403170135066,-0.62798070290929
2019-10-02 00:00:00-04:00,-2.1091637040667357,-1.9613777700459096,-1.6099734938039156,1.1387749989854947,2.371070593290857,1,-0.2729095700172922,-0.15634337601129686,-0.6390556877623241
2019-10-03 00:00:00-04:00,0.07561003692997997,2.184773740996716,4.146151511042626,1.094811571232834,-1.4276728575425641,0,-1.2628566712270552,0.18169052261886062,-0.5616131737534412
2019-10-04 00:00:00-04:00,1.529736904169386,1.454126867239406,-0.7306468737573097,0.7628855864179587,0.1645313418540583,0,-0.26994733419811423,0.6296743356846952,-0.5616105944084544
2019-10-07 00:00:00-04:00,0.6882412995878391,-0.8414956045815469,-2.295622471820953,0.6265972145408859,3.8443283833592035,0,-0.08444018106539143,1.2334568571197095,-0.5500467660570005
2019-10-08 00:00:00-04:00,-0.46184506893582594,-1.150086368523665,-0.30859076394211815,0.4687671841214589,0.0013543368884723261,0,-0.20566433543321078,1.1336119275701748,-0.5459014088203107
2019-10-09 00:00:00-04:00,-0.5196724276635529,-0.057827358727726985,1.0922590097959382,0.2924720827197777,0.6596117687191899,0,0.4181903330852036,0.8213387823797619,-0.5425251185051568
2019-10-10 00:00:00-04:00,0.44776786776570787,0.9674402954292608,1.0252676541569878,0.302144673544877,-1.5954035814070837,0,0.5633885900594161,0.8207974703359134,-0.5887684175636723
2019-10-11 00:00:00-04:00,3.603270347191291,3.155502479425583,2.188062183996322,0.3465480539348146,2.8047131079884906,0,1.3637613789947003,1.4916622150543997,-0.5881504688985195
2019-10-14 00:00:00-04:00,-0.7888248886137401,-4.392095235805031,-7.547597715230614,0.5109738822258343,-1.4006459052466684,0,0.7771156179294222,1.2093072554869229,-0.41066610970318096
2019-10-15 00:00:00-04:00,2.602092804349402,3.390917692963142,7.783012928768173,0.56504964804748,1.8487002791856186,0,1.9900210541978263,1.4765147336223337,-0.41234459810794244
2019-10-16 00:00:00-04:00,0.4931305409099055,-2.1089622634394964,-5.499879956402639,0.8824678762883577,0.9509511276891364,0,2.4035357665696773,1.4958137821553525,-0.30692253874043607
2019-10-17 00:00:00-04:00,1.2267890229753617,0.7336584820654563,2.8426207455049526,1.2952874308203715,-0.29577857403829283,0,2.721743944611244,1.5058404156691616,-0.30894698383965646
2019-10-18 00:00:00-04:00,0.7790691579883091,-0.44771986498705263,-1.181378347052509,1.785483193298567,-1.5018838673820067,0,1.5945991407003426,1.6973763817788197,-0.2943946263315663
2019-10-21 00:00:00-04:00,-0.32639727093740933,-1.1054664289257183,-0.6577465639386657,1.990792370094521,-0.5377289276463889,0,1.782071650860148,1.5214066650481488,-0.29446410358819197
2019-10-22 00:00:00-04:00,0.7583544401137129,1.0847517110511222,2.1902181399768406,2.2602906777480456,0.22154929939531795,1,1.0559371695673252,1.4805605273234492,-0.29239588618133333
2019-10-23 00:00:00-04:00,1.7276830220947121,0.9693285819809992,-0.11542312907012298,2.357010834984079,0.2811575599477862,0,1.5434342453282455,2.1521714383105537,-0.2868667326250401
2019-10-24 00:00:00-04:00,-0.7062254411316575,-2.43390846322637,-3.4032370452073692,2.5038500598136904,0.648010896760931,0,0.7763531953481859,1.4284692923707785,-0.29300004299249705
2019-10-25 00:00:00-04:00,-1.964450235828796,-1.2582247946971385,1.1756836685292313,2.535943803668923,-1.2448203753068388,0,-0.29631613248362404,1.2452117756904548,-0.2865652523222357
2019-10-28 00:00:00-04:00,-0.41457751080628463,1.5498727250225115,2.80809751971965,2.3095312778207853,-1.1947611071698243,0,-0.3302265030874561,1.117217699907012,-0.21721525308300088
2019-10-29 00:00:00-04:00,-0.3989611499313186,0.01561636087496604,-1.5342563641475455,2.0897124959103364,0.30509919947389363,1,-0.7700999717107684,1.0653521918230677,-0.21321143059210618
2019-10-30 00:00:00-04:00,0.5747171794433894,0.973678329374708,0.958061968499742,1.7586658001898565,-0.6538519025597805,0,-1.1991590750553325,1.629232487552809,-0.3231483081925351
